h_avg_gf,h_avg_ga,h_gdiff,h_wr,h_gp,h_avg_ballPossession,h_avg_shotsOnGoal,h_avg_shotsOffGoal,h_avg_totalShotsOnGoal,h_avg_totalShotsInsideBox,h_avg_totalShotsOutsideBox,h_avg_blockedScoringAttempt,h_avg_cornerKicks,h_avg_fouls,h_avg_freeKicks,h_avg_offsides,h_avg_goalKicks,h_avg_goalkeeperSaves,h_avg_throwIns,h_avg_yellowCards,h_avg_hitWoodwork,h_avg_passes,h_avg_accuratePasses,h_avg_accurateLongBalls,h_avg_accurateCross,h_avg_totalTackle,h_avg_interceptionWon,h_avg_totalClearance,h_avg_dispossessed,h_avg_duelWonPercent,h_avg_groundDuelsPercentage,h_avg_aerialDuelsPercentage,h_avg_dribblesPercentage,h_avg_bigChanceCreated,h_avg_wonTacklePercent,h_avg_finalThirdEntries,h_avg_ballRecovery,h_avg_fouledFinalThird,h_avg_xgf,h_avg_xga,a_avg_gf,a_avg_ga,a_gdiff,a_wr,a_gp,a_avg_ballPossession,a_avg_shotsOnGoal,a_avg_shotsOffGoal,a_avg_totalShotsOnGoal,a_avg_totalShotsInsideBox,a_avg_totalShotsOutsideBox,a_avg_blockedScoringAttempt,a_avg_cornerKicks,a_avg_fouls,a_avg_freeKicks,a_avg_offsides,a_avg_goalKicks,a_avg_goalkeeperSaves,a_avg_throwIns,a_avg_yellowCards,a_avg_hitWoodwork,a_avg_passes,a_avg_accuratePasses,a_avg_accurateLongBalls,a_avg_accurateCross,a_avg_totalTackle,a_avg_interceptionWon,a_avg_totalClearance,a_avg_dispossessed,a_avg_duelWonPercent,a_avg_groundDuelsPercentage,a_avg_aerialDuelsPercentage,a_avg_dribblesPercentage,a_avg_bigChanceCreated,a_avg_wonTacklePercent,a_avg_finalThirdEntries,a_avg_ballRecovery,a_avg_fouledFinalThird,a_avg_xgf,a_avg_xga,elo_h,elo_a,elo_d,elo_d_with_bonus,elo_logistic_pred,elo_h_internal,elo_a_internal,mv_h,mv_a,mv_d,mv_ratio,is_home,is_neutral,k,tgt_h,tgt_a,date,home,away,venue,relo_h,relo_a,has_real,se_real,se_rf,min_elo
0.5333333333333333,2.0,-1.4666666666666668,0.3,15,38.75,1.0,3.6,6.0,1.5,1.0,1.6666666666666667,1.6,16.25,7.25,1.0,13.333333333333334,6.0,14.666666666666666,1.8,0.0,204.5,143.5,15.0,0.5,7.0,19.0,22.5,4.0,34.0,27.5,18.5,6.0,,,,,,0.225,1.5550000000000002,2.4,0.9333333333333333,1.4666666666666666,0.8,15,53.5,6.25,7.083333333333333,16.25,10.666666666666666,5.583333333333333,2.8333333333333335,6.583333333333333,8.916666666666666,10.5,2.1666666666666665,6.25,1.9166666666666667,22.583333333333332,1.3333333333333333,0.5833333333333334,442.6666666666667,361.5,28.5,7.833333333333333,12.083333333333334,9.916666666666666,16.083333333333332,7.416666666666667,50.833333333333336,31.666666666666668,16.916666666666668,7.25,2.888888888888889,9.6,54.9,47.1,2.3,2.76,0.23,920.0,1324.0,-404.0,-304.0,0.14805165414742621,876.1212344971474,1384.7967618050702,6.072617476545236,6.458033192496506,-0.3854157159512699,0.9403199543168842,1,0,50,0.0,1.0,2025-10-14,Nepal,Vietnam,home,920.0,1324.0,True,0.021919292295789105,0.03732706344239124,920.0
1.0666666666666667,2.533333333333333,-1.4666666666666666,0.36666666666666664,15,46.714285714285715,4.142857142857143,5.714285714285714,13.285714285714286,6.714285714285714,6.571428571428571,3.4285714285714284,1.75,10.375,6.375,2.1666666666666665,11.714285714285714,3.857142857142857,20.0,1.625,0.2857142857142857,335.57142857142856,256.42857142857144,24.857142857142858,4.142857142857143,12.714285714285714,10.428571428571429,18.142857142857142,9.0,44.714285714285715,31.714285714285715,12.428571428571429,7.428571428571429,1.8,12.2,54.8,49.2,1.4,1.815,0.655,2.0,1.6666666666666667,0.33333333333333326,0.5333333333333333,15,48.0,2.8,5.4,11.0,6.6,4.4,2.8,1.6666666666666667,6.833333333333333,8.833333333333334,1.6,10.0,6.2,17.166666666666668,1.1666666666666667,0.2,440.4,357.2,27.4,3.8,8.6,7.8,20.4,7.4,50.2,40.4,17.6,10.0,0.3333333333333333,7.666666666666667,44.666666666666664,52.666666666666664,2.0,2.1333333333333333,1.16,1228.0,1437.0,-209.0,-109.0,0.34808796012533627,942.1097576808555,1398.7754017662835,6.203848463746235,6.559906625036112,-0.35605816128987744,0.9457220686753423,1,0,50,0.0,3.0,2025-10-14,Myanmar,Syria,home,1228.0,1437.0,True,0.1211652279842177,0.13121762334829332,1228.0
0.9333333333333333,1.5333333333333334,-0.6000000000000001,0.3333333333333333,15,44.22222222222222,1.75,3.25,7.714285714285714,3.0,4.0,1.8571428571428572,2.9,10.333333333333334,3.5555555555555554,1.3333333333333333,13.125,6.571428571428571,17.75,1.1,0.3333333333333333,329.0,254.66666666666666,22.0,0.8333333333333334,3.6666666666666665,15.5,22.666666666666668,6.166666666666667,29.666666666666668,35.333333333333336,8.833333333333334,11.0,,,,,,1.00125,2.6412500000000003,1.7333333333333334,1.4,0.3333333333333335,0.6,15,53.333333333333336,4.5,6.25,15.0,7.666666666666667,7.333333333333333,2.3333333333333335,4.5,10.6,5.2,1.4,4.0,2.0,19.666666666666668,2.3333333333333335,0.6666666666666666,499.3333333333333,426.0,23.666666666666668,7.666666666666667,5.333333333333333,12.333333333333334,16.0,8.333333333333334,40.666666666666664,44.0,14.666666666666666,19.0,,,,,,1.335,0.9675,866.0,1285.0,-419.0,-319.0,0.13748809600868891,868.1257377856035,1332.3278405563906,5.7979596437371965,6.61066016308988,-0.8127005193526831,0.8770621240083805,1,0,50,0.0,3.0,2025-10-14,Maldives,Tajikistan,home,866.0,1285.0,True,0.018902976544094462,0.027700759306854342,866.0
1.7333333333333334,1.6666666666666667,0.06666666666666665,0.4666666666666667,15,55.0,4.7,4.9,12.6,8.3,4.3,2.8,5.3,10.8,10.7,2.1,7.9,2.8,18.3,2.4,0.3,452.0,375.5,22.5,3.7,11.6,7.6,15.5,7.1,50.9,41.1,12.5,11.9,1.7142857142857142,11.714285714285714,55.285714285714285,50.857142857142854,2.0,2.1033333333333335,0.5066666666666667,0.7333333333333333,2.6,-1.8666666666666667,0.23333333333333334,15,42.25,3.0,3.6666666666666665,9.0,4.875,3.25,2.2222222222222223,2.6,7.222222222222222,5.777777777777778,1.3333333333333333,11.11111111111111,3.5555555555555554,23.333333333333332,1.2727272727272727,0.25,380.125,301.75,15.5,1.125,13.75,13.5,22.0,8.0,38.625,35.25,5.5,8.125,0.25,15.5,29.5,43.75,0.75,1.1425,1.1724999999999999,1138.0,684.0,454.0,554.0,0.9604212774283489,1133.2506410293788,651.3541797453717,6.5204835327407915,5.783903579272735,0.7365799534680564,1.1273499710658512,1,0,50,3.0,1.0,2025-10-14,Philippines,East Timor,home,1138.0,684.0,True,0.0015664752804037218,0.007696570055353839,684.0
2.066666666666667,1.6,0.4666666666666668,0.5,15,53.76923076923077,5.153846153846154,4.923076923076923,13.5,8.25,5.25,2.8333333333333335,3.6923076923076925,13.25,16.5,1.6363636363636365,7.583333333333333,2.5833333333333335,19.833333333333332,2.0,0.6666666666666666,412.5833333333333,341.5,29.333333333333332,2.8333333333333335,15.75,6.666666666666667,15.916666666666666,5.583333333333333,53.083333333333336,37.25,5.833333333333333,5.333333333333333,2.0833333333333335,11.75,56.25,45.083333333333336,3.8333333333333335,1.22,2.02,1.8,0.5333333333333333,1.2666666666666666,0.7333333333333333,15,62.0,4.933333333333334,4.866666666666666,12.066666666666666,8.066666666666666,4.0,2.2666666666666666,4.2,10.0,14.066666666666666,1.8461538461538463,5.133333333333334,2.0,15.4,1.5333333333333334,0.2,598.6666666666666,532.2,27.266666666666666,3.4,15.333333333333334,9.4,14.066666666666666,7.933333333333334,52.93333333333333,35.13333333333333,9.4,6.4,2.933333333333333,9.6,56.666666666666664,46.333333333333336,2.8,2.09,0.8700000000000001,1133.0,2111.0,-978.0,-878.0,0.006342155201019844,1194.2992006601025,2172.256882390544,6.0417873189717515,8.423081958297232,-2.38129463932548,0.7172893899032093,1,0,20,0.0,6.0,2025-10-15,Puerto Rico,Argentina,home,1133.0,2111.0,True,4.0222932593823064e-05,0.003248134456051922,1133.0
1.8666666666666667,1.4666666666666666,0.40000000000000013,0.5666666666666667,15,59.333333333333336,5.4,4.066666666666666,12.733333333333333,8.933333333333334,3.8,3.2666666666666666,5.133333333333334,11.666666666666666,10.2,1.9230769230769231,5.266666666666667,2.6666666666666665,19.2,1.7333333333333334,0.6,543.4666666666667,474.53333333333336,24.6,3.6666666666666665,14.866666666666667,6.933333333333334,19.2,9.2,49.86666666666667,31.6,11.733333333333333,6.666666666666667,2.7333333333333334,9.6,55.86666666666667,44.13333333333333,2.066666666666667,1.8493333333333333,1.094,1.8666666666666667,0.5333333333333333,1.3333333333333335,0.8,15,50.2,3.6666666666666665,3.8666666666666667,9.733333333333333,7.333333333333333,2.4,2.2,4.2,8.928571428571429,10.933333333333334,1.6428571428571428,6.866666666666666,2.3333333333333335,23.666666666666668,1.6153846153846154,0.3333333333333333,440.0,363.46666666666664,25.8,4.133333333333334,11.866666666666667,8.533333333333333,20.666666666666668,9.8,50.2,28.0,18.6,5.933333333333334,2.769230769230769,7.666666666666667,49.13333333333333,45.333333333333336,2.142857142857143,0.8266666666666667,1.4433333333333334,1712.0,1794.0,-82.0,18.0,0.525880930891169,1731.0111000456216,1816.1799562068686,8.165244326125311,7.438621448045396,0.7266228780799153,1.0976824648431123,1,0,20,2.0,1.0,2025-10-15,USA,Australia,home,1712.0,1794.0,True,0.22478889169262442,0.2273673296466703,1712.0
1.8666666666666667,1.5333333333333334,0.33333333333333326,0.5333333333333333,15,48.888888888888886,5.111111111111111,5.777777777777778,14.444444444444445,9.333333333333334,5.111111111111111,3.5555555555555554,4.0,10.375,9.88888888888889,1.75,5.555555555555555,2.2222222222222223,18.77777777777778,2.0,0.4444444444444444,371.0,308.55555555555554,24.77777777777778,3.888888888888889,16.0,6.777777777777778,15.88888888888889,8.222222222222221,55.0,33.666666666666664,11.777777777777779,8.0,2.888888888888889,9.88888888888889,53.333333333333336,44.666666666666664,2.125,1.3824999999999998,1.15,1.9333333333333333,2.533333333333333,-0.5999999999999999,0.43333333333333335,15,52.61538461538461,5.769230769230769,4.153846153846154,12.076923076923077,8.23076923076923,3.8461538461538463,2.1538461538461537,4.384615384615385,12.416666666666666,13.153846153846153,1.8333333333333333,8.384615384615385,3.6153846153846154,18.846153846153847,1.4285714285714286,0.6923076923076923,368.2307692307692,298.84615384615387,23.153846153846153,3.4615384615384617,15.153846153846153,8.076923076923077,19.0,9.846153846153847,48.38461538461539,34.69230769230769,8.076923076923077,6.846153846153846,2.6153846153846154,10.153846153846153,50.46153846153846,46.46153846153846,3.4615384615384617,2.0316666666666667,1.7733333333333334,1539.0,1123.0,416.0,516.0,0.9512158141101019,1525.1097461228514,1130.107754676024,7.08188713942355,5.713490543093942,1.3683965963296076,1.2395027323504766,1,0,40,4.0,0.0,2025-10-15,Jamaica,Bermuda,home,1539.0,1123.0,True,0.002379896792940131,0.009155368588871072,1123.0
2.3333333333333335,1.3333333333333333,1.0000000000000002,0.6666666666666666,15,51.4,4.4,4.333333333333333,11.666666666666666,7.8,3.8666666666666667,2.933333333333333,5.466666666666667,15.785714285714286,16.066666666666666,2.142857142857143,4.2,1.5333333333333334,21.6,2.5,0.4,366.8666666666667,291.93333333333334,18.066666666666666,3.6666666666666665,18.066666666666666,8.466666666666667,15.2,8.333333333333334,52.4,38.93333333333333,12.866666666666667,5.533333333333333,2.857142857142857,11.666666666666666,59.6,43.53333333333333,3.2666666666666666,1.8916666666666666,0.9775,1.8,1.0666666666666667,0.7333333333333334,0.5333333333333333,15,56.2,5.4,5.466666666666667,13.733333333333333,9.0,4.733333333333333,2.8666666666666667,4.333333333333333,13.6,11.466666666666667,2.1333333333333333,7.133333333333334,2.8,18.2,1.9333333333333333,0.4666666666666667,437.06666666666666,373.06666666666666,25.133333333333333,5.2,14.866666666666667,7.4,16.333333333333332,8.933333333333334,49.4,32.53333333333333,12.466666666666667,7.0,3.2,9.466666666666667,53.733333333333334,43.333333333333336,2.533333333333333,1.1966666666666665,0.8766666666666666,1789.0,1988.0,-199.0,-99.0,0.3612622508882752,1751.8554364842926,2014.5106312547214,8.001517376823504,8.247973266361807,-0.24645588953830355,0.9701192181910386,1,0,20,0.0,0.0,2025-10-15,Canada,Colombia,home,1789.0,1988.0,True,0.0192481630285879,0.017289755192018214,1789.0
1.1333333333333333,1.0,0.1333333333333333,0.5,15,48.214285714285715,3.357142857142857,4.642857142857143,12.23076923076923,7.230769230769231,5.0,4.230769230769231,5.357142857142857,14.76923076923077,13.285714285714286,1.7142857142857142,8.0,1.9230769230769231,22.23076923076923,2.357142857142857,0.3076923076923077,360.61538461538464,285.6923076923077,17.307692307692307,3.6153846153846154,16.846153846153847,7.769230769230769,19.384615384615383,7.846153846153846,49.07692307692308,33.92307692307692,13.153846153846153,5.153846153846154,1.6153846153846154,11.0,54.0,40.30769230769231,2.076923076923077,1.3542857142857143,0.8614285714285714,1.6666666666666667,1.7333333333333334,-0.06666666666666665,0.5,15,48.583333333333336,3.25,4.5,11.454545454545455,6.545454545454546,4.909090909090909,3.5454545454545454,4.166666666666667,12.583333333333334,12.0,2.5,9.0,3.6363636363636362,20.0,1.8333333333333333,0.18181818181818182,370.45454545454544,303.54545454545456,21.0,4.090909090909091,14.636363636363637,6.0,22.727272727272727,7.363636363636363,47.54545454545455,31.363636363636363,11.909090909090908,5.818181818181818,1.5,9.636363636363637,46.63636363636363,42.09090909090909,1.3636363636363635,1.0166666666666666,1.5750000000000002,1345.0,1526.0,-181.0,-81.0,0.3854986389914422,1385.9642036510993,1487.4687357572247,6.776701183988411,6.7439015504851785,0.032799633503232783,1.0048635990987846,1,0,40,0.0,1.0,2025-10-15,El Salvador,Guatemala,home,1345.0,1526.0,True,0.1486092006642543,0.1908624874401956,1345.0
1.5333333333333334,1.0666666666666667,0.4666666666666668,0.7,15,56.8,4.933333333333334,4.8,13.0,7.133333333333334,5.866666666666666,3.2666666666666666,4.133333333333334,14.4,12.866666666666667,1.3571428571428572,6.8,1.5333333333333334,19.733333333333334,2.1333333333333333,0.4,478.6,409.26666666666665,22.4,3.933333333333333,17.933333333333334,8.0,22.266666666666666,8.866666666666667,50.86666666666667,36.2,13.666666666666666,6.0,2.642857142857143,11.333333333333334,52.13333333333333,41.13333333333333,2.1333333333333333,1.3033333333333332,0.7906666666666667,0.8666666666666667,0.5333333333333333,0.33333333333333337,0.6,15,52.333333333333336,4.0,3.2,10.466666666666667,5.6,4.866666666666666,3.2666666666666666,3.8666666666666667,12.933333333333334,11.0,2.0,7.533333333333333,2.933333333333333,17.466666666666665,1.5,0.2,433.6666666666667,367.46666666666664,22.0,2.8,15.666666666666666,8.6,20.733333333333334,8.266666666666667,47.93333333333333,33.86666666666667,11.8,7.8,1.8461538461538463,9.066666666666666,53.333333333333336,46.06666666666667,2.6666666666666665,0.89,1.2333333333333334,1847.0,1930.0,-83.0,17.0,0.5244454611206615,1804.1531173057033,1932.6704029892712,7.909020848856107,8.108903127667313,-0.1998822788112058,0.9753502692455144,1,0,20,1.0,1.0,2025-10-15,Mexico,Ecuador,home,1847.0,1930.0,True,0.0005975805694017722,0.007232141708895166,1847.0
1.6,1.4666666666666666,0.13333333333333353,0.5666666666666667,15,55.733333333333334,4.133333333333334,4.066666666666666,12.0,7.933333333333334,4.066666666666666,3.8,5.466666666666667,12.214285714285714,12.2,1.7142857142857142,7.2,2.4,18.266666666666666,1.8571428571428572,0.26666666666666666,453.0,380.73333333333335,28.066666666666666,3.3333333333333335,16.666666666666668,7.466666666666667,17.0,9.733333333333333,51.733333333333334,34.86666666666667,12.066666666666666,6.466666666666667,1.8666666666666667,11.266666666666667,59.53333333333333,42.46666666666667,3.0,1.415,1.4425,1.6666666666666667,1.1333333333333333,0.5333333333333334,0.5666666666666667,15,55.333333333333336,4.533333333333333,4.733333333333333,11.4,8.066666666666666,3.3333333333333335,2.1333333333333333,4.466666666666667,13.266666666666667,13.6,1.6666666666666667,6.933333333333334,2.066666666666667,18.133333333333333,2.0,0.4666666666666667,435.26666666666665,367.3333333333333,26.866666666666667,4.066666666666666,13.0,7.066666666666666,18.8,7.8,51.8,34.4,8.666666666666666,8.733333333333333,2.5,7.666666666666667,60.06666666666667,42.46666666666667,1.7857142857142858,1.5350000000000001,1.865,1723.0,1440.0,283.0,383.0,0.9006730359903561,1700.4471942271075,1391.7851845250411,7.261595898482179,7.100198171834132,0.16139772664804752,1.0227314397066125,1,0,40,1.0,1.0,2025-10-15,Panama,Suriname,home,1723.0,1440.0,True,0.1605388817697292,0.09669956569582895,1440.0
4.0,0.4,3.6,0.9,15,61.93333333333333,8.066666666666666,6.666666666666667,18.733333333333334,13.4,5.333333333333333,4.0,5.933333333333334,12.0,8.733333333333333,2.066666666666667,4.933333333333334,2.066666666666667,18.866666666666667,1.2307692307692308,0.5333333333333333,557.2,483.6666666666667,30.4,4.466666666666667,14.133333333333333,10.666666666666666,11.933333333333334,7.466666666666667,50.13333333333333,27.8,10.466666666666667,5.266666666666667,4.4,10.8,66.8,51.93333333333333,2.857142857142857,2.222857142857143,0.7128571428571429,0.4,1.2,-0.7999999999999999,0.26666666666666666,15,39.666666666666664,2.8,3.533333333333333,8.666666666666666,4.8,3.8666666666666667,2.3333333333333335,2.7333333333333334,12.866666666666667,11.733333333333333,1.8571428571428572,7.6,3.2,18.666666666666668,2.2142857142857144,0.13333333333333333,325.53333333333336,248.46666666666667,20.933333333333334,3.066666666666667,18.533333333333335,8.866666666666667,18.266666666666666,7.733333333333333,49.13333333333333,34.333333333333336,12.466666666666667,5.133333333333334,0.9285714285714286,12.2,45.53333333333333,44.666666666666664,1.1428571428571428,0.42333333333333334,1.9000000000000001,1922.0,1703.0,219.0,319.0,0.8625119039913111,1822.0910101777683,1716.25175887242,7.967547976218862,7.198519630241168,0.7690283459776941,1.1068314577829288,1,0,20,1.0,1.0,2025-11-12,Russia,Peru,home,1922.0,1703.0,True,0.13141488053540554,0.10707264755239757,1703.0
1.1333333333333333,1.8,-0.6666666666666667,0.36666666666666664,15,52.77777777777778,3.5,5.3,11.5,5.8,5.7,2.7,4.1,14.88888888888889,14.0,2.0,7.888888888888889,3.0,17.555555555555557,2.25,0.6,379.6666666666667,310.8888888888889,29.333333333333332,3.0,13.222222222222221,7.666666666666667,15.333333333333334,10.444444444444445,48.666666666666664,32.666666666666664,10.444444444444445,5.777777777777778,2.0,9.222222222222221,54.111111111111114,46.55555555555556,2.888888888888889,1.2,1.6549999999999998,1.4,1.4666666666666666,-0.06666666666666665,0.6333333333333333,15,41.44444444444444,3.8,3.6,9.5,5.8,3.7,2.1,4.076923076923077,11.11111111111111,13.333333333333334,1.5555555555555556,9.444444444444445,4.0,16.88888888888889,0.9166666666666666,0.1,307.1111111111111,227.55555555555554,24.77777777777778,4.333333333333333,15.11111111111111,7.222222222222222,18.11111111111111,6.555555555555555,50.333333333333336,34.111111111111114,10.0,5.888888888888889,1.6666666666666667,11.0,55.888888888888886,48.666666666666664,3.3333333333333335,1.0150000000000001,1.8224999999999998,1180.0,1038.0,142.0,242.0,0.8010809398289457,1233.1493483191005,1075.4388286951064,,,,,1,0,20,3.0,0.0,2025-11-12,Cuba,Saint Lucia,home,1180.0,1038.0,True,0.03956879249933553,0.06784107730083767,1038.0
1.6,0.8,0.8,0.6333333333333333,15,59.333333333333336,4.5,4.7,12.1,8.0,4.1,2.9,7.4,16.555555555555557,15.9,2.6,6.555555555555555,1.8888888888888888,20.22222222222222,1.9230769230769231,0.4,489.1111111111111,421.8888888888889,30.666666666666668,5.777777777777778,18.0,8.555555555555555,11.11111111111111,10.444444444444445,51.44444444444444,38.44444444444444,11.88888888888889,5.777777777777778,2.111111111111111,10.333333333333334,62.77777777777778,44.0,4.0,1.0,0.8716666666666666,0.6,0.7333333333333333,-0.1333333333333333,0.5333333333333333,15,45.833333333333336,3.3333333333333335,4.166666666666667,9.166666666666666,3.1666666666666665,6.0,1.6666666666666667,3.5,12.5,19.833333333333332,2.0,6.833333333333333,2.5,15.5,1.6363636363636365,0.16666666666666666,355.1666666666667,276.5,25.0,2.0,13.333333333333334,12.833333333333334,22.333333333333332,6.833333333333333,51.5,36.333333333333336,16.0,5.333333333333333,0.6666666666666666,9.166666666666666,59.333333333333336,44.5,4.0,1.11,0.85,1643.0,1342.0,301.0,401.0,0.909565530807434,1648.1072604083201,1408.2768463138232,7.063145637106638,6.312388949370592,0.7507566877360459,1.118933844818118,1,0,20,1.0,1.0,2025-11-12,Tunisia,Mauritania,home,1643.0,1342.0,True,0.16774392402557514,0.13088057113740137,1342.0
1.2666666666666666,4.0,-2.7333333333333334,0.16666666666666666,15,38.45454545454545,3.076923076923077,2.1538461538461537,7.3076923076923075,3.769230769230769,3.5384615384615383,2.076923076923077,3.2,10.181818181818182,10.454545454545455,1.8181818181818181,12.909090909090908,5.818181818181818,17.181818181818183,1.0666666666666667,0.07692307692307693,272.0,201.45454545454547,23.636363636363637,2.090909090909091,19.09090909090909,7.818181818181818,23.0,7.181818181818182,48.36363636363637,34.63636363636363,7.090909090909091,5.363636363636363,1.4545454545454546,12.909090909090908,41.36363636363637,44.0,2.0,1.8075,2.79,0.8,2.6,-1.8,0.23333333333333334,15,33.888888888888886,2.111111111111111,1.8888888888888888,5.75,3.0,2.75,1.625,1.4545454545454546,9.75,10.5,0.42857142857142855,14.5,5.0,17.875,1.3333333333333333,0.0,223.125,145.5,17.25,0.875,18.375,11.25,29.125,6.5,48.625,34.625,6.875,6.125,0.2857142857142857,11.75,35.375,44.5,2.142857142857143,1.0075,1.7275,782.0,635.0,147.0,247.0,0.8056276940436502,756.080473512354,574.8004200514739,,,,,1,0,20,1.0,2.0,2025-11-12,Bahamas,Anguilla,home,782.0,635.0,True,0.6490359814100892,0.5659698734884376,635.0
1.6,0.5333333333333333,1.0666666666666669,0.7,15,49.266666666666666,4.4,3.6666666666666665,11.466666666666667,6.533333333333333,4.933333333333334,3.4,3.8,9.714285714285714,13.533333333333333,2.4,9.733333333333333,2.8,19.2,2.466666666666667,0.2,407.73333333333335,328.46666666666664,25.666666666666668,3.066666666666667,14.866666666666667,7.4,25.4,8.2,51.13333333333333,34.666666666666664,11.4,7.6,2.3333333333333335,9.933333333333334,56.333333333333336,45.733333333333334,1.9333333333333333,1.2900000000000003,1.1500000000000001,0.6,1.6,-1.0,0.3333333333333333,15,43.92307692307692,2.0,3.2142857142857144,7.571428571428571,5.153846153846154,3.0,2.357142857142857,2.857142857142857,10.071428571428571,9.428571428571429,1.3571428571428572,9.0,3.076923076923077,17.214285714285715,1.7857142857142858,0.07692307692307693,405.53846153846155,331.15384615384613,23.846153846153847,3.3846153846153846,15.384615384615385,7.384615384615385,26.692307692307693,5.384615384615385,51.0,28.76923076923077,14.076923076923077,4.384615384615385,1.25,8.846153846153847,43.92307692307692,41.53846153846154,1.3846153846153846,0.8421428571428572,1.6764285714285714,1518.0,1278.0,240.0,340.0,0.8762293189310646,1640.4360600893817,1294.0635466557974,7.0948203803548,6.727541257028556,0.36727912332624335,1.0545933661785472,1,0,20,0.0,0.0,2025-11-13,North Macedonia,Latvia,home,1518.0,1278.0,True,0.14154850042333272,0.07130011805386509,1278.0
0.8,2.4,-1.5999999999999999,0.3333333333333333,15,42.25,3.25,4.583333333333333,11.166666666666666,6.5,4.666666666666667,3.3333333333333335,3.75,13.454545454545455,12.833333333333334,1.4545454545454546,9.0,3.909090909090909,18.833333333333332,1.9166666666666667,0.16666666666666666,356.4166666666667,273.5833333333333,25.333333333333332,4.333333333333333,15.25,9.583333333333334,23.666666666666668,7.166666666666667,51.166666666666664,33.25,18.666666666666668,5.75,1.0,8.75,47.25,46.333333333333336,2.25,1.0527272727272727,2.3109090909090906,2.3333333333333335,1.5333333333333334,0.8,0.6666666666666666,15,54.6,5.666666666666667,5.666666666666667,15.533333333333333,10.466666666666667,5.066666666666666,4.2,5.0,11.428571428571429,13.0,1.3076923076923077,6.333333333333333,2.3333333333333335,16.8,1.7142857142857142,0.6,515.0,451.2,23.866666666666667,5.533333333333333,14.6,6.533333333333333,16.666666666666668,6.4,52.333333333333336,32.0,9.266666666666667,4.733333333333333,3.4,8.866666666666667,52.2,41.46666666666667,2.8666666666666667,1.9693333333333334,1.1113333333333335,1307.0,1904.0,-597.0,-497.0,0.054117436910477636,1303.9718958537424,1929.4210471803083,6.916717077598812,8.464787519645936,-1.5480704420471243,0.8171164440390021,1,0,40,0.0,2.0,2025-11-13,Moldova,Italy,home,1307.0,1904.0,True,0.002928696977759527,0.0029691593310105574,1307.0
0.9333333333333333,2.1333333333333333,-1.2,0.1,15,47.214285714285715,2.8666666666666667,4.0,8.4,4.857142857142857,4.142857142857143,1.5333333333333334,2.1333333333333333,15.266666666666667,14.2,1.4545454545454546,6.466666666666667,2.933333333333333,18.866666666666667,1.9333333333333333,0.2857142857142857,372.07142857142856,287.7142857142857,25.071428571428573,2.9285714285714284,13.857142857142858,9.5,28.571428571428573,8.357142857142858,47.92857142857143,33.857142857142854,18.642857142857142,5.214285714285714,1.0,8.5,54.857142857142854,47.214285714285715,3.0714285714285716,0.8713333333333334,1.4973333333333332,1.6666666666666667,2.1333333333333333,-0.46666666666666656,0.43333333333333335,15,44.357142857142854,4.357142857142857,3.2857142857142856,9.785714285714286,5.769230769230769,4.153846153846154,2.142857142857143,3.357142857142857,9.76923076923077,10.5,1.6428571428571428,9.142857142857142,3.357142857142857,13.142857142857142,1.0769230769230769,0.3076923076923077,398.3076923076923,333.61538461538464,19.76923076923077,1.3076923076923077,18.76923076923077,7.769230769230769,24.692307692307693,6.3076923076923075,50.61538461538461,34.69230769230769,7.461538461538462,5.846153846153846,1.6923076923076923,11.692307692307692,35.61538461538461,41.38461538461539,1.3076923076923077,1.126153846153846,2.137692307692307,1272.0,1621.0,-349.0,-249.0,0.19257581832872078,1259.038286599543,1608.002469927585,7.058615797010562,7.591287265058499,-0.532671468047937,0.9298312065596911,1,0,20,0.0,0.0,2025-11-13,Lithuania,Israel,home,1272.0,1621.0,True,0.09450962747625569,0.027408186641129265,1272.0
0.8,1.5333333333333334,-0.7333333333333334,0.43333333333333335,15,42.53333333333333,3.4,4.333333333333333,9.8,6.933333333333334,2.8666666666666667,2.066666666666667,3.2666666666666666,11.571428571428571,10.466666666666667,2.090909090909091,7.733333333333333,3.6666666666666665,18.866666666666667,2.6923076923076925,0.26666666666666666,385.6,310.73333333333335,20.866666666666667,5.2,13.466666666666667,6.6,18.066666666666666,7.8,49.86666666666667,28.533333333333335,15.933333333333334,5.333333333333333,1.8571428571428572,8.2,49.8,42.93333333333333,1.6,1.1885714285714284,1.6285714285714288,2.7333333333333334,1.5333333333333334,1.2,0.7666666666666667,15,60.46666666666667,5.866666666666666,7.0,17.2,11.6,5.6,4.333333333333333,6.6,11.461538461538462,10.266666666666667,2.466666666666667,5.933333333333334,3.3333333333333335,17.733333333333334,2.0,0.7333333333333333,625.8666666666667,568.4666666666667,24.066666666666666,5.2,14.333333333333334,6.6,17.066666666666666,6.133333333333334,50.06666666666667,32.666666666666664,9.866666666666667,8.666666666666666,3.933333333333333,8.866666666666667,62.13333333333333,45.2,2.4,2.2820000000000005,1.2893333333333332,1607.0,2026.0,-419.0,-319.0,0.13748809600868891,1612.8773384023757,2080.9205639230972,8.143405177342764,8.692141609366784,-0.54873643202402,0.9368698237229944,1,0,40,2.0,0.0,2025-11-13,Ireland,Portugal,home,1607.0,2026.0,True,0.7439267845267166,0.621107862859453,1607.0
2.3333333333333335,1.4666666666666666,0.8666666666666669,0.6666666666666666,15,58.2,6.666666666666667,7.2,18.533333333333335,12.733333333333333,5.8,4.666666666666667,6.666666666666667,11.2,12.533333333333333,1.0,4.6,2.066666666666667,18.666666666666668,2.142857142857143,0.4,579.2666666666667,516.4666666666667,23.8,5.333333333333333,16.066666666666666,7.2,12.533333333333333,10.333333333333334,52.266666666666666,38.266666666666666,12.066666666666666,10.0,3.2,10.2,68.26666666666667,48.733333333333334,3.4,2.0713333333333335,1.1686666666666667,1.5333333333333334,1.6,-0.06666666666666665,0.5333333333333333,15,49.07142857142857,4.714285714285714,4.928571428571429,12.857142857142858,7.642857142857143,5.214285714285714,3.2142857142857144,4.714285714285714,12.071428571428571,10.357142857142858,1.6923076923076923,9.142857142857142,2.5714285714285716,16.714285714285715,2.076923076923077,0.2857142857142857,429.0,355.42857142857144,23.357142857142858,4.214285714285714,18.428571428571427,7.714285714285714,20.142857142857142,6.214285714285714,51.07142857142857,33.57142857142857,11.642857142857142,5.428571428571429,2.4615384615384617,11.142857142857142,53.07142857142857,43.642857142857146,1.7142857142857142,1.3407142857142857,1.3728571428571428,2052.0,1797.0,255.0,355.0,0.8852936760540788,2080.0817389435997,1790.1914242542807,8.892539804658636,8.122215878272828,0.7703239263858084,1.09484159716149,1,0,40,4.0,0.0,2025-11-13,France,Ukraine,home,2052.0,1797.0,True,0.013157540753186609,0.018764548952777755,1797.0
3.1333333333333333,0.9333333333333333,2.2,0.8,15,56.6,6.466666666666667,5.8,17.6,12.933333333333334,4.666666666666667,5.333333333333333,5.8,8.928571428571429,10.0,0.9230769230769231,4.866666666666666,2.0,15.6,1.0,0.8,535.8666666666667,473.93333333333334,21.8,5.0,12.733333333333333,6.6,14.133333333333333,9.133333333333333,52.13333333333333,34.0,12.533333333333333,11.533333333333333,4.0,8.8,60.86666666666667,46.06666666666667,2.357142857142857,2.630714285714286,0.7721428571428571,1.0,2.0,-1.0,0.3,15,38.15384615384615,2.2857142857142856,2.357142857142857,6.571428571428571,3.3846153846153846,3.5384615384615383,1.9285714285714286,2.0,12.714285714285714,8.142857142857142,1.3333333333333333,8.857142857142858,5.285714285714286,15.357142857142858,2.5,0.38461538461538464,335.6923076923077,259.84615384615387,25.153846153846153,1.8461538461538463,14.692307692307692,9.846153846153847,32.53846153846154,5.923076923076923,45.38461538461539,28.23076923076923,11.692307692307692,5.461538461538462,0.7692307692307693,8.384615384615385,44.92307692307692,43.69230769230769,1.25,0.7842857142857144,2.4071428571428575,1872.0,1343.0,529.0,629.0,0.9739366223620762,1878.7666299242417,1355.0109047529963,8.59464664328383,6.924020700474068,1.670625942809763,1.2412797441081278,1,0,40,4.0,1.0,2025-11-13,Norway,Estonia,home,1872.0,1343.0,True,0.0006792996538970247,0.007367849561285335,1343.0
2.6,0.5333333333333333,2.066666666666667,0.8,15,68.86666666666666,6.666666666666667,5.133333333333334,16.533333333333335,11.466666666666667,5.0,4.733333333333333,7.0,8.666666666666666,11.266666666666667,1.25,4.066666666666666,1.5333333333333334,14.066666666666666,1.6923076923076923,0.3333333333333333,667.2666666666667,609.3333333333334,21.4,4.733333333333333,12.866666666666667,5.8,10.533333333333333,5.866666666666666,54.93333333333333,33.46666666666667,10.2,9.666666666666666,3.9285714285714284,8.333333333333334,79.0,42.733333333333334,3.0714285714285716,2.329333333333333,0.6140000000000001,0.8666666666666667,0.9333333333333333,-0.06666666666666665,0.5333333333333333,15,45.0,3.2,5.333333333333333,11.2,7.4,3.8,2.6666666666666665,4.2,11.857142857142858,10.466666666666667,1.3076923076923077,7.4,3.466666666666667,15.733333333333333,2.2857142857142856,0.26666666666666666,405.8666666666667,339.6666666666667,26.2,5.0,15.333333333333334,6.6,25.533333333333335,8.8,49.46666666666667,30.666666666666668,13.866666666666667,5.533333333333333,1.7333333333333334,9.0,49.733333333333334,44.666666666666664,1.5333333333333334,1.1813333333333333,1.5206666666666666,2024.0,1813.0,211.0,311.0,0.8569591392644484,2058.959603282448,1778.5473400427604,8.8252313231999,8.157758886046864,0.6674724371530356,1.0818205645051227,1,0,40,2.0,0.0,2025-11-13,England,Serbia,home,2024.0,1813.0,True,0.020460687839967455,0.03432547775561071,1813.0
1.5333333333333334,1.2666666666666666,0.26666666666666683,0.6,15,50.86666666666667,5.466666666666667,5.133333333333334,14.333333333333334,9.4,4.866666666666666,3.7333333333333334,5.533333333333333,14.8,10.133333333333333,2.0,6.133333333333334,2.533333333333333,20.6,2.4,0.3333333333333333,410.26666666666665,329.4,27.733333333333334,7.0,14.266666666666667,8.666666666666666,19.8,6.333333333333333,49.13333333333333,29.0,18.4,5.333333333333333,2.6,8.066666666666666,60.6,50.13333333333333,2.2666666666666666,1.6913333333333331,1.142666666666667,0.5333333333333333,3.0,-2.466666666666667,0.16666666666666666,15,35.75,2.0833333333333335,3.25,7.083333333333333,4.545454545454546,2.5454545454545454,1.75,3.0,14.916666666666666,15.333333333333334,0.9166666666666666,9.916666666666666,3.8333333333333335,19.083333333333332,2.9166666666666665,0.18181818181818182,285.0,209.27272727272728,19.90909090909091,2.1818181818181817,16.636363636363637,9.363636363636363,28.272727272727273,9.545454545454545,48.0,37.54545454545455,9.818181818181818,6.454545454545454,1.5,10.818181818181818,36.18181818181818,46.81818181818182,1.6363636363636365,0.8245454545454547,2.8490909090909096,1844.0,833.0,1011.0,1111.0,0.9983336136712032,1748.5048681979683,782.6959459602151,7.72936730519278,5.8221680793680175,1.9071992258247628,1.3275754323519606,1,0,20,1.0,0.0,2025-11-13,Czechia,San Marino,home,1844.0,833.0,True,2.7768433968008346e-06,0.0024671028675009887,833.0
0.6,2.466666666666667,-1.8666666666666667,0.16666666666666666,15,42.69230769230769,3.5384615384615383,3.3076923076923075,9.615384615384615,5.0,3.4166666666666665,2.769230769230769,4.230769230769231,10.076923076923077,12.153846153846153,1.5384615384615385,10.153846153846153,4.153846153846154,18.53846153846154,2.3076923076923075,0.5,369.6666666666667,292.1666666666667,22.0,2.5,15.083333333333334,8.5,25.416666666666668,7.5,50.0,33.916666666666664,9.25,7.166666666666667,2.0,9.75,42.333333333333336,44.666666666666664,1.8333333333333333,1.2558333333333336,2.4533333333333336,1.7333333333333334,2.2,-0.4666666666666668,0.3333333333333333,15,47.4,3.8,3.6,9.4,5.333333333333333,4.066666666666666,2.0,3.4,12.4,10.4,0.8666666666666667,6.533333333333333,4.066666666666666,16.666666666666668,2.2142857142857144,0.26666666666666666,422.4,343.8666666666667,22.933333333333334,3.466666666666667,13.466666666666667,7.533333333333333,24.2,4.866666666666666,48.46666666666667,28.6,12.866666666666667,5.4,1.9333333333333333,8.2,50.8,44.93333333333333,2.1333333333333333,1.2228571428571429,1.9492857142857143,1363.0,1558.0,-195.0,-95.0,0.3665922999288324,1374.0530190565428,1581.9328988337143,7.019116290447073,7.781647684984131,-0.7625313945370582,0.9020090056237732,1,0,40,0.0,2.0,2025-11-13,Azerbaijan,Iceland,home,1363.0,1558.0,True,0.134389914367111,0.13503501998673914,1363.0
1.1333333333333333,2.3333333333333335,-1.2000000000000002,0.3333333333333333,15,50.0,4.615384615384615,4.538461538461538,12.846153846153847,5.75,7.166666666666667,3.6923076923076925,5.230769230769231,9.153846153846153,9.76923076923077,1.5384615384615385,7.846153846153846,2.4615384615384617,20.384615384615383,1.3846153846153846,0.4166666666666667,448.25,373.9166666666667,23.25,2.5,15.583333333333334,10.166666666666666,19.833333333333332,7.833333333333333,47.916666666666664,34.25,9.0,9.083333333333334,1.3333333333333333,9.5,49.5,46.5,1.6666666666666667,1.045,1.365,1.0666666666666667,1.8,-0.7333333333333334,0.43333333333333335,15,42.4,4.333333333333333,5.933333333333334,13.066666666666666,8.533333333333333,4.533333333333333,2.8,4.6,12.928571428571429,11.466666666666667,1.7857142857142858,7.666666666666667,3.1333333333333333,16.666666666666668,2.066666666666667,0.5333333333333333,375.46666666666664,301.93333333333334,21.466666666666665,5.4,16.066666666666666,9.733333333333333,26.133333333333333,5.2,49.06666666666667,30.8,14.8,4.333333333333333,2.6666666666666665,10.533333333333333,44.06666666666667,42.06666666666667,1.7333333333333334,1.4520000000000002,1.7580000000000002,1400.0,1718.0,-318.0,-218.0,0.22185154578086755,1417.556831794617,1748.7284369971499,7.5586485809644675,8.22672875170369,-0.6680801707392217,0.918791515935071,1,0,40,0.0,1.0,2025-11-13,Armenia,Hungary,home,1400.0,1718.0,True,0.04921810836536037,0.13631110202358146,1400.0
0.3333333333333333,1.4666666666666666,-1.1333333333333333,0.16666666666666666,15,30.416666666666668,1.3333333333333333,2.75,5.0,3.0,2.0,0.9166666666666666,1.5,16.90909090909091,11.0,0.9166666666666666,10.833333333333334,3.8,18.166666666666668,2.6363636363636362,0.25,246.75,160.33333333333334,19.666666666666668,1.4166666666666667,12.25,10.083333333333334,30.166666666666668,7.666666666666667,42.083333333333336,26.666666666666668,15.083333333333334,4.5,0.6,7.5,44.083333333333336,41.833333333333336,1.1818181818181819,0.35454545454545455,1.3554545454545452,1.0,0.8,0.19999999999999996,0.5666666666666667,15,48.69230769230769,3.0,4.384615384615385,9.615384615384615,4.846153846153846,4.769230769230769,2.230769230769231,3.076923076923077,9.692307692307692,14.384615384615385,0.6666666666666666,8.461538461538462,2.6923076923076925,17.692307692307693,1.3846153846153846,0.07692307692307693,478.0,414.46153846153845,27.23076923076923,2.5384615384615383,13.307692307692308,7.6923076923076925,21.23076923076923,8.76923076923077,49.69230769230769,34.69230769230769,9.846153846153847,8.0,1.1538461538461537,7.615384615384615,53.38461538461539,39.46153846153846,2.230769230769231,0.7676923076923077,1.2015384615384617,1087.0,1673.0,-586.0,-486.0,0.057451791076642215,1086.1039379121842,1683.3220129978336,6.057666103909829,7.671866788772563,-1.614200684862734,0.78959479754979,1,0,40,0.0,1.0,2025-11-13,Andorra,Albania,home,1087.0,1673.0,True,0.003300708297914146,0.008029570392833302,1087.0
1.4666666666666666,1.1333333333333333,0.33333333333333326,0.5333333333333333,15,53.06666666666667,4.4,4.4,10.933333333333334,7.333333333333333,3.6,2.1333333333333333,4.333333333333333,13.0,13.533333333333333,1.8666666666666667,7.666666666666667,2.3333333333333335,17.133333333333333,1.8666666666666667,0.4,424.06666666666666,354.53333333333336,26.266666666666666,3.6666666666666665,12.933333333333334,7.466666666666667,21.733333333333334,7.6,51.266666666666666,33.93333333333333,9.2,8.533333333333333,2.2142857142857144,7.6,60.0,42.666666666666664,1.6428571428571428,1.5350000000000001,1.865,1.1333333333333333,1.0,0.1333333333333333,0.5,15,49.785714285714285,3.357142857142857,4.857142857142857,12.538461538461538,7.461538461538462,5.076923076923077,4.3076923076923075,5.428571428571429,15.461538461538462,13.428571428571429,1.7857142857142858,7.384615384615385,1.6923076923076923,24.0,2.2857142857142856,0.38461538461538464,367.3076923076923,291.15384615384613,18.923076923076923,3.6923076923076925,16.23076923076923,8.23076923076923,19.076923076923077,8.307692307692308,49.07692307692308,33.30769230769231,14.153846153846153,5.076923076923077,1.6153846153846154,10.615384615384615,57.23076923076923,40.53846153846154,2.3846153846153846,1.3542857142857143,0.8614285714285714,1440.0,1345.0,95.0,195.0,0.7544540419421866,1408.3103277895657,1366.0508109397256,7.083323418473525,6.645422269349092,0.4379011491244329,1.0658951578057243,1,0,40,4.0,0.0,2025-11-13,Suriname,El Salvador,home,1440.0,1345.0,True,0.060292817518529475,0.07434306096665971,1345.0
1.2,2.533333333333333,-1.3333333333333333,0.4,15,,,,,,,,,,,,,,,1.6666666666666667,,,,,,,,,,,,,,,,,,,,,2.3333333333333335,1.9333333333333333,0.40000000000000013,0.4,15,,,,,,,,,,,,,,,1.5,,,,,,,,,,,,,,,,,,,,,1104.0,1126.0,-22.0,78.0,0.6104024220946891,1090.040074567953,1171.1004873616616,,,,,1,0,20,1.0,0.0,2025-11-13,Papua New Guinea,Solomon Islands,home,1104.0,1126.0,True,0.1517862727096848,0.2982263582075089,1104.0
0.8,2.4,-1.5999999999999999,0.3333333333333333,15,40.77777777777778,3.3636363636363638,2.909090909090909,7.818181818181818,4.2727272727272725,3.5454545454545454,1.5454545454545454,3.090909090909091,12.222222222222221,13.666666666666666,1.1111111111111112,10.666666666666666,3.5555555555555554,20.88888888888889,1.75,0.09090909090909091,268.77777777777777,190.66666666666666,23.0,2.3333333333333335,19.444444444444443,5.888888888888889,23.11111111111111,8.222222222222221,49.77777777777778,39.22222222222222,10.777777777777779,6.333333333333333,0.8571428571428571,13.666666666666666,50.55555555555556,44.22222222222222,2.111111111111111,0.81,0.74,0.7333333333333333,2.066666666666667,-1.3333333333333335,0.16666666666666666,15,36.1,2.1,2.2,5.7,3.2,2.5,1.4,1.6,13.5,11.4,1.3333333333333333,11.2,3.0,18.2,2.25,0.2,219.7,144.9,22.9,0.9,20.2,7.1,24.7,5.4,52.0,37.6,11.5,6.5,0.75,14.1,41.9,42.6,1.8,0.3925,1.3375000000000001,795.0,651.0,144.0,244.0,0.8029091701538159,807.3118924911747,622.527087590208,,,,,1,0,20,1.0,2.0,2025-11-13,Cayman Islands,British Virgin Islands,home,795.0,651.0,True,0.6446631355170893,0.4943004358268819,651.0
0.7333333333333333,1.5333333333333334,-0.8000000000000002,0.3333333333333333,15,48.666666666666664,2.8333333333333335,4.666666666666667,8.4,4.6,3.8,2.6,4.0,11.166666666666666,2.8333333333333335,1.5,10.4,1.8,23.0,1.6666666666666667,0.2,328.4,259.0,16.2,3.8,4.6,9.8,18.6,4.4,35.6,27.0,8.8,8.2,0.0,8.0,15.0,36.0,0.0,1.1179999999999999,1.3860000000000001,0.4666666666666667,2.066666666666667,-1.6,0.23333333333333334,15,38.8,0.6,2.4,3.3333333333333335,1.6666666666666667,1.6666666666666667,1.6666666666666667,1.8,13.75,3.5,1.0,14.333333333333334,6.666666666666667,15.333333333333334,1.6,0.0,227.33333333333334,155.0,19.0,1.3333333333333333,6.666666666666667,20.0,19.333333333333332,3.3333333333333335,31.333333333333332,28.333333333333332,16.333333333333332,7.0,,,,,,0.22800000000000004,1.7280000000000002,915.0,918.0,-3.0,97.0,0.6360768996878818,907.2162005352528,871.7779721951753,6.843045810534569,6.072249897613514,0.7707959129210549,1.1269374492021464,1,0,20,2.0,2.0,2025-11-13,Bangladesh,Nepal,home,915.0,918.0,True,0.018516922628665857,0.009653881899576203,915.0
0.9333333333333333,1.3333333333333333,-0.3999999999999999,0.4,15,42.125,2.2,4.4,10.6,6.6,4.0,4.0,3.25,12.375,6.0,2.125,11.0,2.8,22.8,1.75,0.0,350.0,266.8,23.6,2.6,8.4,15.2,15.2,7.2,42.2,35.8,15.8,9.2,2.5,7.5,69.5,59.0,3.0,1.4625,1.3824999999999998,0.4666666666666667,2.1333333333333333,-1.6666666666666665,0.23333333333333334,15,43.77777777777778,2.6666666666666665,4.555555555555555,10.375,4.5,6.333333333333333,2.625,3.0,7.888888888888889,5.777777777777778,1.0,14.0,4.0,26.875,0.7777777777777778,0.16666666666666666,320.0,245.5,19.0,2.8333333333333335,3.6666666666666665,17.666666666666668,14.0,4.833333333333333,32.166666666666664,34.0,10.5,15.333333333333334,,,,,,0.99,2.2285714285714286,1150.0,620.0,530.0,630.0,0.9740823468931378,1168.5864017371116,643.0746599870824,,,,,1,0,20,6.0,1.0,2025-11-13,India,Bhutan,home,1150.0,620.0,True,0.0006717247425676452,0.018443100258981066,620.0
2.7333333333333334,1.2666666666666666,1.4666666666666668,0.6,15,48.5,8.142857142857142,7.928571428571429,21.75,13.333333333333334,8.416666666666666,4.076923076923077,7.0,13.615384615384615,11.307692307692308,2.4615384615384617,6.384615384615385,1.9166666666666667,19.615384615384617,1.8571428571428572,0.7692307692307693,374.3333333333333,314.9166666666667,24.416666666666668,7.25,15.666666666666666,6.25,13.833333333333334,6.583333333333333,49.166666666666664,30.833333333333332,10.75,5.0,3.1818181818181817,11.083333333333334,57.5,45.833333333333336,2.6666666666666665,2.3408333333333333,0.7708333333333334,2.2,1.1333333333333333,1.0666666666666669,0.6333333333333333,15,46.25,5.125,4.25,11.142857142857142,6.571428571428571,4.571428571428571,2.0,5.75,13.25,13.5,1.875,7.571428571428571,3.0,24.142857142857142,1.875,0.14285714285714285,310.42857142857144,233.28571428571428,23.142857142857142,4.285714285714286,13.428571428571429,9.428571428571429,21.0,7.714285714285714,50.42857142857143,33.142857142857146,9.857142857142858,6.0,2.2857142857142856,10.0,51.42857142857143,42.42857142857143,4.142857142857143,1.2375,1.6099999999999999,1295.0,1157.0,138.0,238.0,0.7973863140277038,1277.6211591821645,1188.7027302873753,6.9933921374490025,4.662757831681574,2.330634305767428,1.4998403069384605,1,0,20,2.0,0.0,2025-11-13,Dominican Republic,Saint Vincent and the Grenadines,home,1295.0,1157.0,True,0.04105230574328027,0.0281546936390182,1157.0
1.4666666666666666,0.8,0.6666666666666665,0.6333333333333333,15,58.333333333333336,2.6666666666666665,6.333333333333333,12.333333333333334,6.5,5.833333333333333,3.3333333333333335,7.166666666666667,14.166666666666666,13.0,2.1666666666666665,5.166666666666667,4.166666666666667,20.666666666666668,1.6666666666666667,0.0,462.3333333333333,389.0,25.0,4.166666666666667,14.666666666666666,6.833333333333333,14.5,9.666666666666666,48.333333333333336,37.0,9.166666666666666,10.166666666666666,1.3333333333333333,10.166666666666666,70.33333333333333,52.833333333333336,3.0,1.04,0.9500000000000001,1.9333333333333333,0.9333333333333333,1.0,0.7,15,55.333333333333336,6.1,5.5,14.4,8.9,5.4,2.8,4.230769230769231,10.692307692307692,11.076923076923077,1.5384615384615385,7.6,1.5,22.0,1.75,0.2,447.6,362.7,27.8,4.2,14.6,7.7,20.8,5.5,52.4,29.0,18.2,4.9,2.9,9.3,55.2,47.1,1.8,0.61,0.78,1549.0,1764.0,-215.0,-115.0,0.34029200585525193,1541.5121465584002,1775.5218667257836,7.368751619544556,7.151216578856456,0.2175350406880998,1.0304193053432715,1,0,20,4.0,5.0,2025-11-13,Cabo Verde,Iran,home,1549.0,1764.0,True,0.11579864924899082,0.20885643957747485,1549.0
1.4666666666666666,0.9333333333333333,0.5333333333333332,0.5666666666666667,15,53.69230769230769,4.3076923076923075,4.615384615384615,11.0,5.769230769230769,5.230769230769231,2.0,4.230769230769231,12.5,11.461538461538462,1.2727272727272727,7.769230769230769,2.076923076923077,22.76923076923077,1.6153846153846154,0.3076923076923077,433.2307692307692,356.15384615384613,26.46153846153846,3.6153846153846154,12.76923076923077,9.846153846153847,22.307692307692307,8.461538461538462,47.84615384615385,39.38461538461539,16.0,8.76923076923077,1.3,10.9,57.7,46.3,2.5,1.49,0.73,0.9333333333333333,1.0,-0.06666666666666665,0.5666666666666667,15,49.46153846153846,2.8461538461538463,4.0,9.076923076923077,5.538461538461538,3.5384615384615383,2.1538461538461537,5.230769230769231,11.384615384615385,9.076923076923077,1.75,6.0,2.0,25.0,1.9230769230769231,0.15384615384615385,374.6923076923077,292.15384615384613,27.46153846153846,5.461538461538462,13.307692307692308,8.384615384615385,18.53846153846154,8.23076923076923,47.0,35.69230769230769,18.53846153846154,9.153846153846153,1.0,11.6,58.1,42.5,1.8,1.11,1.1900000000000002,1548.0,1580.0,-32.0,68.0,0.596629173305774,1545.3426863082375,1594.6707243627484,7.365581572755048,7.024074987307427,0.3415065854476218,1.04861943901008,1,0,40,1.0,1.0,2025-11-13,United Arab Emirates,Iraq,home,1548.0,1580.0,True,0.009337197133757313,0.0005779089719328088,1548.0
1.9333333333333333,1.1333333333333333,0.8,0.6333333333333333,15,44.666666666666664,3.4444444444444446,5.111111111111111,8.142857142857142,4.571428571428571,3.5714285714285716,2.0,5.333333333333333,8.444444444444445,6.111111111111111,1.7777777777777777,10.571428571428571,2.7142857142857144,21.857142857142858,1.2222222222222223,0.42857142857142855,280.85714285714283,219.28571428571428,22.285714285714285,3.857142857142857,2.0,16.571428571428573,19.714285714285715,6.0,38.285714285714285,36.57142857142857,18.857142857142858,11.0,,,,,,1.267777777777778,1.3244444444444445,1.4,2.2,-0.8000000000000003,0.26666666666666666,15,50.857142857142854,5.285714285714286,5.857142857142857,12.666666666666666,7.666666666666667,5.0,3.0,4.625,12.833333333333334,7.166666666666667,1.5,6.166666666666667,2.1666666666666665,21.5,1.625,0.16666666666666666,423.0,344.1666666666667,26.0,4.833333333333333,11.666666666666666,10.0,16.5,8.0,42.833333333333336,32.666666666666664,15.0,8.833333333333334,2.5,10.5,64.75,50.0,1.0,0.7799999999999999,1.76,1173.0,835.0,338.0,438.0,0.9256237164516561,1148.3490324941808,780.8162096767335,6.412796428716543,6.116275587580544,0.2965208411359992,1.0484806213994187,1,0,20,1.0,1.0,2025-11-13,Hong Kong,Cambodia,home,1173.0,835.0,True,0.18115554800611974,0.08251544153340176,835.0
2.2666666666666666,1.0,1.2666666666666666,0.7333333333333333,15,60.5,4.75,5.25,13.545454545454545,9.727272727272727,3.8181818181818183,3.5454545454545454,6.545454545454546,11.428571428571429,13.909090909090908,2.7777777777777777,8.1,2.2,18.9,1.5,0.2727272727272727,501.5,430.0,32.5,6.4,14.3,7.1,16.6,5.7,52.8,32.9,14.5,6.4,2.5555555555555554,9.1,64.4,45.5,2.8,3.1,2.35,0.8666666666666667,1.0666666666666667,-0.19999999999999996,0.4,15,42.875,3.25,4.5,9.8,4.8,5.0,2.0,3.0,11.714285714285714,12.0,2.5714285714285716,14.6,3.2,18.8,1.7692307692307692,0.4,303.0,229.8,24.2,2.4,17.4,7.0,21.2,8.4,52.4,35.8,8.4,5.8,1.8,11.2,40.6,43.0,1.6,1.1125,1.1675,1699.0,1339.0,360.0,460.0,0.9338859386628043,1698.3300776917033,1346.725623779627,8.126423653737339,6.940217555599735,1.1862060981376041,1.1709177109556905,1,0,20,3.0,1.0,2025-11-13,Algeria,Zimbabwe,home,1699.0,1339.0,True,0.004371069106498471,0.012206372749975474,1339.0
1.4,0.4666666666666667,0.9333333333333332,0.7,15,59.4,4.0,5.8,12.0,8.6,3.4,2.2,4.0,10.6,10.4,1.8,12.0,2.0,16.0,1.4545454545454546,0.2,486.6,428.8,25.4,4.8,14.6,5.2,11.8,11.0,50.0,33.8,8.2,9.2,2.8,10.0,55.8,42.4,2.8,1.3579999999999999,0.744,1.6666666666666667,0.8666666666666667,0.8,0.7,15,43.666666666666664,3.5,6.666666666666667,14.0,8.0,6.0,3.8333333333333335,5.333333333333333,15.4,12.666666666666666,2.3333333333333335,7.833333333333333,2.1666666666666665,20.333333333333332,1.2727272727272727,0.16666666666666666,320.3333333333333,247.33333333333334,30.166666666666668,5.333333333333333,15.333333333333334,7.833333333333333,17.5,9.0,48.166666666666664,31.833333333333332,14.666666666666666,5.5,2.5,11.0,69.0,48.166666666666664,2.6666666666666665,1.53,0.71,1578.0,1596.0,-18.0,82.0,0.615864104253756,1583.919239587327,1626.2331999650787,8.300291066777081,7.870813418068089,0.42947764870899263,1.054565853095068,1,0,40,0.0,1.0,2025-11-13,Cameroon,DR Congo,home,1578.0,1596.0,True,0.37928859490828126,0.26975664956040213,1578.0
1.8,1.2666666666666666,0.5333333333333334,0.6666666666666666,15,54.0,2.3333333333333335,3.5,8.833333333333334,4.833333333333333,4.0,3.0,4.833333333333333,15.833333333333334,14.166666666666666,2.1666666666666665,7.0,0.6666666666666666,23.166666666666668,1.6363636363636365,0.16666666666666666,386.1666666666667,304.3333333333333,29.0,3.5,11.166666666666666,6.833333333333333,22.833333333333332,9.0,47.166666666666664,30.0,18.0,5.833333333333333,0.8333333333333334,7.333333333333333,63.166666666666664,45.166666666666664,2.1666666666666665,1.1800000000000002,0.7449999999999999,2.0,1.2666666666666666,0.7333333333333334,0.7333333333333333,15,53.42857142857143,6.714285714285714,6.0,15.166666666666666,10.0,5.166666666666667,2.6666666666666665,5.142857142857143,14.285714285714286,14.428571428571429,1.8571428571428572,7.166666666666667,1.8333333333333333,19.333333333333332,1.2857142857142858,0.6666666666666666,407.1666666666667,334.3333333333333,25.166666666666668,3.6666666666666665,19.666666666666668,9.166666666666666,13.0,8.166666666666666,54.833333333333336,41.166666666666664,9.166666666666666,7.5,2.5,13.166666666666666,57.5,55.333333333333336,5.0,2.268333333333333,1.51,1604.0,1491.0,113.0,213.0,0.7731399130767673,1608.5632980745102,1519.5320920932406,8.318365982849553,7.345314905652313,0.9730510771972396,1.132472343214103,1,0,40,4.0,1.0,2025-11-13,Nigeria,Gabon,home,1604.0,1491.0,True,0.051465499038816684,0.05281551210140263,1491.0
0.7333333333333333,2.466666666666667,-1.7333333333333334,0.16666666666666666,15,46.357142857142854,3.533333333333333,4.4,10.0,6.866666666666666,3.1333333333333333,2.066666666666667,4.8,11.142857142857142,12.357142857142858,1.4285714285714286,8.428571428571429,5.214285714285714,17.214285714285715,1.7333333333333334,0.0,329.0,261.7142857142857,25.0,3.4285714285714284,12.928571428571429,8.214285714285714,16.928571428571427,6.714285714285714,49.57142857142857,32.0,7.142857142857143,7.142857142857143,0.7857142857142857,9.857142857142858,52.214285714285715,43.785714285714285,2.5,0.7116666666666666,2.358333333333334,1.7333333333333334,2.2666666666666666,-0.5333333333333332,0.4,15,43.75,4.230769230769231,3.3846153846153846,9.75,5.75,4.0,2.1666666666666665,3.7333333333333334,16.272727272727273,11.272727272727273,1.2222222222222223,9.454545454545455,3.4545454545454546,17.90909090909091,2.066666666666667,0.3333333333333333,291.72727272727275,229.9090909090909,33.09090909090909,2.5454545454545454,18.0,7.0,17.818181818181817,5.7272727272727275,48.45454545454545,33.36363636363637,4.181818181818182,4.2727272727272725,1.9090909090909092,12.454545454545455,43.18181818181818,38.27272727272727,2.6363636363636362,0.992,2.4619999999999997,904.0,921.0,-17.0,83.0,0.6172250309049463,913.2115936698914,951.7937279424411,5.57978359661681,5.313867220369153,0.26591637624765685,1.0500419685362752,1,0,20,0.0,0.0,2025-11-13,Antigua and Barbuda,Aruba,home,904.0,921.0,True,0.013741707870665613,0.00033126849640930165,904.0
2.1333333333333333,1.1333333333333333,1.0,0.6666666666666666,15,59.61538461538461,5.153846153846154,6.769230769230769,15.0,10.692307692307692,4.3076923076923075,3.0,4.538461538461538,11.384615384615385,7.0,2.4615384615384617,7.769230769230769,2.1538461538461537,21.46153846153846,1.8461538461538463,0.46153846153846156,508.15384615384613,435.0769230769231,31.384615384615383,5.769230769230769,11.307692307692308,8.307692307692308,15.307692307692308,9.615384615384615,47.46153846153846,32.30769230769231,17.076923076923077,8.615384615384615,2.75,10.0,60.44444444444444,49.77777777777778,1.3333333333333333,1.78,0.7833333333333335,1.4666666666666666,1.4666666666666666,0.0,0.5,15,55.0,3.909090909090909,4.454545454545454,10.777777777777779,6.666666666666667,4.111111111111111,2.5555555555555554,4.2727272727272725,10.7,7.3,1.6,8.666666666666666,2.5555555555555554,21.88888888888889,2.272727272727273,0.0,410.1111111111111,333.44444444444446,24.444444444444443,4.333333333333333,10.444444444444445,6.888888888888889,20.444444444444443,6.888888888888889,44.44444444444444,27.0,17.666666666666668,4.888888888888889,1.8333333333333333,9.0,60.333333333333336,40.666666666666664,1.8333333333333333,1.964,1.1480000000000001,1361.0,1104.0,257.0,357.0,0.8864576236639505,1366.5907521699373,1123.0918039467017,6.734879802792627,6.296445794206396,0.43843400858623127,1.0696319833309216,1,0,20,3.0,2.0,2025-11-13,Thailand,Singapore,home,1361.0,1104.0,True,0.012891871224037087,0.05086115862834846,1104.0
1.1333333333333333,1.4,-0.2666666666666666,0.4,15,56.53846153846154,4.153846153846154,6.6923076923076925,13.846153846153847,7.153846153846154,6.6923076923076925,3.0,4.285714285714286,14.692307692307692,13.153846153846153,1.2307692307692308,8.615384615384615,3.0,20.384615384615383,1.9285714285714286,0.3076923076923077,379.0,316.53846153846155,29.46153846153846,4.461538461538462,12.076923076923077,7.846153846153846,20.615384615384617,9.23076923076923,46.76923076923077,30.846153846153847,11.0,6.153846153846154,1.0769230769230769,7.846153846153846,48.61538461538461,41.07692307692308,2.8461538461538463,1.045,1.21,1.7333333333333334,1.4666666666666666,0.26666666666666683,0.6666666666666666,15,51.916666666666664,4.333333333333333,6.75,13.583333333333334,8.166666666666666,5.416666666666667,2.5,5.833333333333333,11.833333333333334,13.666666666666666,2.090909090909091,8.0,2.5833333333333335,20.583333333333332,1.9090909090909092,0.5833333333333334,397.5,325.5833333333333,24.666666666666668,4.666666666666667,14.916666666666666,7.0,21.166666666666668,7.0,53.75,34.083333333333336,16.166666666666668,6.666666666666667,2.3333333333333335,9.166666666666666,61.916666666666664,43.666666666666664,1.75,0.6683333333333333,1.8699999999999999,1343.0,1557.0,-214.0,-114.0,0.34158547908308745,1310.5560836085317,1602.1382878162317,6.269979676645324,7.024485667699167,-0.7545059910538434,0.8925891479110986,1,0,40,2.0,0.0,2025-11-14,Nicaragua,Honduras,home,1343.0,1557.0,True,0.43350968135424744,0.4309585230173882,1343.0
2.3333333333333335,1.3333333333333333,1.0000000000000002,0.6666666666666666,15,50.86666666666667,4.4,4.4,11.6,7.533333333333333,4.066666666666666,2.8,5.266666666666667,15.538461538461538,15.866666666666667,2.066666666666667,4.2,1.4,20.866666666666667,2.5,0.4,370.0,295.8666666666667,18.0,3.533333333333333,19.2,8.866666666666667,14.866666666666667,8.2,52.46666666666667,40.06666666666667,12.333333333333334,5.8,2.857142857142857,12.266666666666667,58.733333333333334,44.666666666666664,3.533333333333333,1.7538461538461538,0.966923076923077,0.9333333333333333,0.6,0.33333333333333337,0.6,15,52.733333333333334,4.133333333333334,3.1333333333333333,10.333333333333334,5.6,4.733333333333333,3.066666666666667,4.066666666666666,13.0,10.6,1.9333333333333333,7.533333333333333,2.8666666666666667,17.2,1.6428571428571428,0.2,439.6,373.93333333333334,22.2,2.6666666666666665,14.666666666666666,8.533333333333333,19.2,8.6,47.733333333333334,32.4,11.133333333333333,7.666666666666667,2.0,8.333333333333334,52.733333333333334,45.4,2.6,1.09,1.3566666666666667,1790.0,1929.0,-139.0,-39.0,0.4441090388831469,1756.222544997016,1931.851447808005,8.007107382974057,8.47436197603263,-0.4672545930585734,0.9448625637682138,1,0,20,0.0,0.0,2025-11-14,Canada,Ecuador,home,1790.0,1929.0,True,0.003123799534565585,0.005313917916762418,1790.0
2.3333333333333335,1.4,0.9333333333333336,0.6333333333333333,15,55.785714285714285,6.0,6.0,15.928571428571429,10.571428571428571,5.357142857142857,3.9285714285714284,5.642857142857143,13.5,13.071428571428571,2.2857142857142856,6.642857142857143,2.7857142857142856,18.785714285714285,1.5384615384615385,0.6428571428571429,398.35714285714283,333.92857142857144,25.857142857142858,5.142857142857143,15.214285714285714,8.428571428571429,15.0,8.0,50.714285714285715,33.357142857142854,9.428571428571429,5.214285714285714,2.7857142857142856,10.428571428571429,56.357142857142854,45.857142857142854,3.7857142857142856,2.295714285714286,1.1214285714285714,2.933333333333333,1.5333333333333334,1.3999999999999997,0.6333333333333333,15,46.92307692307692,6.076923076923077,5.615384615384615,15.384615384615385,8.153846153846153,7.230769230769231,3.6923076923076925,5.615384615384615,13.23076923076923,12.76923076923077,2.0833333333333335,8.384615384615385,2.6153846153846154,23.923076923076923,2.2857142857142856,0.3076923076923077,340.7692307692308,276.84615384615387,22.615384615384617,3.923076923076923,16.46153846153846,8.76923076923077,18.307692307692307,7.615384615384615,49.0,35.61538461538461,11.923076923076923,6.6923076923076925,2.923076923076923,10.461538461538462,55.76923076923077,40.53846153846154,3.1538461538461537,1.56,1.6575,1527.0,1642.0,-115.0,-15.0,0.47842666694885455,1488.7163363965697,1627.5471330551281,7.505149978319906,7.122281427209923,0.38286855110998363,1.0537564479897235,1,0,40,1.0,0.0,2025-11-14,Haiti,Costa Rica,home,1527.0,1642.0,True,0.272038741750081,0.29740694475277313,1527.0
1.5333333333333334,1.6666666666666667,-0.1333333333333333,0.5,15,47.75,3.0,4.333333333333333,10.272727272727273,5.636363636363637,4.636363636363637,2.8181818181818183,3.9166666666666665,12.75,12.833333333333334,2.5,8.181818181818182,3.3636363636363638,20.818181818181817,1.8333333333333333,0.18181818181818182,361.6363636363636,294.09090909090907,19.90909090909091,3.8181818181818183,15.545454545454545,6.2727272727272725,26.181818181818183,8.090909090909092,47.36363636363637,33.27272727272727,12.272727272727273,6.0,1.2,10.454545454545455,46.54545454545455,42.36363636363637,1.3636363636363635,0.97,1.58,1.6666666666666667,1.4,0.26666666666666683,0.6,15,57.2,4.466666666666667,4.866666666666666,13.0,8.666666666666666,4.333333333333333,3.6666666666666665,5.6,12.571428571428571,12.466666666666667,1.5,7.133333333333334,2.466666666666667,18.2,1.7333333333333334,0.26666666666666666,463.2,389.46666666666664,27.133333333333333,4.0,16.0,7.0,17.466666666666665,9.4,51.266666666666666,35.06666666666667,12.066666666666666,7.066666666666666,2.2,11.066666666666666,61.13333333333333,43.2,3.0,1.415,1.4425,1511.0,1738.0,-227.0,-127.0,0.3249597989597013,1507.3821284685985,1683.922050962583,6.720159303405957,7.076858810128593,-0.3566995067226362,0.9495963511081896,1,0,40,2.0,3.0,2025-11-14,Guatemala,Panama,home,1511.0,1738.0,True,0.10559887093992948,0.11472397352324515,1511.0
1.4666666666666666,1.6,-0.13333333333333353,0.43333333333333335,15,46.333333333333336,5.333333333333333,5.444444444444445,13.222222222222221,8.555555555555555,4.666666666666667,2.4444444444444446,4.444444444444445,11.375,11.0,1.3333333333333333,7.888888888888889,3.5555555555555554,19.88888888888889,1.7,0.7777777777777778,317.44444444444446,248.0,21.666666666666668,2.6666666666666665,17.11111111111111,8.777777777777779,24.0,9.88888888888889,49.22222222222222,35.666666666666664,12.444444444444445,8.0,1.8888888888888888,10.555555555555555,49.888888888888886,46.333333333333336,2.5,0.5333333333333333,2.56,2.1333333333333333,1.4666666666666666,0.6666666666666667,0.6,15,52.666666666666664,6.222222222222222,6.0,16.0,10.555555555555555,5.444444444444445,3.7777777777777777,4.666666666666667,9.5,9.777777777777779,1.5714285714285714,5.111111111111111,2.2222222222222223,19.666666666666668,1.375,0.6666666666666666,400.0,339.77777777777777,24.88888888888889,5.111111111111111,17.22222222222222,6.0,16.11111111111111,8.777777777777779,55.77777777777778,35.55555555555556,11.666666666666666,8.777777777777779,3.3333333333333335,10.444444444444445,55.111111111111114,43.333333333333336,2.625,1.3833333333333335,1.3033333333333335,1420.0,1538.0,-118.0,-18.0,0.4741190691088309,1427.396045282176,1529.212936911551,7.128399268717806,7.2777237887624535,-0.14932452004464736,0.9794819748071204,1,0,40,1.0,1.0,2025-11-14,Trinidad and Tobago,Jamaica,home,1420.0,1538.0,True,0.0006698225837934714,0.007085926126405981,1420.0
1.4666666666666666,1.2666666666666666,0.19999999999999996,0.5666666666666667,15,44.666666666666664,3.0,3.6666666666666665,9.833333333333334,5.5,4.333333333333333,3.1666666666666665,4.5,13.833333333333334,13.333333333333334,1.8333333333333333,10.666666666666666,3.0,18.5,1.8181818181818181,0.0,361.1666666666667,283.5,23.166666666666668,4.166666666666667,15.333333333333334,8.166666666666666,25.666666666666668,8.0,50.833333333333336,33.0,13.166666666666666,5.666666666666667,1.4,10.833333333333334,54.333333333333336,47.333333333333336,2.1666666666666665,0.7,0.13,1.0,1.2,-0.19999999999999996,0.4666666666666667,15,54.333333333333336,3.142857142857143,4.428571428571429,9.285714285714286,4.285714285714286,5.0,1.7142857142857142,3.3333333333333335,12.5,12.833333333333334,2.6666666666666665,8.5,3.0,19.333333333333332,1.6363636363636365,0.0,387.0,304.8333333333333,24.833333333333332,2.5,12.333333333333334,7.833333333333333,19.5,6.0,51.166666666666664,30.0,13.5,6.0,1.3333333333333333,8.0,46.5,43.333333333333336,2.5,0.955,1.42,1354.0,1452.0,-98.0,2.0,0.502878199574811,1407.811853835891,1446.4856088431645,5.882524537954881,6.818423855092079,-0.9358993171371983,0.8627396393906698,1,0,20,0.0,1.0,2025-11-14,Kenya,Equatorial Guinea,home,1354.0,1452.0,True,0.2528864836076034,0.16164991511687057,1354.0
0.8,1.9333333333333333,-1.1333333333333333,0.26666666666666666,15,43.86666666666667,2.933333333333333,2.933333333333333,8.2,5.666666666666667,2.533333333333333,2.3333333333333335,2.8,10.933333333333334,9.133333333333333,1.2307692307692308,8.466666666666667,3.933333333333333,16.0,1.3076923076923077,0.2,432.2,362.93333333333334,19.666666666666668,2.3333333333333335,14.0,8.133333333333333,27.133333333333333,7.266666666666667,45.8,27.066666666666666,10.333333333333334,4.4,1.6428571428571428,8.6,42.666666666666664,41.0,1.5,1.0842857142857143,1.6371428571428568,0.6666666666666666,2.1333333333333333,-1.4666666666666668,0.36666666666666664,15,46.45454545454545,2.6363636363636362,3.8181818181818183,9.363636363636363,4.363636363636363,5.0,2.909090909090909,2.727272727272727,13.909090909090908,15.454545454545455,1.9,8.454545454545455,3.4545454545454546,19.09090909090909,2.5454545454545454,0.09090909090909091,388.0,306.09090909090907,24.0,2.4545454545454546,15.454545454545455,8.363636363636363,22.0,7.545454545454546,47.81818181818182,36.72727272727273,13.909090909090908,7.090909090909091,1.0909090909090908,10.363636363636363,44.45454545454545,46.45454545454545,1.0909090909090908,0.7310000000000001,1.989,1543.0,1247.0,296.0,396.0,0.9071699361527149,1549.7746409381552,1250.1109953343782,7.518513939877887,6.9004763713892565,0.6180375684886306,1.089564478628046,1,0,40,0.0,1.0,2025-11-14,Finland,Malta,home,1543.0,1247.0,True,0.8229572930593209,0.7225541519310811,1247.0
0.4,1.6,-1.2000000000000002,0.2,15,48.42857142857143,2.5714285714285716,3.5,8.428571428571429,4.357142857142857,4.071428571428571,2.357142857142857,3.2857142857142856,14.384615384615385,11.785714285714286,1.5,7.642857142857143,3.0714285714285716,18.142857142857142,2.857142857142857,0.21428571428571427,414.92857142857144,339.7857142857143,24.714285714285715,2.0,13.642857142857142,10.5,21.571428571428573,8.0,47.0,31.071428571428573,11.285714285714286,6.5,1.3571428571428572,7.428571428571429,47.0,44.857142857142854,1.7142857142857142,0.8846153846153848,1.3892307692307695,2.2,1.1333333333333333,1.0666666666666669,0.6333333333333333,15,64.13333333333334,5.8,6.466666666666667,17.0,12.2,4.8,4.733333333333333,5.466666666666667,12.8,11.466666666666667,1.6666666666666667,5.733333333333333,2.6666666666666665,17.266666666666666,2.3333333333333335,0.5333333333333333,610.4,542.0666666666667,23.466666666666665,5.266666666666667,14.8,7.466666666666667,15.0,8.133333333333333,50.13333333333333,31.866666666666667,12.733333333333333,6.2,3.8666666666666667,8.6,58.93333333333333,45.8,2.6666666666666665,2.288,1.1539999999999997,1407.0,1891.0,-484.0,-384.0,0.0988131708783323,1421.32149687911,1924.975175303926,7.471511736976963,8.603577368151466,-1.1320656311745037,0.8684191955586801,1,0,40,0.0,2.0,2025-11-14,Luxembourg,Germany,home,1407.0,1891.0,True,0.009764042739030499,0.01167489698920159,1407.0
0.5333333333333333,1.8,-1.2666666666666666,0.3,15,33.45454545454545,1.6363636363636365,2.909090909090909,5.454545454545454,2.8181818181818183,2.6363636363636362,0.9090909090909091,2.5454545454545454,10.454545454545455,14.181818181818182,2.3636363636363638,10.454545454545455,3.6363636363636362,17.181818181818183,2.9,0.36363636363636365,245.0,163.36363636363637,21.90909090909091,1.7272727272727273,14.636363636363637,8.545454545454545,36.0,7.181818181818182,49.45454545454545,34.36363636363637,15.181818181818182,6.181818181818182,0.8181818181818182,8.545454545454545,43.81818181818182,42.90909090909091,2.727272727272727,0.685,2.511,0.8666666666666667,1.8666666666666667,-1.0,0.3,15,48.07692307692308,3.923076923076923,6.153846153846154,13.076923076923077,7.769230769230769,4.461538461538462,3.0,4.923076923076923,13.0,13.923076923076923,2.076923076923077,9.384615384615385,4.0,18.53846153846154,3.076923076923077,0.46153846153846156,360.75,282.0833333333333,29.083333333333332,5.666666666666667,14.333333333333334,7.416666666666667,26.416666666666668,5.333333333333333,51.083333333333336,32.416666666666664,14.5,6.166666666666667,1.5833333333333333,8.666666666666666,50.333333333333336,47.166666666666664,1.9166666666666667,1.2491666666666665,1.7366666666666666,1023.0,1442.0,-419.0,-319.0,0.13748809600868891,983.6398795819971,1453.2763139905803,5.9148718175400505,7.678017331283984,-1.7631455137439334,0.7703644785275465,1,0,40,1.0,2.0,2025-11-14,Gibraltar,Montenegro,home,1023.0,1442.0,True,0.018902976544094462,0.011110591146072,1023.0
1.5333333333333334,1.4,0.13333333333333353,0.5666666666666667,15,45.285714285714285,5.285714285714286,5.785714285714286,15.285714285714286,8.714285714285714,6.571428571428571,4.214285714285714,5.142857142857143,12.76923076923077,12.642857142857142,1.4166666666666667,8.285714285714286,3.142857142857143,16.785714285714285,1.8461538461538463,0.07142857142857142,407.2857142857143,339.2142857142857,21.928571428571427,3.5714285714285716,17.785714285714285,8.785714285714286,22.5,6.571428571428571,51.92857142857143,37.57142857142857,12.357142857142858,7.5,2.3846153846153846,11.071428571428571,45.07142857142857,44.142857142857146,2.0,1.4664285714285712,1.536428571428571,3.0,1.4666666666666666,1.5333333333333334,0.6333333333333333,15,60.53333333333333,5.8,5.6,15.733333333333333,10.933333333333334,4.8,4.333333333333333,5.733333333333333,9.866666666666667,12.0,2.0,4.933333333333334,2.2666666666666666,13.733333333333333,1.2142857142857142,0.8,587.0666666666667,528.6666666666666,18.133333333333333,5.933333333333334,11.266666666666667,6.733333333333333,15.466666666666667,8.133333333333333,53.333333333333336,31.4,12.133333333333333,8.0,3.533333333333333,6.466666666666667,64.4,42.333333333333336,3.533333333333333,2.178,1.1300000000000001,1722.0,1966.0,-244.0,-144.0,0.3038712295704002,1739.342664444159,1958.299563735301,8.107549129744687,8.682054777073807,-0.5745056473291204,0.9338283779496319,1,0,40,1.0,1.0,2025-11-14,Poland,Netherlands,home,1722.0,1966.0,True,0.03846649459022666,0.043876544548567674,1722.0
1.1333333333333333,1.0,0.1333333333333333,0.5333333333333333,15,50.42857142857143,4.714285714285714,4.785714285714286,13.0,8.857142857142858,4.142857142857143,3.5,4.785714285714286,12.307692307692308,14.214285714285714,1.5384615384615385,7.5,3.4285714285714284,18.0,2.230769230769231,0.5714285714285714,473.5,397.7142857142857,23.857142857142858,3.2857142857142856,15.714285714285714,9.0,23.142857142857142,6.0,51.142857142857146,35.92857142857143,10.142857142857142,6.5,2.4285714285714284,9.285714285714286,53.42857142857143,48.357142857142854,2.642857142857143,1.7078571428571425,1.4985714285714287,1.5333333333333334,1.0666666666666667,0.4666666666666668,0.5666666666666667,15,42.46666666666667,3.8,4.6,10.666666666666666,7.2,3.466666666666667,2.2666666666666666,5.2,12.8,15.533333333333333,1.2666666666666666,6.066666666666666,1.4,20.133333333333333,1.8666666666666667,0.4,336.0,261.6,19.333333333333332,3.933333333333333,16.2,7.733333333333333,21.133333333333333,7.066666666666666,52.53333333333333,37.666666666666664,13.6,6.6,2.0,10.466666666666667,45.46666666666667,42.13333333333333,3.1333333333333333,1.0042857142857142,1.1400000000000001,1690.0,1607.0,83.0,183.0,0.7414335229692995,1710.7336146857701,1621.9349243178326,7.972202838379064,8.024033897900905,-0.05183105952184075,0.9935405233600272,1,0,40,1.0,0.0,2025-11-14,Slovakia,Northern Ireland,home,1690.0,1607.0,True,0.06685662304406775,0.0882733120633804,1607.0
2.3333333333333335,1.1333333333333333,1.2000000000000002,0.6666666666666666,15,56.2,6.733333333333333,6.133333333333334,17.2,11.8,5.333333333333333,4.333333333333333,6.533333333333333,10.2,9.333333333333334,2.2,6.4,2.533333333333333,15.733333333333333,2.2857142857142856,0.4,529.3333333333334,465.4,26.666666666666668,5.2,16.133333333333333,9.266666666666667,19.866666666666667,9.333333333333334,51.266666666666666,33.93333333333333,12.933333333333334,9.0,3.533333333333333,10.4,54.53333333333333,48.93333333333333,1.7142857142857142,2.076,1.0293333333333332,1.0,0.9333333333333333,0.06666666666666665,0.43333333333333335,15,42.53846153846154,3.142857142857143,3.5714285714285716,8.785714285714286,6.384615384615385,3.076923076923077,2.0714285714285716,3.9285714285714284,9.571428571428571,8.5,1.7142857142857142,8.428571428571429,3.357142857142857,18.285714285714285,1.5,0.3076923076923077,359.3076923076923,275.6923076923077,25.0,4.3076923076923075,13.461538461538462,9.76923076923077,33.84615384615385,6.384615384615385,48.84615384615385,26.23076923076923,17.23076923076923,4.769230769230769,1.8461538461538463,8.0,56.69230769230769,47.38461538461539,1.3846153846153846,1.0778571428571428,1.3571428571428572,1927.0,1370.0,557.0,657.0,0.9777300639766799,1950.2749857189528,1372.5468804459524,8.357744323274739,6.693551085595914,1.664193237678825,1.2486263593714944,1,0,40,3.0,1.0,2025-11-14,Croatia,Faroe Islands,home,1927.0,1370.0,True,0.0004959500504827685,0.0022195060857638305,1370.0
1.4,1.2,0.19999999999999996,0.5333333333333333,15,38.142857142857146,3.7142857142857144,4.857142857142857,11.333333333333334,6.5,4.833333333333333,3.0,4.142857142857143,14.166666666666666,9.142857142857142,1.8333333333333333,8.285714285714286,2.6666666666666665,21.142857142857142,1.8333333333333333,0.14285714285714285,315.3333333333333,229.16666666666666,23.666666666666668,2.8333333333333335,15.833333333333334,7.333333333333333,19.333333333333332,8.166666666666666,46.666666666666664,30.5,14.833333333333334,6.5,2.1666666666666665,9.833333333333334,61.166666666666664,50.5,2.0,0.41,0.86,0.5333333333333333,1.9333333333333333,-1.4,0.16666666666666666,15,32.4,1.2,2.8,6.0,2.2,3.8,2.0,2.0,12.8,12.2,1.4,10.8,4.0,18.2,1.9090909090909092,0.0,242.4,182.6,30.0,1.8,18.0,7.2,25.6,8.6,46.6,36.0,8.0,5.8,0.5,11.6,49.4,43.8,1.4,0.6220000000000001,2.062,1432.0,1116.0,316.0,416.0,0.9164213770695134,1526.2165602203484,1114.2783711824418,,,,,1,0,20,2.0,1.0,2025-11-14,Uganda,Chad,home,1432.0,1116.0,True,0.006985386210956455,0.037499555011557016,1116.0
0.8,1.4,-0.5999999999999999,0.43333333333333335,15,48.166666666666664,4.0,4.0,10.0,6.0,4.0,1.0,2.8333333333333335,15.0,16.333333333333332,2.8333333333333335,9.0,4.0,21.0,2.25,0.5,392.0,304.5,25.0,2.5,16.5,7.5,26.5,7.5,46.0,36.0,9.0,8.0,2.5,12.5,53.0,52.0,1.0,1.5899999999999999,2.45,0.8666666666666667,1.1333333333333333,-0.2666666666666666,0.36666666666666664,15,50.1,2.6,6.2,12.0,6.285714285714286,5.714285714285714,2.857142857142857,4.6,11.3,15.1,1.9,8.857142857142858,2.4285714285714284,24.0,2.0714285714285716,0.5714285714285714,344.2857142857143,265.7142857142857,24.571428571428573,4.0,17.142857142857142,7.857142857142857,10.285714285714286,10.142857142857142,49.285714285714285,35.714285714285715,9.571428571428571,4.0,0.7142857142857143,10.714285714285714,60.857142857142854,41.714285714285715,2.2857142857142856,0.6766666666666666,1.0533333333333332,1389.0,1327.0,62.0,162.0,0.7175917231915314,1401.7102335914458,1355.4695903642069,6.598790506763115,5.726727209026572,0.8720632977365428,1.1522795247452997,1,0,20,1.0,0.0,2025-11-14,Comoros,Namibia,home,1389.0,1327.0,True,0.07975443480992861,0.12229972186121195,1327.0
2.1333333333333333,0.6666666666666666,1.4666666666666668,0.7333333333333333,15,58.0,4.866666666666666,4.4,12.533333333333333,8.733333333333333,3.8,3.2666666666666666,6.466666666666667,12.714285714285714,7.333333333333333,1.7142857142857142,4.4,1.8666666666666667,19.533333333333335,1.0833333333333333,0.26666666666666666,539.4666666666667,465.46666666666664,22.8,5.933333333333334,12.0,9.866666666666667,16.2,6.733333333333333,49.0,31.4,20.866666666666667,9.2,2.727272727272727,10.25,70.25,49.0,1.8181818181818181,1.5085714285714287,1.15,1.6666666666666667,0.8,0.8666666666666667,0.5666666666666667,15,53.0,3.0,5.2,10.4,6.6,3.8,2.2,5.4,15.4,16.8,3.0,8.4,2.8,19.6,1.7272727272727273,0.4,364.6,292.0,26.0,4.8,11.2,12.6,9.6,11.8,52.8,37.2,11.4,9.4,2.2,8.4,66.0,47.2,3.8,1.3399999999999999,1.4300000000000002,1871.0,1513.0,358.0,458.0,0.9331715354303313,1855.7575038305056,1549.6686359644425,8.14744443254818,8.170173673806271,-0.022729241258090838,0.9972180222642071,1,0,20,2.0,0.0,2025-11-14,Japan,Ghana,home,1871.0,1513.0,True,0.004466043676739469,0.052325980437250307,1513.0
1.5333333333333334,0.8,0.7333333333333334,0.6,15,60.77777777777778,4.0,4.9,12.1,8.4,3.7,3.2,7.6,15.625,15.9,2.7,6.333333333333333,1.6666666666666667,20.77777777777778,1.7692307692307692,0.4,499.1111111111111,431.3333333333333,31.77777777777778,6.222222222222222,17.22222222222222,8.0,10.333333333333334,10.444444444444445,51.22222222222222,37.888888888888886,12.333333333333334,5.888888888888889,1.7777777777777777,9.88888888888889,63.22222222222222,43.666666666666664,3.6666666666666665,0.9179999999999999,0.8379999999999999,1.3333333333333333,0.9333333333333333,0.3999999999999999,0.5,15,35.90909090909091,4.090909090909091,5.2727272727272725,12.0,6.7,5.3,2.727272727272727,4.636363636363637,12.454545454545455,9.0,1.5454545454545454,6.545454545454546,2.6,23.90909090909091,1.3636363636363635,0.09090909090909091,313.1,240.6,21.2,3.9,17.7,8.0,22.0,11.9,45.0,32.1,11.1,6.2,1.8888888888888888,11.5,50.0,50.8,1.875,1.225,1.185,1635.0,1616.0,19.0,119.0,0.6648579785547648,1640.5847922470048,1635.3390777655095,7.639635876811847,7.041866202721293,0.5977696740905545,1.084887962492038,1,0,20,3.0,2.0,2025-11-14,Tunisia,Jordan,home,1635.0,1616.0,True,0.11232017453839849,0.09409717388373902,1616.0
1.3333333333333333,1.2,0.1333333333333333,0.5666666666666667,15,43.81818181818182,2.4444444444444446,3.888888888888889,7.875,5.0,2.875,2.7777777777777777,5.454545454545454,9.727272727272727,9.909090909090908,1.6,10.0,1.75,24.333333333333332,2.0,0.0,374.25,301.75,26.5,3.375,11.375,9.5,25.5,7.75,43.75,30.125,16.25,6.875,1.0,10.0,50.333333333333336,43.333333333333336,1.1666666666666667,0.625,1.63,1.2,1.0666666666666667,0.1333333333333333,0.4666666666666667,15,41.857142857142854,2.857142857142857,5.571428571428571,10.142857142857142,5.571428571428571,4.571428571428571,1.7142857142857142,4.285714285714286,16.285714285714285,15.571428571428571,1.8571428571428572,8.857142857142858,2.2857142857142856,22.428571428571427,1.9166666666666667,0.14285714285714285,312.14285714285717,218.14285714285714,25.285714285714285,2.857142857142857,16.857142857142858,11.571428571428571,32.714285714285715,7.571428571428571,48.0,35.285714285714285,19.714285714285715,5.0,1.5714285714285714,9.714285714285714,64.28571428571429,51.142857142857146,2.4285714285714284,,,1503.0,1368.0,135.0,235.0,0.7945819150362295,1495.052970615645,1434.5042749375575,6.501059262217751,5.771587480881255,0.7294717813364962,1.1263901454760787,1,0,20,2.0,0.0,2025-11-14,Oman,Sudan,home,1503.0,1368.0,True,0.042196589630182815,0.06331682518723557,1368.0
1.2,0.8666666666666667,0.33333333333333326,0.6,15,54.214285714285715,4.285714285714286,4.142857142857143,10.5,6.214285714285714,4.285714285714286,2.0714285714285716,3.0,9.785714285714286,10.928571428571429,2.2142857142857144,7.285714285714286,1.7857142857142858,23.642857142857142,2.0,0.42857142857142855,440.64285714285717,358.7142857142857,27.0,2.9285714285714284,16.714285714285715,8.0,25.642857142857142,7.928571428571429,51.07142857142857,36.42857142857143,18.285714285714285,7.142857142857143,2.5,12.666666666666666,62.666666666666664,43.25,2.4545454545454546,1.1257142857142857,0.9,2.2666666666666666,0.6,1.6666666666666665,0.7666666666666667,15,62.4,4.8,5.6,13.4,10.2,3.2,3.0,5.0,12.0,11.8,3.8,6.0,1.0,16.6,1.5454545454545454,0.8,506.2,453.6,24.4,5.6,16.4,6.0,9.0,6.0,55.4,38.2,7.2,10.6,5.0,11.0,54.6,46.4,2.4,2.4875,0.5,1585.0,1599.0,-14.0,86.0,0.6212967231224545,1591.609621848223,1641.4577334891096,7.205204363948145,8.266936911159172,-1.0617325472110277,0.8715688097513068,1,0,20,1.0,0.0,2025-11-14,Saudi Arabia,Côte d'Ivoire,home,1585.0,1599.0,True,0.14341617191779085,0.35262205168575383,1585.0
1.8666666666666667,0.9333333333333333,0.9333333333333333,0.7333333333333333,15,64.46666666666667,4.2,4.733333333333333,11.8,8.066666666666666,3.7333333333333334,2.8,5.466666666666667,10.214285714285714,8.133333333333333,2.142857142857143,5.0,1.4285714285714286,19.133333333333333,1.1333333333333333,0.4666666666666667,608.4666666666667,537.1333333333333,32.733333333333334,4.666666666666667,11.533333333333333,8.266666666666667,13.4,6.0,49.0,28.533333333333335,14.466666666666667,7.0,2.272727272727273,9.666666666666666,72.75,41.416666666666664,2.3333333333333335,1.2033333333333331,1.2266666666666668,1.0,1.8,-0.8,0.4666666666666667,15,45.42857142857143,4.785714285714286,4.285714285714286,13.142857142857142,4.928571428571429,8.214285714285714,4.071428571428571,4.0,11.615384615384615,9.928571428571429,1.3076923076923077,7.928571428571429,4.142857142857143,16.714285714285715,1.3333333333333333,0.2857142857142857,349.92857142857144,293.0,20.357142857142858,2.857142857142857,14.0,8.785714285714286,18.857142857142858,9.214285714285714,47.214285714285715,31.428571428571427,7.714285714285714,8.071428571428571,1.5714285714285714,8.428571428571429,40.0,41.07142857142857,2.2142857142857144,0.94,1.75,1774.0,1689.0,85.0,185.0,0.7436345220073278,1805.6383519927451,1703.4242705256165,7.94733567594874,7.07700432679335,0.8703313491553901,1.1229801917543472,1,0,20,2.0,0.0,2025-11-14,South Korea,Bolivia,home,1774.0,1689.0,True,0.06572325830641128,0.033001847359546,1689.0
2.2666666666666666,0.6666666666666666,1.6,0.9333333333333333,15,61.6,5.733333333333333,5.6,14.133333333333333,9.2,4.933333333333334,2.8,7.933333333333334,12.066666666666666,14.133333333333333,2.2666666666666666,5.866666666666666,1.6666666666666667,21.933333333333334,1.8571428571428572,0.13333333333333333,528.0666666666667,455.93333333333334,29.666666666666668,6.733333333333333,13.2,7.333333333333333,15.733333333333333,7.4,53.4,32.8,13.733333333333333,6.666666666666667,2.9285714285714284,8.6,74.06666666666666,44.93333333333333,3.6,1.57,0.17666666666666667,1.0666666666666667,1.5333333333333334,-0.4666666666666668,0.4666666666666667,15,52.375,3.5,5.0,10.8,7.0,3.8,2.8,4.375,9.5,13.25,1.625,10.6,3.8,20.4,1.3076923076923077,0.2,430.6,358.6,24.8,3.6,12.2,8.2,20.2,11.6,52.2,36.2,12.4,9.8,1.75,7.6,55.2,46.6,3.8,0.978,1.116,1825.0,1397.0,428.0,528.0,0.9543232189603377,1878.077736422764,1417.7653576902874,8.147877196934795,7.3753526392327595,0.7725245577020354,1.104744084180143,1,0,20,1.0,0.0,2025-11-14,Morocco,Mozambique,home,1825.0,1397.0,True,0.002086368326145256,0.00894284342443053,1397.0
1.5333333333333334,1.0,0.5333333333333334,0.5666666666666667,15,54.44444444444444,4.666666666666667,6.111111111111111,18.5,9.75,8.75,3.75,4.555555555555555,14.88888888888889,15.88888888888889,1.3333333333333333,6.5,2.25,18.25,1.2,0.0,499.25,434.25,27.25,5.0,10.5,6.75,14.5,8.0,57.75,32.75,13.75,7.25,1.0,7.25,71.0,45.25,3.5,,,2.066666666666667,0.5333333333333333,1.5333333333333337,0.7333333333333333,15,63.2,5.466666666666667,5.0,13.0,8.666666666666666,4.333333333333333,2.533333333333333,4.133333333333334,10.357142857142858,13.333333333333334,1.9230769230769231,4.666666666666667,2.0714285714285716,15.266666666666667,1.5714285714285714,0.26666666666666666,615.6,549.8666666666667,26.933333333333334,3.466666666666667,15.266666666666667,9.466666666666667,13.533333333333333,7.933333333333334,53.0,34.6,9.466666666666667,6.6,3.066666666666667,9.8,61.13333333333333,46.266666666666666,2.8666666666666667,2.5500000000000003,0.7466666666666667,1567.0,2111.0,-544.0,-444.0,0.07203315850384262,1548.8937719311232,2172.5264892392875,7.402588055411201,8.525044807036846,-1.122456751625645,0.8683342109006708,1,0,20,0.0,2.0,2025-11-14,Angola,Argentina,home,1567.0,2111.0,True,0.005188775924039714,0.027242054162731864,1567.0
1.7333333333333334,1.0,0.7333333333333334,0.6,15,45.0,5.25,6.25,15.75,9.0,6.75,4.25,4.0,17.0,15.25,2.25,7.25,3.0,26.5,2.0,0.25,310.0,218.5,34.25,4.0,14.5,9.5,13.5,5.25,53.0,35.0,28.25,7.0,3.0,9.5,68.5,48.25,2.25,,,1.0,1.4,-0.3999999999999999,0.5,15,39.0,2.142857142857143,3.857142857142857,7.571428571428571,5.0,2.5714285714285716,1.5714285714285714,4.714285714285714,13.428571428571429,14.142857142857142,2.1666666666666665,11.0,3.2857142857142856,21.0,2.4,0.42857142857142855,291.0,215.0,26.285714285714285,3.5714285714285716,15.142857142857142,10.285714285714286,20.571428571428573,7.142857142857143,50.142857142857146,32.857142857142854,12.571428571428571,5.0,0.8333333333333334,9.285714285714286,52.285714285714285,41.857142857142854,2.2857142857142856,1.51,1.94,1528.0,1409.0,119.0,219.0,0.7791406208194696,1494.29659007233,1443.1239078995154,7.782973987785741,6.895035597452322,0.887938390333419,1.1287793772466537,1,0,20,3.0,2.0,2025-11-14,Burkina Faso,Niger,home,1528.0,1409.0,True,0.048778865372009324,0.051137955007740314,1409.0
1.4666666666666666,1.0666666666666667,0.3999999999999999,0.6,15,38.142857142857146,3.7142857142857144,4.857142857142857,11.333333333333334,6.5,4.833333333333333,3.0,4.142857142857143,14.166666666666666,9.142857142857142,1.8333333333333333,8.285714285714286,2.6666666666666665,21.142857142857142,1.8181818181818181,0.14285714285714285,315.3333333333333,229.16666666666666,23.666666666666668,2.8333333333333335,15.833333333333334,7.333333333333333,19.333333333333332,8.166666666666666,46.666666666666664,30.5,14.833333333333334,6.5,2.1666666666666665,9.833333333333334,61.166666666666664,50.5,2.0,0.41,0.86,0.6,1.9333333333333333,-1.3333333333333335,0.16666666666666666,15,34.5,1.25,2.75,5.75,2.25,3.5,1.75,1.75,13.75,13.0,1.75,9.75,4.25,18.75,1.9,0.0,254.25,195.75,31.75,2.0,16.75,6.5,26.25,9.25,46.75,36.0,10.0,6.25,0.6666666666666666,10.0,47.25,42.25,1.5,0.6625000000000001,1.9849999999999999,1432.0,1116.0,316.0,416.0,0.9164213770695134,1527.2141744997095,1113.2807569030806,6.478710755512759,6.741624257503812,-0.26291350199105246,0.961001460189892,1,0,20,2.0,1.0,2025-11-14,Uganda,Chad,home,1432.0,1116.0,True,0.006985386210956455,0.04194491940673154,1116.0
1.4,0.6,0.7999999999999999,0.7,15,46.666666666666664,4.636363636363637,6.7272727272727275,15.222222222222221,9.333333333333334,5.888888888888889,3.727272727272727,4.384615384615385,12.083333333333334,8.692307692307692,2.3333333333333335,6.2727272727272725,3.111111111111111,23.818181818181817,1.5454545454545454,0.18181818181818182,441.55555555555554,358.1111111111111,27.333333333333332,6.0,15.0,9.0,18.666666666666668,8.444444444444445,49.77777777777778,27.444444444444443,18.77777777777778,4.777777777777778,2.4444444444444446,10.666666666666666,69.11111111111111,51.333333333333336,2.2222222222222223,1.555,1.02,1.7333333333333334,0.3333333333333333,1.4000000000000001,0.8333333333333334,15,62.666666666666664,6.0,4.166666666666667,14.0,7.5,6.5,3.8333333333333335,4.142857142857143,12.0,10.0,2.4285714285714284,7.833333333333333,1.5,18.333333333333332,1.7692307692307692,0.3333333333333333,544.5,472.8333333333333,35.666666666666664,3.3333333333333335,14.833333333333334,6.333333333333333,18.833333333333332,4.833333333333333,51.333333333333336,30.5,12.166666666666666,5.666666666666667,1.8333333333333333,10.166666666666666,62.166666666666664,45.666666666666664,2.2,1.4783333333333335,0.7399999999999999,1714.0,1668.0,46.0,146.0,0.698558626418023,1704.403172589089,1674.6588254417927,7.724357804226426,7.6767393224275935,0.04761848179883277,1.0062029567240502,1,0,20,2.0,0.0,2025-11-14,Uzbekistan,Egypt,home,1714.0,1668.0,True,0.09086690170698901,0.1862103710510745,1668.0
2.066666666666667,1.6,0.4666666666666668,0.5333333333333333,15,58.733333333333334,4.6,3.933333333333333,12.466666666666667,8.2,4.266666666666667,3.933333333333333,5.6,11.533333333333333,11.133333333333333,1.5333333333333334,5.666666666666667,2.1333333333333333,18.933333333333334,1.9333333333333333,0.4666666666666667,562.9333333333333,495.93333333333334,25.6,4.066666666666666,14.2,7.133333333333334,16.0,9.266666666666667,48.53333333333333,32.2,9.133333333333333,6.8,2.533333333333333,8.533333333333333,57.4,44.266666666666666,1.9333333333333333,1.802,1.2533333333333334,2.1333333333333333,1.2666666666666666,0.8666666666666667,0.6,15,60.86666666666667,7.0,5.933333333333334,17.8,12.4,5.4,4.866666666666666,7.733333333333333,14.866666666666667,11.466666666666667,1.9333333333333333,6.066666666666666,3.1333333333333333,21.4,1.7333333333333334,0.5333333333333333,545.9333333333333,460.4,19.8,4.933333333333334,13.933333333333334,8.6,14.533333333333333,10.333333333333334,47.666666666666664,34.266666666666666,11.266666666666667,9.266666666666667,3.2,9.533333333333333,65.4,55.46666666666667,2.3333333333333335,2.3528571428571428,1.4478571428571432,1892.0,1674.0,218.0,318.0,0.8618278475799177,1890.9356027604783,1679.8461758990695,8.17414706509703,8.21431389477303,-0.04016682967600005,0.9951101418584017,1,0,40,4.0,1.0,2025-11-15,Switzerland,Sweden,home,1892.0,1674.0,True,0.019091543704398455,0.06694603888190058,1674.0
0.3333333333333333,2.466666666666667,-2.1333333333333333,0.16666666666666666,15,35.75,1.1666666666666667,1.75,3.9166666666666665,2.0,1.9166666666666667,1.0,1.1666666666666667,14.5,11.25,1.4545454545454546,10.583333333333334,4.083333333333333,17.5,2.8333333333333335,0.08333333333333333,271.1666666666667,192.75,14.916666666666666,1.3333333333333333,17.416666666666668,7.916666666666667,30.5,6.75,43.916666666666664,32.0,7.416666666666667,4.583333333333333,0.5454545454545454,10.666666666666666,35.916666666666664,45.416666666666664,1.0,0.35818181818181816,2.1727272727272724,1.4666666666666666,1.4666666666666666,0.0,0.5333333333333333,15,58.8,4.866666666666666,3.8,11.733333333333333,7.933333333333334,3.8,3.066666666666667,5.0,11.266666666666667,12.533333333333333,1.0714285714285714,7.466666666666667,1.8666666666666667,18.2,2.1333333333333333,0.13333333333333333,504.46666666666664,438.26666666666665,20.066666666666666,5.266666666666667,12.733333333333333,6.933333333333334,21.8,6.066666666666666,50.86666666666667,30.533333333333335,10.933333333333334,6.0,2.6,7.666666666666667,56.266666666666666,41.0,2.466666666666667,1.7364285714285717,1.5935714285714286,901.0,1692.0,-791.0,-691.0,0.01838406720224497,859.1036472867414,1697.57587971144,5.776701183988411,8.043558746914734,-2.2668575629263223,0.7181772851729565,1,0,40,0.0,1.0,2025-11-15,Liechtenstein,Wales,home,901.0,1692.0,True,0.00033797392689665924,0.00039326446457697877,901.0
0.8666666666666667,1.2,-0.33333333333333326,0.5333333333333333,15,42.07692307692308,3.1538461538461537,3.923076923076923,9.538461538461538,5.846153846153846,3.6923076923076925,2.4615384615384617,2.8461538461538463,12.615384615384615,10.692307692307692,1.4615384615384615,8.76923076923077,3.4615384615384617,21.076923076923077,2.0,0.23076923076923078,410.6923076923077,325.3076923076923,29.23076923076923,2.769230769230769,16.53846153846154,10.153846153846153,23.46153846153846,7.615384615384615,48.61538461538461,32.69230769230769,14.846153846153847,6.076923076923077,1.5384615384615385,10.076923076923077,43.61538461538461,48.30769230769231,1.3846153846153846,1.0223076923076924,1.5261538461538462,1.8,1.2666666666666666,0.5333333333333334,0.7,15,46.07692307692308,3.6923076923076925,5.0,11.461538461538462,7.076923076923077,4.384615384615385,2.769230769230769,3.230769230769231,11.692307692307692,11.461538461538462,1.6666666666666667,7.3076923076923075,3.0,18.53846153846154,2.3846153846153846,0.15384615384615385,414.15384615384613,335.46153846153845,29.0,3.8461538461538463,14.384615384615385,8.461538461538462,22.46153846153846,6.769230769230769,50.07692307692308,32.61538461538461,12.23076923076923,7.153846153846154,1.3076923076923077,9.0,54.84615384615385,51.84615384615385,1.75,1.2945454545454547,1.0663636363636364,1735.0,1665.0,70.0,170.0,0.726830072276731,1724.131815513383,1659.5966192414487,7.878263209913392,8.006466042249231,-0.1282028323358393,0.9839875880745229,1,0,40,0.0,2.0,2025-11-15,Slovenia,Kosovo,home,1735.0,1665.0,True,0.528281953965798,0.34662124890579327,1665.0
2.066666666666667,1.0666666666666667,1.0000000000000002,0.6666666666666666,15,53.0,5.333333333333333,6.6,16.133333333333333,10.066666666666666,6.066666666666666,4.2,4.733333333333333,11.933333333333334,11.533333333333333,1.7857142857142858,5.666666666666667,2.466666666666667,14.466666666666667,2.0714285714285716,0.26666666666666666,511.8666666666667,441.0,27.8,3.8666666666666667,15.2,9.0,16.066666666666666,5.666666666666667,50.4,32.266666666666666,11.0,6.266666666666667,2.5,9.466666666666667,52.8,49.4,1.7857142857142858,1.7864285714285713,1.1871428571428573,1.3333333333333333,1.1333333333333333,0.19999999999999996,0.5333333333333333,15,50.733333333333334,3.6,4.133333333333334,10.333333333333334,7.4,2.933333333333333,2.6,4.2,11.2,13.533333333333333,1.6,8.266666666666667,2.533333333333333,16.4,1.5333333333333334,0.26666666666666666,480.73333333333335,408.93333333333334,25.533333333333335,4.866666666666666,11.466666666666667,6.8,23.533333333333335,8.933333333333334,52.46666666666667,31.333333333333332,17.133333333333333,7.266666666666667,1.9333333333333333,7.066666666666666,50.333333333333336,44.733333333333334,2.4615384615384617,1.1653333333333333,1.3106666666666664,1760.0,1771.0,-11.0,89.0,0.6253513933075368,1757.5361818252775,1793.7138370588386,8.261143867700667,8.137651555021588,0.12349231267907967,1.01517542399599,1,0,40,3.0,2.0,2025-11-15,Greece,Scotland,home,1760.0,1771.0,True,0.14036157849660402,0.22201603183506646,1760.0
1.6666666666666667,1.4,0.26666666666666683,0.4666666666666667,15,51.92307692307692,3.923076923076923,5.076923076923077,12.23076923076923,7.3076923076923075,4.923076923076923,3.230769230769231,4.846153846153846,10.384615384615385,12.461538461538462,1.0833333333333333,8.153846153846153,2.6153846153846154,18.307692307692307,2.076923076923077,0.46153846153846156,497.9230769230769,429.53846153846155,24.53846153846154,2.8461538461538463,14.538461538461538,7.461538461538462,18.53846153846154,9.461538461538462,49.0,36.15384615384615,9.076923076923077,9.846153846153847,2.0833333333333335,8.846153846153847,48.07692307692308,44.76923076923077,2.0,1.310769230769231,1.1969230769230768,3.3333333333333335,1.6666666666666667,1.6666666666666667,0.8666666666666667,15,61.4,8.0,7.133333333333334,20.066666666666666,14.6,5.466666666666667,4.933333333333334,6.2,12.2,9.733333333333333,1.8,5.2,1.9333333333333333,16.2,2.0,0.4666666666666667,624.3333333333334,560.9333333333333,23.8,4.2,14.733333333333333,7.6,14.533333333333333,7.533333333333333,50.46666666666667,31.666666666666668,8.733333333333333,7.466666666666667,5.133333333333334,9.2,63.46666666666667,46.8,2.4285714285714284,2.824,0.9366666666666668,1685.0,2182.0,-497.0,-397.0,0.09234643180631803,1702.7152314215539,2172.9615741137836,8.175700215129194,8.679791170980355,-0.5040909558511615,0.9419236078470968,1,0,40,0.0,4.0,2025-11-15,Georgia,Spain,home,1685.0,2182.0,True,0.008527863467358947,0.03793639185311375,1685.0
2.066666666666667,1.4,0.666666666666667,0.6666666666666666,15,55.06666666666667,4.933333333333334,5.6,15.4,8.733333333333333,6.666666666666667,4.866666666666666,5.733333333333333,10.8,12.6,2.2666666666666666,7.0,2.466666666666667,17.2,2.2142857142857144,0.4,492.53333333333336,416.3333333333333,22.6,3.8666666666666667,13.933333333333334,8.466666666666667,16.666666666666668,8.066666666666666,53.2,34.86666666666667,12.933333333333334,8.8,2.2,9.0,56.53333333333333,44.93333333333333,2.6923076923076925,1.5986666666666665,1.1400000000000001,0.6,2.2,-1.6,0.3,15,43.42857142857143,2.7142857142857144,2.7857142857142856,6.928571428571429,4.285714285714286,2.642857142857143,1.4285714285714286,2.2857142857142856,12.785714285714286,12.357142857142858,2.0833333333333335,7.857142857142857,3.142857142857143,17.714285714285715,2.9166666666666665,0.2857142857142857,392.2857142857143,314.7142857142857,23.071428571428573,2.2857142857142856,14.214285714285714,9.285714285714286,26.714285714285715,7.714285714285714,48.642857142857146,31.642857142857142,12.428571428571429,5.785714285714286,0.8571428571428571,8.0,43.214285714285715,42.714285714285715,1.9285714285714286,0.6876923076923078,1.6376923076923076,1860.0,1428.0,432.0,532.0,0.9553164906282028,1865.5751229627936,1439.6283742404714,8.484442207642408,7.4704839943156855,1.0139582133267222,1.1357285838639433,1,0,40,2.0,0.0,2025-11-15,Türkiye,Bulgaria,home,1860.0,1428.0,True,0.0019966160097794894,0.006721461994939126,1428.0
1.4666666666666666,1.7333333333333334,-0.26666666666666683,0.43333333333333335,15,43.0,3.8461538461538463,4.615384615384615,11.23076923076923,7.846153846153846,3.3846153846153846,2.769230769230769,3.230769230769231,15.307692307692308,13.0,1.5,8.538461538461538,2.769230769230769,18.307692307692307,2.3076923076923075,0.23076923076923078,357.46153846153845,280.15384615384613,22.846153846153847,3.8461538461538463,13.076923076923077,7.0,25.923076923076923,7.6923076923076925,50.07692307692308,31.615384615384617,15.615384615384615,6.6923076923076925,1.9230769230769231,7.230769230769231,47.38461538461539,41.38461538461539,2.3846153846153846,1.4175000000000002,2.0199999999999996,1.9333333333333333,1.1333333333333333,0.8,0.6666666666666666,15,53.53333333333333,5.2,4.8,13.2,8.333333333333334,4.866666666666666,3.2,5.0,12.153846153846153,12.8,1.1333333333333333,7.133333333333334,2.7333333333333334,23.0,1.8666666666666667,0.4,454.6,374.46666666666664,25.2,3.4,13.933333333333334,7.6,20.733333333333334,8.8,49.53333333333333,34.333333333333336,11.0,8.066666666666666,2.7857142857142856,7.333333333333333,50.4,44.86666666666667,2.7333333333333334,1.6953333333333331,1.1066666666666667,1521.0,1677.0,-156.0,-56.0,0.42010023964211857,1527.6342526648718,1699.1071782259817,7.746634191154524,7.717753693210716,0.02888049794380798,1.0037420859866537,1,0,40,3.0,1.0,2025-11-15,Bosnia & Herzegovina,Romania,home,1521.0,1677.0,True,0.3362837320631284,0.3498341228349595,1521.0
0.7333333333333333,2.066666666666667,-1.3333333333333335,0.26666666666666666,15,42.214285714285715,2.642857142857143,4.5,10.5,5.285714285714286,5.214285714285714,3.357142857142857,3.642857142857143,12.692307692307692,9.142857142857142,1.3333333333333333,7.785714285714286,4.214285714285714,18.785714285714285,2.142857142857143,0.5,372.5,299.64285714285717,30.571428571428573,2.7857142857142856,18.285714285714285,9.714285714285714,25.142857142857142,9.857142857142858,46.642857142857146,34.857142857142854,12.0,7.714285714285714,1.0,10.928571428571429,45.92857142857143,50.142857142857146,0.8571428571428571,0.8928571428571429,1.925714285714286,2.066666666666667,1.2666666666666666,0.8000000000000003,0.5,15,59.86666666666667,5.666666666666667,6.133333333333334,17.066666666666666,11.133333333333333,5.933333333333334,5.266666666666667,7.933333333333334,10.333333333333334,9.4,1.6,6.0,2.3333333333333335,18.133333333333333,1.7333333333333334,0.3333333333333333,534.4,468.6666666666667,25.666666666666668,5.066666666666666,11.933333333333334,5.8,15.2,9.333333333333334,49.93333333333333,30.266666666666666,10.4,9.333333333333334,2.6,7.133333333333334,64.66666666666667,44.46666666666667,3.3333333333333335,2.176,1.0693333333333332,1406.0,1865.0,-459.0,-359.0,0.1123887401401455,1427.7760468960319,1879.4188986672316,7.089551882886454,8.384174138807033,-1.2946222559205793,0.845587384698001,1,0,40,1.0,1.0,2025-11-15,Kazakhstan,Belgium,home,1406.0,1865.0,True,0.15024248877014365,0.14621438837548387,1406.0
1.9333333333333333,0.9333333333333333,1.0,0.6333333333333333,15,54.4,5.666666666666667,4.2,14.533333333333333,9.133333333333333,5.4,4.666666666666667,7.0,11.4,12.4,1.3333333333333333,7.133333333333334,2.6,16.733333333333334,1.8666666666666667,0.4666666666666667,535.2,464.6,22.4,4.533333333333333,16.533333333333335,8.0,19.733333333333334,8.466666666666667,51.6,34.93333333333333,11.666666666666666,6.466666666666667,2.3333333333333335,10.133333333333333,59.666666666666664,49.06666666666667,2.466666666666667,1.7573333333333339,1.4153333333333333,1.1333333333333333,1.8666666666666667,-0.7333333333333334,0.4,15,41.2,3.7333333333333334,3.8666666666666667,10.5,6.538461538461538,4.3076923076923075,3.2142857142857144,4.266666666666667,15.071428571428571,12.571428571428571,1.5,8.142857142857142,4.214285714285714,17.285714285714285,2.2,0.07692307692307693,349.6923076923077,271.61538461538464,24.076923076923077,3.769230769230769,17.615384615384617,9.692307692307692,25.0,6.6923076923076925,50.76923076923077,36.15384615384615,14.692307692307692,7.153846153846154,0.9230769230769231,9.153846153846153,46.0,44.30769230769231,2.1666666666666665,0.9914285714285713,1.7392857142857143,1917.0,1464.0,453.0,553.0,0.9602018804600128,1923.24922760865,1443.026993713691,8.137733794753713,6.94571471405986,1.1920190806938527,1.1716193552091778,1,0,40,2.0,2.0,2025-11-15,Denmark,Belarus,home,1917.0,1464.0,True,0.21178577077893188,0.18403104847982849,1464.0
1.4,1.8,-0.40000000000000013,0.43333333333333335,15,49.142857142857146,4.928571428571429,5.142857142857143,13.714285714285714,8.923076923076923,4.3076923076923075,3.642857142857143,5.142857142857143,13.214285714285714,15.142857142857142,2.2142857142857144,6.928571428571429,3.2142857142857144,20.428571428571427,2.7857142857142856,0.46153846153846156,387.61538461538464,310.38461538461536,22.615384615384617,5.230769230769231,17.384615384615383,9.76923076923077,22.692307692307693,7.769230769230769,52.23076923076923,41.0,13.23076923076923,9.0,2.3846153846153846,10.692307692307692,53.15384615384615,48.69230769230769,2.5,1.6684615384615387,1.546153846153846,2.3333333333333335,0.8666666666666667,1.4666666666666668,0.6333333333333333,15,63.86666666666667,6.4,6.533333333333333,16.8,11.4,5.4,3.8666666666666667,5.066666666666666,12.142857142857142,9.866666666666667,2.2,4.8,1.4666666666666666,22.666666666666668,1.8571428571428572,0.5333333333333333,547.3333333333334,465.26666666666665,25.133333333333333,6.333333333333333,17.933333333333334,6.266666666666667,15.133333333333333,8.666666666666666,49.733333333333334,34.666666666666664,14.866666666666667,6.933333333333334,3.7142857142857144,10.6,68.26666666666667,55.13333333333333,2.2,2.3826666666666667,0.8326666666666667,1325.0,1829.0,-504.0,-404.0,0.08902396853465472,1327.3627355638005,1846.2521373658258,6.907894835416283,8.19423674872383,-1.286341913307547,0.8430187029307052,1,0,40,0.0,2.0,2025-11-15,Cyprus,Austria,home,1325.0,1829.0,True,0.007925266973659193,0.017622829639062667,1325.0
3.933333333333333,0.3333333333333333,3.5999999999999996,0.9,15,61.06666666666667,8.066666666666666,6.6,18.533333333333335,13.266666666666667,5.266666666666667,3.8666666666666667,5.733333333333333,12.307692307692308,8.4,2.066666666666667,4.8,2.0,18.866666666666667,1.4615384615384615,0.5333333333333333,557.6666666666666,483.4,30.666666666666668,4.333333333333333,13.8,10.133333333333333,11.733333333333333,6.6,49.4,27.133333333333333,10.6,5.333333333333333,4.466666666666667,10.466666666666667,68.06666666666666,51.53333333333333,2.7142857142857144,2.10875,0.645,0.9333333333333333,1.4666666666666666,-0.5333333333333332,0.3333333333333333,15,51.266666666666666,3.533333333333333,4.866666666666666,11.0,5.666666666666667,5.333333333333333,2.6,4.2,11.466666666666667,11.8,1.7142857142857142,6.0,2.8,19.466666666666665,2.4285714285714284,0.4,428.3333333333333,354.53333333333336,23.666666666666668,3.466666666666667,17.4,8.866666666666667,14.533333333333333,9.533333333333333,48.53333333333333,35.733333333333334,10.4,6.866666666666666,1.3571428571428572,10.866666666666667,50.333333333333336,45.06666666666667,2.2666666666666666,1.7566666666666666,0.9266666666666666,1922.0,1698.0,224.0,324.0,0.8658895824550439,1816.7744348781134,1713.3815092752518,8.063708559391417,7.587823171318955,0.47588538807246206,1.0627169844799824,1,0,20,0.0,2.0,2025-11-15,Russia,Chile,home,1922.0,1698.0,True,0.7497647690041702,0.6470794707611885,1698.0
1.1333333333333333,2.4,-1.2666666666666666,0.43333333333333335,15,,,,,,,,,,,,,,,1.6666666666666667,,,,,,,,,,,,,,,,,,,,,1.6,2.066666666666667,-0.4666666666666668,0.5,15,,,,,,,,,,,,,,,1.75,,,,,,,,,,,,,,,,,,,,,1120.0,1172.0,-52.0,48.0,0.5686413918836677,1099.495488754484,1160.0587193573808,,,,,1,0,20,0.0,1.0,2025-11-15,Papua New Guinea,Fiji,home,1120.0,1172.0,True,0.3233530325633949,0.20362114070246048,1120.0
1.0,1.1333333333333333,-0.1333333333333333,0.43333333333333335,15,54.8,1.8333333333333333,4.666666666666667,8.166666666666666,4.333333333333333,3.8333333333333335,1.6666666666666667,4.4,12.6,13.2,1.0,9.0,2.5,24.6,1.3636363636363635,0.5,409.8,323.2,25.0,3.6,14.4,10.0,21.2,10.2,49.6,31.4,16.8,4.8,0.6,9.4,65.4,44.6,1.2,0.38,1.34,0.9333333333333333,1.6666666666666667,-0.7333333333333334,0.4,15,38.0,3.142857142857143,4.428571428571429,10.857142857142858,4.714285714285714,6.142857142857143,3.2857142857142856,2.5714285714285716,11.857142857142858,12.857142857142858,2.7142857142857144,9.142857142857142,3.4285714285714284,17.0,1.5384615384615385,0.0,267.57142857142856,193.85714285714286,21.857142857142858,2.0,15.142857142857142,10.285714285714286,18.571428571428573,9.714285714285714,47.0,32.142857142857146,11.857142857142858,5.142857142857143,0.42857142857142855,9.0,49.0,44.142857142857146,2.5714285714285716,0.7933333333333333,1.9366666666666668,1479.0,1307.0,172.0,272.0,0.8271780169631395,1478.8762351401404,1331.2794520123043,6.75396586586516,6.205475036740891,0.5484908291242689,1.0883882097465234,1,0,20,2.0,0.0,2025-11-15,Guinea,Liberia,home,1479.0,1307.0,True,0.02986743782079289,0.04945944312089572,1307.0
1.6,1.8666666666666667,-0.2666666666666666,0.43333333333333335,15,50.333333333333336,5.416666666666667,4.916666666666667,12.727272727272727,7.363636363636363,5.363636363636363,2.8181818181818183,5.666666666666667,12.636363636363637,13.545454545454545,1.8181818181818181,7.636363636363637,3.727272727272727,22.09090909090909,1.1666666666666667,0.18181818181818182,357.1818181818182,279.09090909090907,27.272727272727273,4.7272727272727275,12.818181818181818,5.636363636363637,17.454545454545453,8.090909090909092,50.18181818181818,34.54545454545455,11.272727272727273,8.909090909090908,2.0,9.454545454545455,61.09090909090909,47.72727272727273,3.8181818181818183,0.992,1.656,1.4,3.2,-1.8000000000000003,0.23333333333333334,15,35.857142857142854,4.142857142857143,3.142857142857143,9.571428571428571,5.142857142857143,4.428571428571429,2.2857142857142856,4.555555555555555,10.428571428571429,12.428571428571429,1.1666666666666667,10.142857142857142,5.0,24.142857142857142,1.9090909090909092,0.0,236.14285714285714,159.28571428571428,22.0,3.142857142857143,17.285714285714285,7.142857142857143,20.714285714285715,8.571428571428571,50.285714285714285,35.857142857142854,8.571428571428571,6.142857142857143,1.3333333333333333,12.857142857142858,47.0,43.57142857142857,2.4285714285714284,1.1125,2.4525,1122.0,617.0,505.0,605.0,0.9701903450946798,1135.2593136088374,569.4523545317691,5.924795995797912,5.220108088040055,0.7046879077578572,1.134994888204018,1,0,20,4.0,1.0,2025-11-15,Grenada,US Virgin Islands,home,1122.0,617.0,True,0.0008886155255742789,0.004366351135450059,617.0
1.3333333333333333,3.933333333333333,-2.5999999999999996,0.16666666666666666,15,38.45454545454545,3.076923076923077,2.1538461538461537,7.3076923076923075,3.769230769230769,3.5384615384615383,2.076923076923077,3.357142857142857,10.181818181818182,10.454545454545455,1.8181818181818181,12.909090909090908,5.818181818181818,17.181818181818183,1.0714285714285714,0.07692307692307693,272.0,201.45454545454547,23.636363636363637,2.090909090909091,19.09090909090909,7.818181818181818,23.0,7.181818181818182,48.36363636363637,34.63636363636363,7.090909090909091,5.363636363636363,1.4545454545454546,12.909090909090908,41.36363636363637,44.0,2.0,1.8075,2.79,0.7333333333333333,2.0,-1.2666666666666666,0.2,15,34.666666666666664,1.7777777777777777,2.111111111111111,5.444444444444445,3.0,2.4444444444444446,1.5555555555555556,1.5555555555555556,12.88888888888889,11.555555555555555,1.375,11.555555555555555,3.2222222222222223,17.444444444444443,1.9090909090909092,0.2222222222222222,214.22222222222223,140.0,22.0,0.8888888888888888,19.88888888888889,7.111111111111111,25.555555555555557,5.333333333333333,51.77777777777778,37.22222222222222,11.666666666666666,6.333333333333333,0.7142857142857143,13.444444444444445,41.55555555555556,40.22222222222222,2.0,0.3925,1.3375000000000001,761.0,651.0,110.0,210.0,0.770096676660982,739.3868384165336,639.2760255224413,,,,,1,0,20,0.0,6.0,2025-11-15,Bahamas,British Virgin Islands,home,761.0,651.0,True,0.5930488914042891,0.5004249213182089,651.0
1.9333333333333333,2.4,-0.46666666666666656,0.36666666666666664,15,47.76923076923077,6.384615384615385,3.8461538461538463,14.076923076923077,8.692307692307692,5.384615384615385,3.8461538461538463,5.615384615384615,13.923076923076923,15.384615384615385,1.25,8.461538461538462,3.769230769230769,18.846153846153847,2.3076923076923075,0.15384615384615385,327.38461538461536,257.0769230769231,26.53846153846154,3.4615384615384617,13.76923076923077,8.0,16.923076923076923,7.923076923076923,49.15384615384615,35.84615384615385,7.3076923076923075,6.769230769230769,2.0,10.153846153846153,49.76923076923077,46.46153846153846,3.5384615384615383,3.385,1.0625,1.6,2.066666666666667,-0.4666666666666668,0.43333333333333335,15,43.75,4.230769230769231,3.3846153846153846,9.75,5.75,4.0,2.1666666666666665,3.7142857142857144,16.272727272727273,11.272727272727273,1.2222222222222223,9.454545454545455,3.4545454545454546,17.90909090909091,2.142857142857143,0.3333333333333333,291.72727272727275,229.9090909090909,33.09090909090909,2.5454545454545454,18.0,7.0,17.818181818181817,5.7272727272727275,48.45454545454545,33.36363636363637,4.181818181818182,4.2727272727272725,1.9090909090909092,12.454545454545455,43.18181818181818,38.27272727272727,2.6363636363636362,0.992,2.4619999999999997,949.0,921.0,28.0,128.0,0.676301669492737,912.8451583324847,953.5432898538177,,,,,1,0,20,0.0,3.0,2025-11-15,Barbados,Aruba,home,949.0,921.0,True,0.45738394815866323,0.38650027750317084,921.0
1.3333333333333333,0.7333333333333333,0.6,0.6333333333333333,15,58.333333333333336,4.133333333333334,5.533333333333333,11.4,6.2,5.2,2.5,5.285714285714286,11.142857142857142,13.928571428571429,2.5384615384615383,7.8,1.4,22.6,2.0714285714285716,0.2,463.2,393.0,24.4,2.8,12.8,8.3,16.2,6.4,50.0,29.7,7.9,5.4,2.5,8.2,57.4,42.4,2.6,1.91,0.18,0.8666666666666667,1.3333333333333333,-0.46666666666666656,0.4,15,52.45454545454545,2.8181818181818183,3.909090909090909,9.333333333333334,5.0,4.333333333333333,2.0,3.5454545454545454,13.272727272727273,12.909090909090908,2.4545454545454546,11.0,3.0,18.0,1.9166666666666667,0.3333333333333333,394.8888888888889,327.6666666666667,26.333333333333332,3.7777777777777777,12.555555555555555,8.0,21.0,8.88888888888889,48.0,30.22222222222222,9.88888888888889,5.888888888888889,1.625,9.0,58.666666666666664,45.666666666666664,2.888888888888889,1.1333333333333335,0.5033333333333333,1524.0,1373.0,151.0,251.0,0.809207997485838,1588.9260359329487,1411.6379395182184,7.424391554410278,7.060811119791346,0.36358043461893175,1.0514927291568275,1,0,20,3.0,1.0,2025-11-15,South Africa,Zambia,home,1524.0,1373.0,True,0.03640158822336398,0.04945784275362775,1373.0
1.6666666666666667,1.1333333333333333,0.5333333333333334,0.5666666666666667,15,61.4,4.2,3.933333333333333,11.866666666666667,7.266666666666667,4.6,3.7333333333333334,4.6,11.857142857142858,15.066666666666666,1.0,5.6,2.066666666666667,18.466666666666665,2.0,0.26666666666666666,522.4666666666667,458.6666666666667,22.466666666666665,3.2666666666666666,15.666666666666666,6.533333333333333,15.133333333333333,6.8,53.4,37.8,11.933333333333334,7.933333333333334,2.0714285714285716,9.6,53.733333333333334,42.86666666666667,3.1333333333333333,1.3933333333333333,0.9866666666666667,2.1333333333333333,1.1333333333333333,1.0,0.7,15,55.36363636363637,4.909090909090909,4.2727272727272725,11.818181818181818,7.7272727272727275,4.090909090909091,2.6363636363636362,4.636363636363637,15.222222222222221,15.363636363636363,1.2727272727272727,7.181818181818182,1.7272727272727273,21.727272727272727,1.4545454545454546,0.2727272727272727,422.09090909090907,345.90909090909093,27.636363636363637,3.727272727272727,13.909090909090908,7.2727272727272725,22.727272727272727,7.909090909090909,54.27272727272727,35.0,17.727272727272727,7.2727272727272725,2.1818181818181817,9.272727272727273,56.90909090909091,45.63636363636363,2.4545454545454546,1.02,1.16,1978.0,1809.0,169.0,269.0,0.8246953134461684,1966.1083511712832,1778.8473773218248,8.768490105171246,8.24395530197874,0.5245348031925054,1.0636265947568402,1,0,20,2.0,0.0,2025-11-15,Brazil,Senegal,home,1978.0,1809.0,True,0.030731733127737138,0.04866256813244945,1809.0
1.0666666666666667,1.0,0.06666666666666665,0.5333333333333333,15,45.6,2.0,2.2,5.2,3.2,2.0,1.0,2.8333333333333335,13.8,16.6,1.0,11.6,4.0,21.2,2.9285714285714284,0.0,326.4,246.6,20.4,2.4,16.8,8.2,32.6,7.8,50.8,38.6,13.4,5.6,1.2,9.4,46.0,43.0,1.6,0.516,1.314,0.6,0.8,-0.20000000000000007,0.5,15,45.666666666666664,2.3333333333333335,4.333333333333333,7.833333333333333,2.8333333333333335,5.0,1.1666666666666667,3.3333333333333335,11.8,20.166666666666668,2.0,7.166666666666667,2.3333333333333335,14.166666666666666,1.7272727272727273,0.0,361.5,278.5,24.0,1.8333333333333333,12.333333333333334,13.166666666666666,24.333333333333332,6.666666666666667,51.833333333333336,36.5,16.333333333333332,5.833333333333333,0.6666666666666666,7.666666666666667,57.0,43.666666666666664,3.1666666666666665,,,1418.0,1350.0,68.0,168.0,0.7245382428425361,1427.5969746614696,1415.7993144751385,,,,,1,0,20,1.0,0.0,2025-11-15,Libya,Mauritania,home,1418.0,1350.0,True,0.07587917965627762,0.15984931244996198,1350.0
0.6,1.8666666666666667,-1.2666666666666666,0.4,15,41.25,2.111111111111111,4.0,6.833333333333333,3.0,3.8333333333333335,1.5,2.75,13.625,12.25,2.125,11.4,3.2,20.0,2.1538461538461537,0.0,311.6,230.6,25.6,1.8,17.6,10.4,21.6,8.6,48.0,31.6,8.2,4.6,0.4,11.8,57.8,51.2,0.75,0.5825,2.3175,0.8,1.1333333333333333,-0.33333333333333326,0.36666666666666664,15,42.5,2.0,3.5,7.4,3.0,4.4,1.8,2.875,14.875,10.875,1.25,13.8,3.8,14.8,1.9230769230769231,0.4,318.8,240.6,23.4,1.2,18.6,11.4,21.4,6.8,45.2,30.0,9.6,2.6,1.25,10.8,49.4,49.2,1.6,0.5840000000000001,1.9359999999999995,1224.0,1244.0,-20.0,80.0,0.6131368201531431,1286.0721828866676,1307.7054154395216,5.941511432634403,6.133219456732494,-0.19170802409809085,0.968742676590897,1,0,20,0.0,0.0,2025-11-15,Lesotho,Malawi,home,1224.0,1244.0,True,0.012799940074364642,0.0009935476199850967,1224.0
1.8,1.4666666666666666,0.3333333333333335,0.5666666666666667,15,59.2,5.0,4.2,12.466666666666667,8.8,3.6666666666666665,3.2666666666666666,4.8,11.5,10.4,2.076923076923077,5.6,2.6666666666666665,18.8,1.6666666666666667,0.6,542.8666666666667,472.8,24.2,3.6,14.733333333333333,7.0,19.333333333333332,9.533333333333333,50.13333333333333,31.333333333333332,12.2,6.466666666666667,2.7333333333333334,9.4,55.86666666666667,42.8,1.9333333333333333,1.7886666666666668,1.0973333333333335,1.0666666666666667,0.8666666666666667,0.19999999999999996,0.6,15,38.53333333333333,3.466666666666667,3.533333333333333,10.266666666666667,5.866666666666666,4.4,3.2666666666666666,3.8666666666666667,13.0,10.666666666666666,1.5384615384615385,7.133333333333334,2.2857142857142856,19.466666666666665,2.076923076923077,0.4,300.46666666666664,224.26666666666668,20.533333333333335,3.6666666666666665,19.133333333333333,10.066666666666666,24.0,7.666666666666667,51.13333333333333,34.53333333333333,16.0,5.333333333333333,1.6153846153846154,11.733333333333333,43.93333333333333,43.0,2.7142857142857144,0.96,0.8400000000000001,1712.0,1833.0,-121.0,-21.0,0.469815319996098,1740.5844845092624,1842.2003452788138,7.965648469800588,7.931966114728173,0.033682355072414794,1.0042464068284247,1,0,20,2.0,1.0,2025-11-15,USA,Paraguay,home,1712.0,1833.0,True,0.28109579491084,0.3084493503707728,1712.0
0.9333333333333333,1.7333333333333334,-0.8,0.3,15,43.0,2.5833333333333335,2.75,6.636363636363637,3.3636363636363638,3.272727272727273,1.1666666666666667,3.0833333333333335,9.916666666666666,8.333333333333334,1.4166666666666667,11.5,2.6363636363636362,19.75,2.6666666666666665,0.3333333333333333,313.54545454545456,240.9090909090909,25.272727272727273,2.8181818181818183,14.0,11.545454545454545,23.727272727272727,7.636363636363637,45.63636363636363,37.90909090909091,16.0,8.454545454545455,1.1428571428571428,15.285714285714286,48.142857142857146,44.285714285714285,1.6666666666666667,0.652,1.624,0.7333333333333333,0.8,-0.06666666666666676,0.5,15,51.44444444444444,3.3333333333333335,6.555555555555555,11.571428571428571,5.571428571428571,6.0,2.142857142857143,2.2222222222222223,14.11111111111111,15.333333333333334,2.5555555555555554,7.285714285714286,2.4285714285714284,17.571428571428573,1.5833333333333333,0.2857142857142857,435.2857142857143,358.14285714285717,29.571428571428573,3.5714285714285716,13.714285714285714,8.857142857142858,20.142857142857142,7.142857142857143,50.857142857142854,34.0,14.714285714285714,6.428571428571429,1.7142857142857142,10.142857142857142,52.714285714285715,49.285714285714285,1.4285714285714286,,,1293.0,1336.0,-43.0,57.0,0.581301478368915,1347.1715992757224,1418.5163013125957,6.360593413565248,6.743274523511934,-0.38268110994668536,0.9432499583677956,1,0,20,4.0,3.0,2025-11-15,Kuwait,Tanzania,home,1293.0,1336.0,True,0.17530845201605616,0.29538551975811306,1293.0
1.1333333333333333,2.2666666666666666,-1.1333333333333333,0.23333333333333334,15,38.0,3.8666666666666667,3.6666666666666665,10.866666666666667,5.733333333333333,5.133333333333334,3.3333333333333335,3.533333333333333,12.266666666666667,12.933333333333334,2.3333333333333335,7.533333333333333,3.7333333333333334,18.733333333333334,2.3333333333333335,0.13333333333333333,292.3333333333333,218.4,22.0,3.0,17.066666666666666,10.666666666666666,22.133333333333333,8.8,50.8,34.86666666666667,15.333333333333334,5.933333333333334,1.4,10.933333333333334,51.0,42.46666666666667,1.4666666666666666,0.89,2.2866666666666666,1.8,0.6666666666666666,1.1333333333333333,0.7333333333333333,15,47.733333333333334,3.6,3.466666666666667,9.333333333333334,7.133333333333334,2.2,2.2666666666666666,3.7333333333333334,9.307692307692308,11.533333333333333,1.8571428571428572,7.133333333333334,2.466666666666667,24.333333333333332,1.6923076923076923,0.3333333333333333,422.8666666666667,344.53333333333336,24.066666666666666,3.6666666666666665,12.466666666666667,8.733333333333333,21.333333333333332,9.466666666666667,50.266666666666666,28.533333333333335,18.866666666666667,5.4,2.6153846153846154,7.933333333333334,46.733333333333334,44.6,2.2142857142857144,0.8825000000000001,1.4,1727.0,1782.0,-55.0,45.0,0.5644004902404213,1723.0343371996628,1806.6065717432277,7.407475885291256,7.31164792265252,0.09582796263873572,1.0131062058310887,1,0,20,1.0,0.0,2025-11-15,Venezuela,Australia,home,1727.0,1782.0,True,0.18974693290278533,0.23436243289830597,1727.0
1.5333333333333334,1.8666666666666667,-0.33333333333333326,0.5,15,48.285714285714285,4.428571428571429,4.571428571428571,12.0,7.285714285714286,4.714285714285714,3.0,4.5,12.142857142857142,10.428571428571429,1.6153846153846154,9.5,2.7142857142857144,16.571428571428573,2.1538461538461537,0.2857142857142857,423.64285714285717,348.92857142857144,23.428571428571427,3.9285714285714284,18.5,7.714285714285714,20.357142857142858,6.571428571428571,50.42857142857143,33.642857142857146,11.071428571428571,5.357142857142857,2.4615384615384617,11.285714285714286,52.142857142857146,43.5,1.6428571428571428,1.282142857142857,1.502857142857143,1.8666666666666667,1.9333333333333333,-0.06666666666666665,0.4,15,48.6,4.133333333333334,4.0,10.333333333333334,5.933333333333334,4.4,2.2,3.4,12.333333333333334,11.066666666666666,0.8666666666666667,6.4,3.8666666666666667,16.6,2.2,0.26666666666666666,434.8666666666667,355.8666666666667,22.266666666666666,3.6666666666666665,13.866666666666667,7.666666666666667,25.133333333333333,5.066666666666666,49.266666666666666,30.0,13.2,5.8,2.066666666666667,8.333333333333334,52.333333333333336,45.733333333333334,2.2666666666666666,1.2726666666666666,1.8526666666666667,1788.0,1580.0,208.0,308.0,0.8548291775317596,1783.0038328083378,1602.9060531314676,8.282848602834644,7.7671929836824685,0.5156556191521755,1.0663889284372718,1,0,40,2.0,0.0,2025-11-16,Ukraine,Iceland,home,1788.0,1580.0,True,0.021074567696105377,0.03052323202301755,1580.0
1.4,2.1333333333333333,-0.7333333333333334,0.4,15,44.785714285714285,4.071428571428571,3.5,10.0,5.714285714285714,4.285714285714286,2.4285714285714284,3.5,9.923076923076923,10.714285714285714,1.6428571428571428,9.0,3.5,13.5,1.2307692307692308,0.2857142857142857,411.2857142857143,345.2142857142857,20.428571428571427,1.3571428571428572,18.357142857142858,7.357142857142857,23.785714285714285,6.357142857142857,50.642857142857146,34.642857142857146,7.5,5.785714285714286,1.5714285714285714,11.5,36.285714285714285,42.214285714285715,1.2857142857142858,1.0878571428571429,2.018571428571428,0.8,2.2666666666666666,-1.4666666666666666,0.3333333333333333,15,41.5,3.1666666666666665,4.333333333333333,10.666666666666666,6.166666666666667,4.5,3.1666666666666665,3.4166666666666665,13.909090909090908,12.416666666666666,1.4545454545454546,8.916666666666666,4.2727272727272725,18.0,2.1666666666666665,0.16666666666666666,348.0833333333333,263.8333333333333,23.75,4.083333333333333,15.0,9.666666666666666,28.5,7.083333333333333,50.666666666666664,32.5,19.333333333333332,5.666666666666667,1.0909090909090908,8.333333333333334,45.916666666666664,46.583333333333336,2.1666666666666665,0.9833333333333334,2.3616666666666664,1615.0,1304.0,311.0,411.0,0.9141902593095826,1601.8546275066194,1301.1926272198295,7.591398551281249,6.779957051246906,0.8114415000343431,1.1196823953162227,1,0,40,4.0,1.0,2025-11-16,Israel,Moldova,home,1615.0,1304.0,True,0.0073633115973566685,0.0157310802273521,1304.0
0.4,2.466666666666667,-2.066666666666667,0.1,15,41.53846153846154,3.0,3.230769230769231,8.307692307692308,4.846153846153846,3.4615384615384617,2.076923076923077,4.230769230769231,11.076923076923077,11.846153846153847,1.7692307692307692,10.23076923076923,4.384615384615385,17.46153846153846,2.6153846153846154,0.46153846153846156,367.3076923076923,290.38461538461536,21.923076923076923,2.5384615384615383,15.461538461538462,8.307692307692308,25.076923076923077,7.461538461538462,49.61538461538461,34.07692307692308,9.384615384615385,7.230769230769231,1.9230769230769231,9.538461538461538,41.53846153846154,44.84615384615385,1.6923076923076923,1.1976923076923078,2.416153846153846,2.533333333333333,1.3333333333333333,1.2,0.7333333333333333,15,60.13333333333333,7.133333333333334,7.533333333333333,19.6,12.933333333333334,6.666666666666667,4.933333333333334,6.733333333333333,10.866666666666667,12.6,0.9285714285714286,4.4,2.066666666666667,18.8,2.0714285714285716,0.5333333333333333,604.5333333333333,541.8,23.866666666666667,4.733333333333333,15.466666666666667,7.4,12.0,10.333333333333334,51.666666666666664,38.0,11.666666666666666,10.2,3.6,9.866666666666667,69.53333333333333,49.4,3.466666666666667,2.178,1.1186666666666667,1341.0,2061.0,-720.0,-620.0,0.027411274627306505,1353.0798647587894,2087.2693303895426,6.875639937004168,8.660865478003869,-1.7852255409997007,0.7938744637549602,1,0,40,1.0,3.0,2025-11-16,Azerbaijan,France,home,1341.0,2061.0,True,0.0007513779766936174,0.00221416765296756,1341.0
0.8666666666666667,1.0666666666666667,-0.19999999999999996,0.5,15,43.86666666666667,3.2,5.333333333333333,11.333333333333334,7.466666666666667,3.8666666666666667,2.8,4.4,12.214285714285714,10.666666666666666,1.2307692307692308,7.8,3.533333333333333,15.4,2.2142857142857144,0.26666666666666666,391.3333333333333,327.1333333333333,26.2,4.666666666666667,15.666666666666666,6.733333333333333,25.066666666666666,8.933333333333334,49.93333333333333,31.333333333333332,13.133333333333333,5.6,1.8,9.266666666666667,48.6,43.4,1.5333333333333334,1.2326666666666666,1.538,0.5333333333333333,1.6,-1.0666666666666669,0.3,15,43.92307692307692,2.1538461538461537,3.4615384615384617,8.153846153846153,5.153846153846154,3.0,2.5384615384615383,3.076923076923077,10.846153846153847,10.076923076923077,1.4615384615384615,9.692307692307692,3.3333333333333335,18.53846153846154,1.9230769230769231,0.07692307692307693,405.53846153846155,331.15384615384613,23.846153846153847,3.3846153846153846,15.384615384615385,7.384615384615385,26.692307692307693,5.384615384615385,51.0,28.76923076923077,14.076923076923077,4.384615384615385,1.25,8.846153846153847,43.92307692307692,41.53846153846154,1.3846153846153846,0.8038461538461538,1.7638461538461538,1813.0,1287.0,526.0,626.0,0.9734946484719849,1772.5072857061161,1302.6410353641843,8.101059354908115,6.716420733846555,1.3846386210615593,1.2061572191396301,1,0,40,2.0,1.0,2025-11-16,Serbia,Latvia,home,1813.0,1287.0,True,0.0007025336596236546,0.0032015465957099948,1287.0
2.466666666666667,1.4,1.0666666666666669,0.7333333333333333,15,56.333333333333336,6.2,5.933333333333334,16.666666666666668,11.666666666666666,5.0,4.533333333333333,5.466666666666667,10.928571428571429,13.266666666666667,1.3076923076923077,5.933333333333334,2.2666666666666666,17.2,1.5,0.4666666666666667,527.9333333333333,463.2,26.4,6.666666666666667,14.066666666666666,6.466666666666667,16.2,6.666666666666667,52.53333333333333,31.8,9.733333333333333,4.866666666666666,3.533333333333333,8.333333333333334,53.4,42.0,3.066666666666667,2.1153333333333335,1.0426666666666666,3.3333333333333335,0.8,2.533333333333333,0.8666666666666667,15,57.333333333333336,6.733333333333333,5.933333333333334,18.333333333333332,13.466666666666667,4.866666666666666,5.666666666666667,5.933333333333334,8.785714285714286,10.666666666666666,1.0,4.8,1.9333333333333333,16.0,1.0,0.8,539.5333333333333,477.8,20.866666666666667,5.533333333333333,12.8,6.4,14.466666666666667,8.933333333333334,52.4,34.666666666666664,13.333333333333334,11.466666666666667,4.266666666666667,8.533333333333333,61.4,45.733333333333334,2.4285714285714284,2.6206666666666663,0.7653333333333333,1907.0,1874.0,33.0,133.0,0.6825703854747719,1932.200315814221,1880.645482235283,8.581038948772168,8.57348661058725,0.007552338184918739,1.0008808946147525,1,0,40,1.0,4.0,2025-11-16,Italy,Norway,home,1907.0,1874.0,True,0.4659023311271787,0.2705180315239147,1874.0
2.533333333333333,1.3333333333333333,1.2,0.7666666666666667,15,61.6,5.933333333333334,7.333333333333333,18.0,11.8,6.2,4.733333333333333,6.466666666666667,11.307692307692308,9.8,2.533333333333333,5.4,3.066666666666667,17.2,2.066666666666667,0.7333333333333333,621.1333333333333,563.0,23.133333333333333,5.266666666666667,14.2,6.533333333333333,16.466666666666665,5.8,50.06666666666667,31.6,10.466666666666667,8.266666666666667,3.7333333333333334,8.8,62.13333333333333,45.0,2.2,2.3366666666666664,1.2913333333333332,1.0,2.3333333333333335,-1.3333333333333335,0.26666666666666666,15,49.46153846153846,4.153846153846154,4.461538461538462,12.384615384615385,5.6923076923076925,6.6923076923076925,3.769230769230769,5.0,9.846153846153847,9.76923076923077,1.6153846153846154,8.076923076923077,2.3846153846153846,20.692307692307693,1.4615384615384615,0.38461538461538464,445.6923076923077,371.38461538461536,23.076923076923077,2.4615384615384617,15.692307692307692,9.846153846153847,19.846153846153847,7.538461538461538,47.61538461538461,34.07692307692308,9.23076923076923,8.76923076923077,1.3846153846153846,9.538461538461538,49.23076923076923,46.30769230769231,1.6153846153846154,1.0138461538461538,1.3607692307692305,1974.0,1391.0,583.0,683.0,0.9807661828592751,2027.3585341348034,1409.1952910120021,8.718584720027437,7.537882031742018,1.180702688285419,1.1566358671193686,1,0,40,9.0,1.0,2025-11-16,Portugal,Armenia,home,1974.0,1391.0,True,0.0003699397218028437,0.002744901815402284,1391.0
1.0666666666666667,1.8,-0.7333333333333334,0.43333333333333335,15,43.06666666666667,4.2,5.866666666666666,13.066666666666666,8.733333333333333,4.333333333333333,3.0,4.666666666666667,12.714285714285714,11.666666666666666,1.5714285714285714,7.533333333333333,3.2,16.733333333333334,1.8,0.4,380.8666666666667,308.4,22.333333333333332,5.933333333333334,15.6,10.066666666666666,26.2,5.4,49.733333333333334,30.533333333333335,15.066666666666666,4.333333333333333,2.466666666666667,10.466666666666667,45.53333333333333,42.93333333333333,1.6666666666666667,1.4579999999999997,1.7893333333333337,0.9333333333333333,1.3333333333333333,-0.3999999999999999,0.5,15,42.0,3.533333333333333,4.6,10.4,7.466666666666667,2.933333333333333,2.2666666666666666,3.466666666666667,11.285714285714286,10.466666666666667,2.272727272727273,8.6,3.6,18.4,2.7142857142857144,0.3333333333333333,378.2,302.73333333333335,21.4,5.533333333333333,13.333333333333334,6.666666666666667,19.866666666666667,8.133333333333333,50.8,28.533333333333335,17.2,5.466666666666667,2.0,8.266666666666667,49.86666666666667,41.93333333333333,1.6,1.187333333333333,1.6973333333333336,1727.0,1659.0,68.0,168.0,0.7245382428425361,1757.0899777797647,1666.4393681906695,8.249626319225825,8.143092903748938,0.10653341547688733,1.0130826722396649,1,0,40,2.0,3.0,2025-11-16,Hungary,Ireland,home,1727.0,1659.0,True,0.5249556653413499,0.40782603834402403,1659.0
1.7333333333333334,1.0666666666666667,0.6666666666666667,0.5,15,57.666666666666664,5.2,5.266666666666667,13.4,8.733333333333333,4.666666666666667,2.933333333333333,4.266666666666667,13.642857142857142,12.0,2.0,6.266666666666667,2.7333333333333334,18.8,1.6,0.4666666666666667,453.4,389.46666666666664,25.866666666666667,4.866666666666666,14.466666666666667,7.466666666666667,16.933333333333334,8.933333333333334,49.2,32.666666666666664,12.333333333333334,7.066666666666666,3.2,9.466666666666667,53.666666666666664,43.333333333333336,2.4,1.0833333333333333,0.6566666666666667,2.7333333333333334,0.8666666666666667,1.8666666666666667,0.6,15,44.666666666666664,3.3333333333333335,3.0,8.0,4.333333333333333,3.6666666666666665,1.6666666666666667,3.0,12.75,11.5,1.1666666666666667,8.0,3.1666666666666665,22.0,2.0,0.16666666666666666,412.0,331.6666666666667,22.5,1.8333333333333333,16.666666666666668,9.0,19.0,9.333333333333334,44.833333333333336,32.5,8.166666666666666,4.5,1.6,10.333333333333334,52.333333333333336,46.5,1.3333333333333333,0.8875000000000001,1.065,1990.0,1589.0,401.0,501.0,0.9470491982010917,2010.143522741998,1579.4037405390027,8.117271295655764,7.105680462945809,1.0115908327099543,1.14236368184372,1,0,20,2.0,1.0,2025-11-16,Colombia,New Zealand,home,1990.0,1589.0,True,0.0028037874111472728,0.010619339791327951,1589.0
2.1333333333333333,1.0666666666666667,1.0666666666666667,0.6333333333333333,15,47.0,5.285714285714286,4.571428571428571,11.666666666666666,7.166666666666667,4.5,2.0,5.571428571428571,13.571428571428571,13.428571428571429,2.0,6.5,3.1666666666666665,24.833333333333332,2.0,0.16666666666666666,308.1666666666667,229.33333333333334,21.666666666666668,4.666666666666667,13.666666666666666,8.666666666666666,21.833333333333332,8.166666666666666,50.833333333333336,33.666666666666664,11.0,6.333333333333333,2.3333333333333335,10.166666666666666,54.833333333333336,43.333333333333336,4.166666666666667,1.2375,1.6099999999999999,1.2666666666666666,1.6666666666666667,-0.40000000000000013,0.5666666666666667,15,41.44444444444444,3.8,3.6,9.5,5.8,3.7,2.1,4.083333333333333,11.11111111111111,13.333333333333334,1.5555555555555556,9.444444444444445,4.0,16.88888888888889,0.8181818181818182,0.1,307.1111111111111,227.55555555555554,24.77777777777778,4.333333333333333,15.11111111111111,7.222222222222222,18.11111111111111,6.555555555555555,50.333333333333336,34.111111111111114,10.0,5.888888888888889,1.6666666666666667,11.0,55.888888888888886,48.666666666666664,3.3333333333333335,1.0150000000000001,1.8224999999999998,1171.0,1008.0,163.0,263.0,0.8196458144946892,1181.1400608995887,1068.9673568382195,,,,,1,0,20,3.0,1.0,2025-11-16,Saint Vincent and the Grenadines,Saint Lucia,home,1171.0,1008.0,True,0.03252763222928406,0.06115562044163557,1008.0
1.6,1.0,0.6000000000000001,0.7333333333333333,15,56.266666666666666,4.933333333333334,5.0,13.2,7.333333333333333,5.866666666666666,3.2666666666666666,4.2,14.214285714285714,13.2,1.3571428571428572,6.733333333333333,1.6,19.8,2.066666666666667,0.3333333333333333,475.06666666666666,404.73333333333335,23.0,4.0,18.666666666666668,8.533333333333333,22.0,8.6,51.733333333333334,37.2,13.2,5.933333333333334,2.7857142857142856,11.933333333333334,50.4,41.0,2.1333333333333333,1.349333333333333,0.7953333333333334,0.8666666666666667,0.6,0.2666666666666667,0.5666666666666667,15,55.42857142857143,2.857142857142857,4.428571428571429,10.357142857142858,5.785714285714286,4.571428571428571,3.0714285714285716,5.071428571428571,12.23076923076923,11.571428571428571,1.9,8.357142857142858,3.0714285714285716,18.285714285714285,2.0,0.21428571428571427,446.57142857142856,370.92857142857144,26.571428571428573,4.071428571428571,17.285714285714285,8.714285714285714,21.428571428571427,6.928571428571429,50.142857142857146,35.92857142857143,12.571428571428571,7.428571428571429,0.7692307692307693,11.571428571428571,53.785714285714285,50.214285714285715,1.9285714285714286,0.93,0.6599999999999999,1846.0,1914.0,-68.0,32.0,0.5459219227804837,1804.9720724869694,1956.4913752084597,7.923244018630276,8.034628452615214,-0.11138443398493791,0.986136952736292,1,0,20,0.0,0.0,2025-11-16,Mexico,Uruguay,home,1846.0,1914.0,True,0.002108822991856706,0.00010630279083909355,1846.0
0.8666666666666667,2.3333333333333335,-1.4666666666666668,0.3333333333333333,15,40.77777777777778,3.3636363636363638,2.909090909090909,7.818181818181818,4.2727272727272725,3.5454545454545454,1.5454545454545454,3.3,12.222222222222221,13.666666666666666,1.1111111111111112,10.666666666666666,3.5555555555555554,20.88888888888889,1.5454545454545454,0.09090909090909091,268.77777777777777,190.66666666666666,23.0,2.3333333333333335,19.444444444444443,5.888888888888889,23.11111111111111,8.222222222222221,49.77777777777778,39.22222222222222,10.777777777777779,6.333333333333333,0.8571428571428571,13.666666666666666,50.55555555555556,44.22222222222222,2.111111111111111,0.81,0.74,0.9333333333333333,2.533333333333333,-1.5999999999999999,0.3,15,33.888888888888886,2.111111111111111,1.8888888888888888,5.75,3.0,2.75,1.625,1.6,9.75,10.5,0.42857142857142855,14.5,5.0,17.875,1.4545454545454546,0.0,223.125,145.5,17.25,0.875,18.375,11.25,29.125,6.5,48.625,34.625,6.875,6.125,0.2857142857142857,11.75,35.375,44.5,2.142857142857143,1.0075,1.7275,806.0,645.0,161.0,261.0,0.8179376310581157,790.5629545589414,591.4940551472944,,,,,1,0,20,4.0,0.0,2025-11-16,Cayman Islands,Anguilla,home,806.0,645.0,True,0.033146706184730805,0.07416144303766203,645.0
2.0,1.2,0.8,0.7333333333333333,15,53.4,2.0,3.2,7.8,4.2,3.6,2.6,5.0,16.8,13.8,1.8,7.4,0.8,25.2,2.0,0.2,377.4,290.2,29.8,3.6,10.6,6.4,25.0,9.6,45.0,28.2,19.8,5.0,1.0,6.6,67.4,45.6,2.6,0.8,1.13,1.6666666666666667,0.7333333333333333,0.9333333333333335,0.7666666666666667,15,41.2,3.4,6.6,13.8,7.6,6.2,3.8,4.6,17.0,13.2,1.8,8.6,2.6,18.4,1.3636363636363635,0.0,289.8,215.0,28.6,4.4,13.4,7.8,18.6,6.6,47.2,27.8,13.8,3.2,2.2,9.8,65.8,45.0,2.8,,,1628.0,1615.0,13.0,113.0,0.6571186864870786,1626.2009600458985,1649.5236941773062,8.307891643288634,7.908324139276179,0.3995675040124551,1.05052492752896,1,0,40,4.0,5.0,2025-11-16,Nigeria,DR Congo,home,1628.0,1615.0,True,0.4318049681305035,0.37032039251166604,1615.0
1.0666666666666667,0.7333333333333333,0.33333333333333337,0.6333333333333333,15,50.61538461538461,2.8461538461538463,4.538461538461538,9.76923076923077,5.230769230769231,4.538461538461538,2.3846153846153846,3.1538461538461537,9.76923076923077,14.615384615384615,0.7777777777777778,8.076923076923077,2.5384615384615383,17.46153846153846,1.3846153846153846,0.15384615384615385,496.15384615384613,433.0769230769231,27.53846153846154,2.6923076923076925,12.846153846153847,7.384615384615385,20.923076923076923,8.615384615384615,50.38461538461539,34.07692307692308,11.0,7.615384615384615,1.2307692307692308,7.6923076923076925,55.69230769230769,40.15384615384615,2.230769230769231,0.7953846153846154,1.0907692307692307,2.6666666666666665,0.4,2.2666666666666666,0.8666666666666667,15,71.2,6.8,5.466666666666667,17.2,11.8,5.333333333333333,4.933333333333334,7.266666666666667,9.2,11.2,1.4166666666666667,3.6,1.3333333333333333,14.533333333333333,1.4615384615384615,0.4666666666666667,690.8,633.2666666666667,21.333333333333332,5.0,12.4,5.6,9.333333333333334,5.8,54.0,32.8,9.866666666666667,9.666666666666666,3.9285714285714284,8.133333333333333,82.0,42.8,3.0714285714285716,2.356,0.5546666666666665,1675.0,2031.0,-356.0,-256.0,0.18638778949441326,1685.4841415393412,2064.999657619092,7.644044492814749,8.793650717707173,-1.1496062248924241,0.869268605065523,1,0,40,0.0,2.0,2025-11-16,Albania,England,home,1675.0,2031.0,True,0.03474040807261371,0.042665013065064046,1675.0
0.6666666666666666,1.6666666666666667,-1.0,0.43333333333333335,15,45.833333333333336,2.5,3.5833333333333335,8.916666666666666,4.083333333333333,4.833333333333333,2.8333333333333335,2.5833333333333335,13.5,15.416666666666666,1.7272727272727273,8.333333333333334,3.6666666666666665,19.833333333333332,2.5454545454545454,0.08333333333333333,385.6666666666667,303.5833333333333,24.0,2.3333333333333335,15.75,8.25,22.333333333333332,7.833333333333333,47.916666666666664,36.583333333333336,13.833333333333334,6.75,1.0,10.166666666666666,45.666666666666664,46.666666666666664,1.0833333333333333,0.6745454545454547,2.0900000000000003,1.5333333333333334,1.4,0.13333333333333353,0.5666666666666667,15,45.142857142857146,5.428571428571429,5.571428571428571,15.428571428571429,8.857142857142858,6.571428571428571,4.428571428571429,5.071428571428571,12.384615384615385,12.785714285714286,1.6666666666666667,8.0,2.7857142857142856,16.642857142857142,1.7692307692307692,0.07142857142857142,407.7857142857143,340.64285714285717,23.214285714285715,3.7142857142857144,17.714285714285715,8.428571428571429,21.928571428571427,6.285714285714286,52.642857142857146,37.142857142857146,12.714285714285714,7.285714285714286,2.3846153846153846,10.928571428571429,44.785714285714285,43.357142857142854,1.9285714285714286,1.4649999999999999,1.4614285714285713,1283.0,1730.0,-447.0,-347.0,0.11946643775259876,1286.4682259267624,1745.9347721439444,7.00987563371216,7.928267798450124,-0.9183921647379636,0.8841623179129371,1,0,40,2.0,3.0,2025-11-17,Malta,Poland,home,1283.0,1730.0,True,0.014272229749295554,0.027371361582273206,1283.0
3.0,1.4,1.6,0.6666666666666666,15,61.733333333333334,5.866666666666666,5.666666666666667,15.8,11.0,4.8,4.266666666666667,5.733333333333333,10.066666666666666,12.266666666666667,1.9285714285714286,4.8,2.4,13.733333333333333,1.0714285714285714,0.7333333333333333,600.8666666666667,542.5333333333333,18.266666666666666,5.733333333333333,11.333333333333334,6.266666666666667,15.733333333333333,8.466666666666667,53.4,32.0,12.0,8.266666666666667,3.6666666666666665,6.666666666666667,67.4,42.8,3.466666666666667,2.2266666666666666,1.122666666666667,0.6666666666666666,1.8,-1.1333333333333333,0.13333333333333333,15,46.6,3.066666666666667,4.4,9.0,4.933333333333334,4.066666666666666,1.5333333333333334,2.2666666666666666,16.333333333333332,14.933333333333334,1.6363636363636365,7.0,3.0,20.0,2.066666666666667,0.26666666666666666,370.73333333333335,286.73333333333335,25.333333333333332,2.8666666666666667,14.2,9.2,28.066666666666666,8.266666666666667,48.0,33.8,17.866666666666667,4.933333333333334,1.0,8.8,53.93333333333333,47.266666666666666,3.0,0.798,1.4666666666666663,1958.0,1278.0,680.0,780.0,0.9889043111336924,1951.7074560355156,1265.1861290205086,8.640083731373121,7.098989639401177,1.541094091971944,1.217086398241587,1,0,40,4.0,0.0,2025-11-17,Netherlands,Lithuania,home,1958.0,1278.0,True,0.0001231143114179031,0.003912018404213526,1278.0
2.2666666666666666,1.0,1.2666666666666666,0.7,15,65.0,5.933333333333334,6.0,16.4,11.933333333333334,4.466666666666667,4.466666666666667,5.4,12.0,11.133333333333333,1.6666666666666667,5.4,2.466666666666667,17.466666666666665,1.9333333333333333,0.5333333333333333,610.6,543.6666666666666,22.866666666666667,4.466666666666667,14.133333333333333,7.4,15.666666666666666,8.066666666666666,50.53333333333333,31.133333333333333,12.6,6.466666666666667,3.7333333333333334,8.066666666666666,57.4,44.266666666666666,2.6666666666666665,2.241333333333334,1.0906666666666667,1.1333333333333333,0.8666666666666667,0.2666666666666666,0.6,15,52.214285714285715,4.642857142857143,4.785714285714286,13.214285714285714,8.928571428571429,4.285714285714286,3.7857142857142856,4.928571428571429,11.923076923076923,14.785714285714286,1.6153846153846154,7.357142857142857,3.5714285714285716,18.857142857142858,1.8461538461538463,0.6428571428571429,477.85714285714283,401.0,24.0,3.4285714285714284,15.071428571428571,9.071428571428571,22.071428571428573,5.785714285714286,51.285714285714285,35.92857142857143,9.5,6.714285714285714,2.5,8.857142857142858,53.714285714285715,47.5,2.9285714285714284,1.6464285714285711,1.4442857142857144,1897.0,1700.0,197.0,297.0,0.8467934030726807,1930.3263220074014,1720.822372962565,8.671080232738849,7.9698816437465,0.7011985889923489,1.0879810542158475,1,0,40,6.0,0.0,2025-11-17,Germany,Slovakia,home,1897.0,1700.0,True,0.023472261342050084,0.025090980851585096,1700.0
1.5333333333333334,1.1333333333333333,0.40000000000000013,0.6666666666666666,15,52.214285714285715,5.357142857142857,5.285714285714286,14.5,9.5,4.928571428571429,3.857142857142857,5.714285714285714,14.714285714285714,10.357142857142858,2.1666666666666665,5.928571428571429,2.5,20.714285714285715,2.0714285714285716,0.35714285714285715,423.2142857142857,341.5,27.714285714285715,7.142857142857143,14.642857142857142,9.142857142857142,19.857142857142858,6.357142857142857,49.857142857142854,29.5,18.5,5.214285714285714,2.5,8.214285714285714,61.5,50.214285714285715,2.2857142857142856,1.6964285714285714,1.12,0.6,1.9333333333333333,-1.3333333333333335,0.26666666666666666,15,34.72727272727273,1.6363636363636365,3.0,5.545454545454546,2.909090909090909,2.6363636363636362,0.9090909090909091,2.5454545454545454,10.727272727272727,14.454545454545455,2.272727272727273,9.727272727272727,3.909090909090909,18.636363636363637,2.9,0.36363636363636365,246.8181818181818,164.72727272727272,21.272727272727273,1.5454545454545454,13.454545454545455,8.636363636363637,35.18181818181818,7.090909090909091,48.36363636363637,33.0,14.818181818181818,5.909090909090909,0.9090909090909091,7.454545454545454,44.09090909090909,42.45454545454545,3.0,0.6463636363636364,2.627272727272727,1844.0,1018.0,826.0,926.0,0.9951816056581237,1748.5480766209857,979.3829122970465,7.871893862131584,5.952308009662125,1.9195858524694591,1.3224943751824465,1,0,40,6.0,0.0,2025-11-17,Czechia,Gibraltar,home,1844.0,1018.0,True,2.3216924033825092e-05,0.002379835233571669,1018.0
0.9333333333333333,1.7333333333333334,-0.8,0.36666666666666664,15,48.76923076923077,4.3076923076923075,6.384615384615385,13.923076923076923,9.0,4.923076923076923,3.230769230769231,5.384615384615385,13.153846153846153,13.153846153846153,2.3076923076923075,9.307692307692308,3.4615384615384617,19.307692307692307,3.076923076923077,0.46153846153846156,360.9230769230769,282.7692307692308,28.53846153846154,6.076923076923077,14.0,7.461538461538462,26.153846153846153,5.230769230769231,51.61538461538461,32.0,15.0,6.076923076923077,1.9230769230769231,8.461538461538462,50.84615384615385,46.92307692307692,2.1538461538461537,1.4446153846153844,1.623076923076923,2.466666666666667,1.1333333333333333,1.3333333333333335,0.7,15,58.46666666666667,6.733333333333333,6.933333333333334,18.133333333333333,12.466666666666667,5.6,4.466666666666667,7.133333333333334,9.6,9.733333333333333,2.2666666666666666,6.266666666666667,2.6,16.2,1.8571428571428572,0.5333333333333333,538.6666666666666,473.4,27.733333333333334,5.6,15.666666666666666,8.6,18.933333333333334,8.8,52.8,33.733333333333334,14.066666666666666,8.933333333333334,3.6666666666666665,9.866666666666667,57.8,48.733333333333334,1.7142857142857142,2.112666666666667,1.0033333333333332,1447.0,1928.0,-481.0,-381.0,0.10036168484994894,1457.533281275531,1951.4638688471969,7.560444673193188,8.152288338266233,-0.5918436650730454,0.927401529421503,1,0,40,2.0,3.0,2025-11-17,Montenegro,Croatia,home,1447.0,1928.0,True,0.01007246778592047,0.04277136659346805,1447.0
0.6666666666666666,1.8666666666666667,-1.2000000000000002,0.23333333333333334,15,45.6,3.2,3.0,8.8,6.266666666666667,2.533333333333333,2.6,3.2666666666666666,11.4,9.066666666666666,1.0769230769230769,7.866666666666666,3.6,16.333333333333332,1.3333333333333333,0.26666666666666666,444.2,375.06666666666666,19.466666666666665,2.533333333333333,14.4,8.2,26.733333333333334,7.2,46.13333333333333,28.0,10.333333333333334,5.066666666666666,1.6428571428571428,8.6,44.2,41.53333333333333,1.5,1.2186666666666668,1.535333333333333,0.3333333333333333,1.4,-1.0666666666666667,0.16666666666666666,15,31.25,1.3333333333333333,2.75,5.083333333333333,3.0,2.0833333333333335,1.0,1.5833333333333333,16.545454545454547,10.583333333333334,0.9166666666666666,11.166666666666666,3.6,18.916666666666668,2.6363636363636362,0.25,258.5833333333333,171.83333333333334,20.666666666666668,1.4166666666666667,12.583333333333334,10.0,29.666666666666668,7.5,42.166666666666664,27.25,14.75,5.166666666666667,0.6,7.75,45.0,42.333333333333336,1.0909090909090908,0.3308333333333333,1.3124999999999998,1507.0,1085.0,422.0,522.0,0.9527938123855935,1513.417410345771,1083.9418093706765,7.4557582031041365,6.185258765296585,1.2704994378075511,1.2054076451798423,1,0,20,4.0,0.0,2025-11-17,Finland,Andorra,home,1507.0,1085.0,True,0.002228424149086549,0.009442632428547012,1085.0
1.4,1.1333333333333333,0.2666666666666666,0.5,15,39.93333333333333,3.533333333333333,4.6,10.133333333333333,6.666666666666667,3.466666666666667,2.0,4.8,13.333333333333334,15.0,1.2666666666666666,6.466666666666667,1.4666666666666666,20.466666666666665,2.0,0.4,320.73333333333335,243.93333333333334,19.733333333333334,3.466666666666667,16.333333333333332,8.2,22.0,7.066666666666666,51.6,37.4,13.866666666666667,6.733333333333333,1.9333333333333333,10.6,45.6,43.46666666666667,3.066666666666667,0.988,1.15,0.4,1.5333333333333334,-1.1333333333333333,0.2,15,48.92857142857143,2.642857142857143,3.7142857142857144,8.857142857142858,4.785714285714286,4.071428571428571,2.5,3.5,14.615384615384615,12.0,1.4166666666666667,7.142857142857143,3.0,18.714285714285715,3.0,0.21428571428571427,417.2142857142857,341.7142857142857,24.0,2.142857142857143,14.0,10.357142857142858,22.714285714285715,7.857142857142857,47.92857142857143,31.857142857142858,11.928571428571429,6.714285714285714,1.5,7.785714285714286,48.785714285714285,44.92857142857143,1.7857142857142858,0.8542857142857144,1.3935714285714287,1597.0,1401.0,196.0,296.0,0.8460451004320948,1611.8461660410378,1415.9703501756348,7.764250875438774,7.469601132113826,0.294649743324948,1.0394465163686144,1,0,40,1.0,0.0,2025-11-17,Northern Ireland,Luxembourg,home,1597.0,1401.0,True,0.023702111100963777,0.07630160222233748,1401.0
1.6,1.6666666666666667,-0.06666666666666665,0.5333333333333333,15,48.4,4.2,5.5,11.857142857142858,5.0,6.857142857142857,3.5714285714285716,3.3,12.1,19.8,1.2,10.285714285714286,4.0,24.857142857142858,2.4285714285714284,0.0,381.0,286.7142857142857,20.285714285714285,3.5714285714285716,15.428571428571429,9.142857142857142,27.857142857142858,11.428571428571429,46.42857142857143,36.857142857142854,16.857142857142858,7.285714285714286,1.4285714285714286,11.857142857142858,54.857142857142854,53.0,2.142857142857143,,,1.0666666666666667,1.0666666666666667,0.0,0.5333333333333333,15,56.8,3.5,4.5,9.5,4.833333333333333,4.666666666666667,1.5,3.4,11.6,12.6,2.6,7.8,2.6,20.0,1.4,0.0,404.2,320.2,25.4,2.6,11.4,7.6,18.6,6.0,51.2,29.2,14.0,6.4,1.6,7.4,49.4,44.4,2.4,1.088,1.058,1348.0,1459.0,-111.0,-11.0,0.4841750147352649,1423.3597947537064,1458.2326142993613,,,,,1,0,20,2.0,0.0,2025-11-17,Madagascar,Equatorial Guinea,home,1348.0,1459.0,True,0.26607541542336416,0.2894311571130005,1348.0
0.7333333333333333,1.3333333333333333,-0.6,0.43333333333333335,15,50.0,3.6,3.8,7.0,5.0,2.0,0.0,2.6,15.8,17.8,3.0,11.0,4.0,20.0,2.1818181818181817,1.0,427.0,338.0,21.0,2.0,18.0,6.0,18.0,13.0,42.0,42.0,4.0,10.0,3.0,15.0,47.0,55.0,1.0,1.92,0.99,0.8666666666666667,1.1333333333333333,-0.2666666666666666,0.36666666666666664,15,51.55555555555556,2.6666666666666665,6.222222222222222,12.5,6.666666666666667,5.833333333333333,3.1666666666666665,4.777777777777778,11.444444444444445,15.444444444444445,1.5555555555555556,9.0,2.1666666666666665,26.0,2.076923076923077,0.6666666666666666,355.0,276.0,24.333333333333332,4.166666666666667,16.666666666666668,8.166666666666666,9.5,11.166666666666666,48.5,35.5,9.833333333333334,3.8333333333333335,0.6666666666666666,10.5,62.333333333333336,42.166666666666664,2.3333333333333335,0.7299999999999999,1.0779999999999998,1395.0,1321.0,74.0,174.0,0.7313778578393882,1407.7332286866188,1349.4465952690339,,,,,1,0,20,4.0,0.0,2025-11-17,Comoros,Namibia,home,1395.0,1321.0,True,0.0721578552589559,0.16833301750982863,1321.0
0.6666666666666666,2.066666666666667,-1.4000000000000004,0.13333333333333333,15,34.666666666666664,1.3333333333333333,3.0,6.333333333333333,2.6666666666666665,3.6666666666666665,2.0,2.3333333333333335,12.666666666666666,13.666666666666666,0.6666666666666666,9.0,4.666666666666667,18.333333333333332,1.7777777777777777,0.0,254.66666666666666,197.33333333333334,31.0,1.6666666666666667,15.333333333333334,7.0,28.0,8.666666666666666,45.666666666666664,35.666666666666664,8.666666666666666,6.666666666666667,0.6666666666666666,8.0,45.0,38.666666666666664,1.6666666666666667,0.8466666666666667,2.3666666666666667,1.0,1.5333333333333334,-0.5333333333333334,0.43333333333333335,15,47.875,3.25,4.5,9.2,6.0,3.2,2.4,3.375,10.142857142857142,12.875,1.625,12.4,4.6,20.2,1.3333333333333333,0.0,404.6,334.8,22.6,3.0,12.8,7.8,23.2,10.4,51.6,35.8,11.8,9.4,1.75,8.2,40.0,43.6,2.4,0.676,1.5079999999999998,1113.0,1396.0,-283.0,-183.0,0.25856647703070046,1112.2939730349576,1417.0009507289792,6.744527673472566,7.369790824030776,-0.6252631505582098,0.9151586299411096,1,0,20,2.0,2.0,2025-11-17,Chad,Mozambique,home,1113.0,1396.0,True,0.05829014601336729,0.021267901749916412,1113.0
1.5333333333333334,0.4666666666666667,1.0666666666666669,0.7666666666666667,15,64.5,5.833333333333333,4.666666666666667,13.666666666666666,6.833333333333333,6.833333333333333,3.1666666666666665,4.0,12.333333333333334,10.714285714285714,2.2857142857142856,7.166666666666667,2.0,17.5,1.6666666666666667,0.3333333333333333,581.6666666666666,509.1666666666667,33.333333333333336,3.5,15.333333333333334,7.0,18.5,4.666666666666667,53.0,33.0,12.666666666666666,7.166666666666667,0.8333333333333334,10.833333333333334,66.16666666666667,48.666666666666664,2.2,1.3266666666666667,0.98,1.7333333333333334,0.9333333333333333,0.8,0.6333333333333333,15,61.0,3.0,6.2,12.4,6.2,6.2,3.2,7.8,15.2,13.6,2.6,5.6,4.0,21.0,1.7272727272727273,0.0,474.2,400.6,25.0,4.2,14.0,6.0,13.8,11.0,46.2,36.0,10.6,9.4,1.6,9.8,75.0,54.2,3.2,1.1460000000000001,0.7860000000000001,1648.0,1557.0,91.0,191.0,0.750163481828642,1665.0137047905412,1535.1887147968746,7.907626304843267,7.164650215934297,0.7429760889089696,1.1037002598196042,1,0,20,1.0,1.0,2025-11-17,Egypt,Cabo Verde,home,1648.0,1557.0,True,0.0625817676406293,0.07797321243483946,1557.0
1.2666666666666666,2.0,-0.7333333333333334,0.4,15,54.2,2.6666666666666665,3.7333333333333334,8.0,4.933333333333334,3.066666666666667,1.4666666666666666,3.1333333333333333,12.142857142857142,11.4,1.6666666666666667,6.266666666666667,3.0,18.6,2.1333333333333333,0.4666666666666667,463.8666666666667,391.3333333333333,29.866666666666667,4.0,13.133333333333333,8.6,20.0,7.2,50.6,33.46666666666667,15.266666666666667,6.666666666666667,2.0,9.583333333333334,50.583333333333336,44.0,1.9166666666666667,1.27,1.68,0.8666666666666667,1.2666666666666666,-0.3999999999999999,0.3333333333333333,15,42.25,3.0,4.125,8.8,4.8,4.0,2.0,3.0,11.5,11.428571428571429,2.4285714285714284,13.2,2.4,17.0,1.8333333333333333,0.2,313.2,246.0,23.6,2.6,15.6,6.8,20.4,6.4,53.6,33.0,7.8,5.6,1.6,9.4,37.0,40.0,1.6,1.05,1.2133333333333332,1502.0,1336.0,166.0,266.0,0.8221846111535023,1533.4595472689539,1344.6507841204573,6.6036855496147,6.797267540830717,-0.19358199121601682,0.9715206161809605,1,0,20,1.0,2.0,2025-11-17,Qatar,Zimbabwe,home,1502.0,1336.0,True,0.6759875348176357,0.5176825511408927,1336.0
0.8666666666666667,1.2,-0.33333333333333326,0.36666666666666664,15,45.285714285714285,2.642857142857143,4.142857142857143,8.142857142857142,4.785714285714286,3.357142857142857,1.2857142857142858,3.0714285714285716,10.714285714285714,8.357142857142858,2.2142857142857144,8.642857142857142,2.7142857142857144,22.5,1.6923076923076923,0.14285714285714285,361.07142857142856,280.57142857142856,23.285714285714285,2.9285714285714284,13.142857142857142,10.785714285714286,26.0,7.714285714285714,42.857142857142854,32.214285714285715,18.928571428571427,5.642857142857143,0.8888888888888888,12.0,57.22222222222222,45.333333333333336,1.7777777777777777,1.4216666666666669,1.1783333333333335,0.4666666666666667,2.1333333333333333,-1.6666666666666665,0.06666666666666667,15,28.0,0.0,2.0,5.0,0.0,5.0,3.0,2.0,,11.0,3.0,10.0,3.0,8.0,1.7,0.0,235.0,183.0,22.0,1.0,16.0,7.0,28.0,1.0,60.0,41.0,7.0,14.0,0.0,8.0,29.0,36.0,2.0,,,1447.0,904.0,543.0,643.0,0.9759060496964679,1439.145633199892,907.5416413807388,,,,,1,0,20,1.0,2.0,2025-11-17,Bahrain,Somalia,home,1447.0,904.0,True,0.9523926178341648,0.7843804062124878,904.0
1.0,2.7333333333333334,-1.7333333333333334,0.23333333333333334,15,,,,,,,,3.0,,,,,,,1.4,,,,,,,,,,,,,,,,,,,,,1.0666666666666667,2.0,-0.9333333333333333,0.5,15,,,,,,,,,,,,,,,1.3333333333333333,,,,,,,,,,,,,,,,,,,,,1045.0,1172.0,-127.0,-27.0,0.46122190794282847,1008.054252265524,1171.1889509826715,,,,,1,0,20,2.0,0.0,2025-11-17,Vanuatu,Fiji,home,1045.0,1172.0,True,0.290281832480766,0.35199924610944566,1045.0
1.4666666666666666,1.3333333333333333,0.1333333333333333,0.5333333333333333,15,43.2,3.6,3.6,10.8,5.8,5.0,3.6,5.0,13.8,13.4,1.8,11.8,3.2,18.4,1.8181818181818181,0.0,346.4,267.6,24.4,4.0,15.0,8.2,26.2,7.2,49.6,32.8,12.2,5.6,1.75,10.6,57.0,48.0,2.4,,,1.9333333333333333,1.2,0.7333333333333334,0.6333333333333333,15,56.63636363636363,4.181818181818182,4.636363636363637,11.818181818181818,7.7272727272727275,4.090909090909091,3.0,5.0,14.875,15.636363636363637,1.3636363636363635,7.363636363636363,1.8181818181818181,21.181818181818183,1.7272727272727273,0.36363636363636365,424.3636363636364,346.8181818181818,27.181818181818183,3.8181818181818183,14.272727272727273,7.2727272727272725,21.818181818181817,8.454545454545455,54.72727272727273,36.54545454545455,17.454545454545453,8.090909090909092,1.9090909090909092,9.454545454545455,56.54545454545455,45.81818181818182,2.5454545454545454,0.95,1.22,1347.0,1801.0,-454.0,-354.0,0.11529218350883584,1396.0648483796942,1774.028716219792,6.192567453336546,8.219165219208422,-2.026597765871877,0.7534302192714584,1,0,20,0.0,8.0,2025-11-18,Kenya,Senegal,home,1347.0,1801.0,True,0.01329228757823508,0.020450288780928624,1347.0
0.6,1.8666666666666667,-1.2666666666666666,0.4,15,43.142857142857146,2.25,3.75,6.4,2.8,3.6,1.4,2.5714285714285716,12.857142857142858,13.285714285714286,2.2857142857142856,9.0,3.0,19.0,1.75,0.0,334.75,251.0,25.0,2.25,17.5,10.25,20.0,8.25,51.5,33.5,8.5,5.5,0.25,11.75,58.25,53.25,1.0,0.61,2.623333333333333,0.7333333333333333,0.9333333333333333,-0.20000000000000007,0.4,15,42.0,1.2857142857142858,3.857142857142857,6.75,2.75,4.0,1.75,3.142857142857143,15.714285714285714,10.714285714285714,0.8571428571428571,15.0,3.75,15.5,2.0,0.5,300.25,219.75,22.25,1.5,19.25,12.25,22.0,7.75,43.5,29.75,9.75,2.5,1.3333333333333333,11.25,49.0,50.25,1.5,0.39,1.72,1225.0,1243.0,-18.0,82.0,0.615864104253756,1283.8540950486058,1309.9235032775834,5.705007959333336,6.057666103909829,-0.3526581445764938,0.9417831655744651,1,0,20,0.0,1.0,2025-11-18,Lesotho,Malawi,home,1225.0,1243.0,True,0.37928859490828126,0.22929572623781455,1225.0
2.2,0.6,1.6,0.9333333333333333,15,61.4,5.733333333333333,5.666666666666667,14.4,9.533333333333333,4.866666666666666,3.0,8.133333333333333,11.857142857142858,13.8,2.1333333333333333,5.666666666666667,1.6,21.333333333333332,1.8461538461538463,0.13333333333333333,522.5333333333333,451.6,30.533333333333335,6.6,13.266666666666667,7.266666666666667,15.533333333333333,6.733333333333333,53.53333333333333,32.6,13.4,6.733333333333333,2.857142857142857,8.6,73.46666666666667,43.6,3.8666666666666667,1.6949999999999998,0.18,1.5333333333333334,1.1333333333333333,0.40000000000000013,0.6,15,38.142857142857146,3.7142857142857144,4.857142857142857,11.333333333333334,6.5,4.833333333333333,3.0,4.142857142857143,14.166666666666666,9.142857142857142,1.8333333333333333,8.285714285714286,2.6666666666666665,21.142857142857142,1.9,0.14285714285714285,315.3333333333333,229.16666666666666,23.666666666666668,2.8333333333333335,15.833333333333334,7.333333333333333,19.333333333333332,8.166666666666666,46.666666666666664,30.5,14.833333333333334,6.5,2.1666666666666665,9.833333333333334,61.166666666666664,50.5,2.0,0.41,0.86,1826.0,1435.0,391.0,491.0,0.9440870944880482,1878.8421433840722,1528.2009583678325,8.219492837966563,6.437433443797971,1.7820593941685914,1.276827622332233,1,0,20,4.0,0.0,2025-11-18,Morocco,Uganda,home,1826.0,1435.0,True,0.003126253002788453,0.010839290826283382,1435.0
1.6666666666666667,0.8666666666666667,0.8,0.6333333333333333,15,60.53333333333333,4.4,4.2,12.333333333333334,7.933333333333334,4.4,3.7333333333333334,4.933333333333334,11.615384615384615,14.266666666666667,1.1666666666666667,5.333333333333333,2.066666666666667,17.933333333333334,1.9285714285714286,0.4,519.2666666666667,457.3333333333333,22.066666666666666,3.4,15.466666666666667,6.333333333333333,15.533333333333333,6.733333333333333,53.0,37.13333333333333,11.333333333333334,7.933333333333334,2.142857142857143,9.666666666666666,53.06666666666667,42.8,3.066666666666667,1.6066666666666667,1.0066666666666666,1.7333333333333334,0.8666666666666667,0.8666666666666667,0.6666666666666666,15,61.0,4.0,4.6,12.2,8.6,3.6,3.6,6.6,15.857142857142858,16.0,2.8,6.0,1.7777777777777777,20.444444444444443,1.7692307692307692,0.4,491.3333333333333,424.0,32.111111111111114,5.888888888888889,16.444444444444443,8.666666666666666,11.333333333333334,9.11111111111111,51.111111111111114,36.888888888888886,11.555555555555555,5.777777777777778,2.111111111111111,10.444444444444445,60.888888888888886,43.77777777777778,3.6666666666666665,0.8700000000000001,0.925,1986.0,1642.0,344.0,444.0,0.9279668414961574,1970.927012273316,1647.6449530552045,8.755264891412248,7.60654258313457,1.1487223082776774,1.1510176661371299,1,0,20,1.0,1.0,2025-11-18,Brazil,Tunisia,home,1986.0,1642.0,True,0.1831556174201971,0.12761984013856797,1642.0
1.6666666666666667,2.0,-0.33333333333333326,0.5333333333333333,15,53.92307692307692,4.923076923076923,5.153846153846154,13.166666666666666,8.2,6.2,3.0,5.076923076923077,13.0,13.615384615384615,1.0769230769230769,8.333333333333334,3.4166666666666665,23.083333333333332,2.4615384615384617,0.5,378.0,303.4,29.8,3.6,12.2,7.1,14.2,8.7,48.7,32.4,10.7,7.6,1.75,9.3,63.5,46.5,3.6,1.5175,0.6425000000000001,0.9333333333333333,2.066666666666667,-1.1333333333333335,0.3333333333333333,15,54.54545454545455,4.416666666666667,4.5,10.833333333333334,5.833333333333333,5.0,1.9166666666666667,4.25,11.727272727272727,13.0,2.4,8.454545454545455,3.4545454545454546,20.727272727272727,1.3076923076923077,0.4166666666666667,401.45454545454544,329.0,26.272727272727273,3.727272727272727,17.0,7.636363636363637,13.818181818181818,6.545454545454546,50.54545454545455,36.18181818181818,6.090909090909091,6.7272727272727275,0.9,12.727272727272727,60.36363636363637,51.45454545454545,3.727272727272727,1.584,1.094,1039.0,1071.0,-32.0,68.0,0.596629173305774,1076.4282121098486,956.4596034663649,,,,,1,0,20,2.0,6.0,2025-11-18,Saint Kitts and Nevis,Belize,home,1039.0,1071.0,True,0.35596637043953133,0.18840873053902174,1039.0
1.0666666666666667,1.4666666666666666,-0.3999999999999999,0.36666666666666664,15,51.06666666666667,3.4,4.733333333333333,10.733333333333333,5.533333333333333,5.2,2.6,4.133333333333334,11.714285714285714,11.266666666666667,1.7857142857142858,6.066666666666666,2.7333333333333334,19.066666666666666,2.5714285714285716,0.4,431.4,357.46666666666664,23.466666666666665,3.2,16.4,9.2,15.0,9.466666666666667,47.6,33.733333333333334,9.866666666666667,6.4,1.4285714285714286,10.2,50.13333333333333,45.86666666666667,2.066666666666667,1.7000000000000002,0.7233333333333333,0.4666666666666667,1.2,-0.7333333333333333,0.3,15,39.333333333333336,2.6666666666666665,3.3333333333333335,8.266666666666667,4.666666666666667,3.6,2.2666666666666666,2.8,12.571428571428571,12.066666666666666,1.7857142857142858,7.533333333333333,3.3333333333333335,18.466666666666665,2.4285714285714284,0.13333333333333333,331.3333333333333,253.93333333333334,21.866666666666667,3.0,17.666666666666668,8.666666666666666,19.2,7.066666666666666,49.46666666666667,33.733333333333334,11.933333333333334,5.133333333333334,0.8571428571428571,11.6,47.2,44.53333333333333,0.9285714285714286,0.21,1.7433333333333334,1721.0,1708.0,13.0,113.0,0.6571186864870786,1736.2803259301577,1721.5683341720749,7.706803088506706,7.151829340131871,0.5549737483748345,1.0775988522629654,1,0,20,2.0,1.0,2025-11-18,Chile,Peru,home,1721.0,1708.0,True,0.1175675951563463,0.12212258290316835,1708.0
2.4,0.7333333333333333,1.6666666666666665,0.7,15,64.06666666666666,6.466666666666667,6.266666666666667,16.2,11.133333333333333,5.066666666666666,3.466666666666667,4.6,12.357142857142858,10.333333333333334,2.066666666666667,5.133333333333334,1.3333333333333333,22.066666666666666,1.7142857142857142,0.6,548.6666666666666,467.6,25.2,5.6,18.466666666666665,6.066666666666666,16.066666666666666,8.6,50.333333333333336,35.53333333333333,14.466666666666667,6.8,3.7857142857142856,10.866666666666667,68.73333333333333,54.13333333333333,2.2666666666666666,2.318666666666666,0.7973333333333333,1.6666666666666667,1.7333333333333334,-0.06666666666666665,0.5,15,44.76923076923077,3.923076923076923,5.076923076923077,11.846153846153847,8.153846153846153,3.6923076923076925,2.8461538461538463,3.3076923076923075,15.692307692307692,13.692307692307692,1.6666666666666667,8.615384615384615,2.6153846153846154,18.076923076923077,2.6153846153846154,0.38461538461538464,366.3076923076923,287.61538461538464,22.846153846153847,4.230769230769231,12.76923076923077,6.769230769230769,25.615384615384617,7.769230769230769,50.61538461538461,32.53846153846154,16.53846153846154,7.3076923076923075,2.1538461538461537,6.923076923076923,50.84615384615385,42.92307692307692,2.6153846153846154,1.4430769230769231,1.955384615384615,1834.0,1556.0,278.0,378.0,0.8980682790110263,1851.1909449649324,1563.7201133740552,8.168792020314182,7.644438579619891,0.5243534406942914,1.0685927992269073,1,0,40,1.0,1.0,2025-11-18,Austria,Bosnia & Herzegovina,home,1834.0,1556.0,True,0.15845835475480025,0.12339034093061664,1556.0
1.2666666666666666,1.7333333333333334,-0.4666666666666668,0.43333333333333335,15,40.46666666666667,3.8666666666666667,3.8,10.571428571428571,6.428571428571429,4.142857142857143,3.2142857142857144,4.466666666666667,15.142857142857142,12.0,1.5714285714285714,9.285714285714286,4.642857142857143,18.142857142857142,2.3333333333333335,0.14285714285714285,347.2857142857143,269.07142857142856,24.214285714285715,3.5714285714285716,17.714285714285715,9.642857142857142,26.142857142857142,6.785714285714286,49.714285714285715,35.642857142857146,14.214285714285714,7.071428571428571,0.9285714285714286,9.142857142857142,44.785714285714285,43.714285714285715,2.0,0.9826666666666666,1.8486666666666667,2.1333333333333333,1.2,0.9333333333333333,0.6666666666666666,15,51.46666666666667,5.666666666666667,6.2,15.933333333333334,10.2,5.733333333333333,4.066666666666666,4.866666666666666,11.866666666666667,11.866666666666667,1.7857142857142858,5.866666666666666,2.533333333333333,14.6,2.142857142857143,0.3333333333333333,497.8666666666667,427.6666666666667,26.0,3.933333333333333,15.0,8.733333333333333,16.666666666666668,5.733333333333333,50.2,32.4,10.733333333333333,6.266666666666667,2.357142857142857,9.266666666666667,52.0,47.93333333333333,1.7142857142857142,1.8526666666666667,1.206,1482.0,1775.0,-293.0,-193.0,0.24768500639431762,1461.6580639831136,1773.9030462392766,6.893761762057943,7.882353746388714,-0.9885919843307702,0.8745816267401483,1,0,40,0.0,0.0,2025-11-18,Belarus,Greece,home,1482.0,1775.0,True,0.06366285599823554,0.048226449048574475,1482.0
1.1333333333333333,1.8666666666666667,-0.7333333333333334,0.36666666666666664,15,46.714285714285715,4.214285714285714,5.0,12.571428571428571,8.5,4.071428571428571,3.357142857142857,4.857142857142857,13.0,15.0,2.2857142857142856,7.071428571428571,3.2857142857142856,20.357142857142858,2.9285714285714284,0.42857142857142855,383.2857142857143,304.85714285714283,22.571428571428573,5.142857142857143,17.5,9.642857142857142,22.071428571428573,7.785714285714286,51.857142857142854,40.5,13.142857142857142,8.571428571428571,2.2142857142857144,10.714285714285714,52.57142857142857,48.714285714285715,2.5384615384615383,1.5771428571428572,1.5914285714285712,0.7333333333333333,2.0,-1.2666666666666666,0.23333333333333334,15,37.714285714285715,2.4285714285714284,2.4285714285714284,6.857142857142857,3.4285714285714284,3.4285714285714284,2.0,2.0,13.785714285714286,8.785714285714286,1.4166666666666667,9.428571428571429,5.5,16.142857142857142,2.6923076923076925,0.42857142857142855,334.57142857142856,259.35714285714283,24.214285714285715,1.7857142857142858,15.071428571428571,9.571428571428571,32.142857142857146,5.857142857142857,45.357142857142854,28.571428571428573,11.714285714285714,5.5,0.7857142857142857,8.785714285714286,44.285714285714285,42.785714285714285,1.2307692307692308,0.757142857142857,2.472142857142857,1320.0,1341.0,-21.0,79.0,0.6117705007810643,1322.4239279646938,1353.132052441955,7.024485667699167,6.921686475483602,0.10279919221556533,1.0148517550714955,1,0,20,2.0,4.0,2025-11-18,Cyprus,Estonia,home,1320.0,1341.0,True,0.37426314562591423,0.28152954474867586,1320.0
0.5333333333333333,2.2666666666666666,-1.7333333333333334,0.26666666666666666,15,42.57142857142857,2.5714285714285716,2.7142857142857144,6.928571428571429,4.214285714285714,2.7142857142857144,1.6428571428571428,2.5714285714285716,12.928571428571429,11.928571428571429,2.0833333333333335,8.571428571428571,3.142857142857143,17.714285714285715,2.769230769230769,0.35714285714285715,382.14285714285717,304.14285714285717,23.0,2.2142857142857144,14.071428571428571,9.714285714285714,27.071428571428573,7.857142857142857,48.142857142857146,31.285714285714285,12.571428571428571,6.142857142857143,0.7857142857142857,8.071428571428571,41.857142857142854,42.0,1.8571428571428572,0.6607142857142858,1.6964285714285714,1.6,1.4,0.20000000000000018,0.4666666666666667,15,53.0,4.076923076923077,5.076923076923077,12.384615384615385,7.461538461538462,4.923076923076923,3.230769230769231,4.923076923076923,10.692307692307692,12.307692307692308,1.1666666666666667,7.615384615384615,2.1538461538461537,18.615384615384617,2.0,0.5384615384615384,508.46153846153845,439.7692307692308,25.0,2.8461538461538463,13.846153846153847,7.846153846153846,18.0,9.153846153846153,49.15384615384615,35.53846153846154,8.846153846153847,9.923076923076923,2.0833333333333335,8.615384615384615,48.84615384615385,45.46153846153846,2.0,1.326153846153846,1.193846153846154,1425.0,1678.0,-253.0,-153.0,0.293024705191459,1436.8566879276652,1694.7584242718613,7.461423486699566,8.182043543087179,-0.7206200563876131,0.9119266412366568,1,0,40,2.0,1.0,2025-11-18,Bulgaria,Georgia,home,1425.0,1678.0,True,0.49981406746962354,0.4138969130467602,1425.0
1.0666666666666667,1.0666666666666667,0.0,0.43333333333333335,15,40.857142857142854,3.4285714285714284,3.5714285714285716,9.071428571428571,6.142857142857143,2.9285714285714284,2.0714285714285716,4.071428571428571,10.285714285714286,9.142857142857142,1.7857142857142858,9.428571428571429,3.4285714285714284,19.142857142857142,1.6428571428571428,0.2857142857142857,344.57142857142856,261.64285714285717,24.071428571428573,4.142857142857143,13.071428571428571,9.928571428571429,35.42857142857143,6.357142857142857,47.92857142857143,25.428571428571427,16.785714285714285,4.428571428571429,1.9285714285714286,7.642857142857143,54.92857142857143,46.285714285714285,1.2857142857142858,1.0757142857142854,1.407142857142857,0.8,2.1333333333333333,-1.3333333333333333,0.26666666666666666,15,41.785714285714285,2.857142857142857,4.5,10.857142857142858,5.5,5.357142857142857,3.5,3.9285714285714284,13.076923076923077,8.857142857142858,1.1818181818181819,7.785714285714286,4.642857142857143,18.214285714285715,2.142857142857143,0.5,366.64285714285717,295.2857142857143,30.142857142857142,2.7857142857142856,17.571428571428573,9.785714285714286,26.785714285714285,9.857142857142858,45.857142857142854,33.92857142857143,11.571428571428571,7.785714285714286,0.9285714285714286,10.642857142857142,45.5,50.285714285714285,0.7857142857142857,0.8814285714285716,1.9692857142857143,1369.0,1422.0,-53.0,47.0,0.5672288443429522,1371.3579973177084,1443.1087091180239,6.493876110852823,6.81888541459401,-0.32500930374118653,0.9523368873385685,1,0,20,1.0,0.0,2025-11-18,Faroe Islands,Kazakhstan,home,1369.0,1422.0,True,0.18729087316873672,0.25537743410333735,1369.0
1.9333333333333333,1.1333333333333333,0.8,0.7666666666666667,15,45.76923076923077,4.230769230769231,5.0,11.76923076923077,7.384615384615385,4.384615384615385,2.5384615384615383,3.3846153846153846,11.384615384615385,11.692307692307692,1.5833333333333333,7.615384615384615,3.076923076923077,18.23076923076923,2.076923076923077,0.15384615384615385,408.38461538461536,329.0,28.692307692307693,3.5384615384615383,14.0,8.615384615384615,23.0,6.769230769230769,49.92307692307692,33.07692307692308,12.23076923076923,7.6923076923076925,1.4615384615384615,8.76923076923077,53.23076923076923,51.76923076923077,1.75,1.265,1.0016666666666667,2.066666666666667,1.2666666666666666,0.8000000000000003,0.6,15,59.46666666666667,4.866666666666666,3.6666666666666665,12.333333333333334,8.133333333333333,4.2,3.8,5.666666666666667,11.533333333333333,11.733333333333333,1.5333333333333334,5.666666666666667,2.1333333333333333,19.066666666666666,1.8666666666666667,0.4,556.8,489.6,25.933333333333334,3.933333333333333,13.6,7.133333333333334,14.533333333333333,8.733333333333333,48.93333333333333,32.0,9.066666666666666,6.533333333333333,2.6,8.066666666666666,56.6,44.4,2.1333333333333333,1.848,1.2613333333333334,1709.0,1902.0,-193.0,-93.0,0.3692697113837977,1702.8290067280775,1900.9440466755455,7.857754522059442,8.18477657825085,-0.32702205619140745,0.9600450845463036,1,0,40,1.0,1.0,2025-11-18,Kosovo,Switzerland,home,1709.0,1902.0,True,0.01709040836167555,0.01686114569085569,1709.0
3.466666666666667,1.6,1.8666666666666667,0.8666666666666667,15,61.13333333333333,8.066666666666666,7.0,19.933333333333334,14.6,5.333333333333333,4.866666666666666,5.933333333333334,12.066666666666666,9.933333333333334,1.7333333333333334,5.133333333333334,1.9333333333333333,16.0,2.0,0.5333333333333333,630.2666666666667,567.0,23.666666666666668,4.266666666666667,14.4,7.666666666666667,14.866666666666667,7.333333333333333,50.8,31.533333333333335,8.4,7.533333333333333,5.2,8.933333333333334,65.13333333333334,46.86666666666667,2.5,2.9153333333333338,0.9313333333333332,2.1333333333333333,1.2666666666666666,0.8666666666666667,0.7333333333333333,15,56.8,5.066666666666666,5.733333333333333,15.666666666666666,8.933333333333334,6.733333333333333,4.866666666666666,5.866666666666666,11.066666666666666,12.333333333333334,2.1333333333333333,6.533333333333333,2.4,18.333333333333332,2.357142857142857,0.4,505.46666666666664,428.73333333333335,22.533333333333335,3.8,14.266666666666667,8.2,16.666666666666668,8.066666666666666,53.46666666666667,35.4,13.066666666666666,9.333333333333334,2.3333333333333335,9.533333333333333,57.4,45.13333333333333,2.6923076923076925,1.6753333333333333,1.088,2189.0,1863.0,326.0,426.0,0.9207260613687934,2180.918381263476,1868.3468092755998,8.592620821321983,8.130011949671903,0.4626088716500796,1.0569013765925337,1,0,40,2.0,2.0,2025-11-18,Spain,Türkiye,home,2189.0,1863.0,True,0.17701041871489773,0.1402627514645252,1863.0
1.9333333333333333,1.2666666666666666,0.6666666666666667,0.6333333333333333,15,53.46666666666667,5.066666666666666,4.866666666666666,13.2,8.266666666666667,4.933333333333334,3.2666666666666666,5.0,12.615384615384615,13.133333333333333,1.1333333333333333,7.133333333333334,2.6,22.6,1.8,0.4,456.6,376.8666666666667,25.933333333333334,3.6,14.2,7.6,20.333333333333332,8.6,49.333333333333336,34.733333333333334,10.933333333333334,8.0,2.9285714285714284,7.666666666666667,50.666666666666664,45.6,2.7333333333333334,1.6946666666666665,1.1660000000000001,0.4666666666666667,2.8,-2.333333333333333,0.16666666666666666,15,36.36363636363637,1.9090909090909092,3.3636363636363638,7.090909090909091,4.545454545454546,2.5454545454545454,1.8181818181818181,2.8181818181818183,14.727272727272727,15.181818181818182,1.0,9.909090909090908,3.6363636363636362,19.454545454545453,3.0,0.18181818181818182,285.0,209.27272727272728,19.90909090909091,2.1818181818181817,16.636363636363637,9.363636363636363,28.272727272727273,9.545454545454545,48.0,37.54545454545455,9.818181818181818,6.454545454545454,1.5,10.818181818181818,36.18181818181818,46.81818181818182,1.6363636363636365,0.8245454545454547,2.8490909090909096,1642.0,833.0,809.0,909.0,0.9946888660255334,1663.0213175167983,782.6527375371978,7.726197258403274,5.784617292632875,1.9415799657703987,1.335645362095629,1,0,40,7.0,1.0,2025-11-18,Romania,San Marino,home,1642.0,833.0,True,2.8208144094733238e-05,0.0023893102381939363,833.0
2.2,1.3333333333333333,0.8666666666666669,0.6,15,59.4,6.6,5.866666666666666,16.866666666666667,11.8,5.066666666666666,4.4,7.266666666666667,15.266666666666667,11.4,1.9333333333333333,6.066666666666666,3.2666666666666666,21.0,1.9333333333333333,0.5333333333333333,527.5333333333333,443.06666666666666,20.266666666666666,4.6,13.733333333333333,8.466666666666667,15.933333333333334,9.666666666666666,47.666666666666664,33.2,11.4,8.466666666666667,3.066666666666667,9.2,63.93333333333333,54.86666666666667,2.3333333333333335,2.247333333333333,1.4953333333333336,0.8666666666666667,1.1333333333333333,-0.2666666666666666,0.5333333333333333,15,43.84615384615385,3.1538461538461537,3.5384615384615383,9.23076923076923,5.846153846153846,3.3846153846153846,2.5384615384615383,2.8461538461538463,12.153846153846153,10.846153846153847,1.1538461538461537,8.076923076923077,3.4615384615384617,20.46153846153846,1.8461538461538463,0.23076923076923078,421.3076923076923,338.53846153846155,28.923076923076923,2.923076923076923,14.846153846153847,10.0,22.23076923076923,7.076923076923077,49.38461538461539,31.153846153846153,15.0,5.923076923076923,1.4615384615384615,8.923076923076923,42.84615384615385,47.69230769230769,1.3076923076923077,0.9984615384615385,1.4469230769230772,1664.0,1691.0,-27.0,73.0,0.6035363185261781,1669.8377319840024,1680.899428026754,7.850033257689769,7.615160664316557,0.2348725933732121,1.0308427627106789,1,0,40,1.0,1.0,2025-11-18,Sweden,Slovenia,home,1664.0,1691.0,True,0.010719769253954202,0.0009576830009860467,1664.0
1.0,1.5333333333333334,-0.5333333333333334,0.43333333333333335,15,38.166666666666664,1.6666666666666667,3.8333333333333335,7.0,4.333333333333333,2.6666666666666665,1.5,4.666666666666667,11.666666666666666,14.333333333333334,1.8,11.666666666666666,3.5,21.5,2.5555555555555554,0.3333333333333333,287.6666666666667,211.83333333333334,27.0,3.5,15.833333333333334,11.166666666666666,21.0,7.833333333333333,51.166666666666664,33.666666666666664,12.333333333333334,5.0,0.4,9.666666666666666,51.833333333333336,41.333333333333336,2.0,,,1.1333333333333333,1.0666666666666667,0.06666666666666665,0.5,15,54.0,2.2,4.8,8.6,4.6,4.0,1.6,5.0,11.25,13.5,1.0,9.25,2.5,25.5,1.3,0.4,425.0,332.75,26.5,4.0,15.75,11.25,23.5,11.0,51.75,33.25,18.5,4.5,0.5,10.0,68.75,45.25,1.5,,,1402.0,1487.0,-85.0,15.0,0.5215733330511455,1437.2197369967703,1484.6912827949354,,,,,1,0,20,1.0,1.0,2025-11-18,Niger,Guinea,home,1402.0,1487.0,True,0.000465408698935647,0.00024136487609116282,1402.0
2.1333333333333333,1.2666666666666666,0.8666666666666667,0.5333333333333333,15,62.0,6.066666666666666,6.6,18.066666666666666,11.8,6.266666666666667,5.4,8.6,10.0,10.066666666666666,1.7142857142857142,5.133333333333334,2.3333333333333335,18.933333333333334,1.6666666666666667,0.3333333333333333,545.1333333333333,478.4,25.333333333333332,5.6,12.066666666666666,5.8,14.666666666666666,9.8,50.93333333333333,31.6,10.466666666666667,9.866666666666667,2.8666666666666667,7.133333333333334,65.8,45.46666666666667,3.466666666666667,2.304,1.0253333333333334,0.3333333333333333,2.533333333333333,-2.1999999999999997,0.13333333333333333,15,36.0,1.1666666666666667,2.0,4.083333333333333,2.1666666666666665,1.9166666666666667,0.9166666666666666,1.25,13.666666666666666,10.75,1.5454545454545454,10.083333333333334,3.6666666666666665,18.75,2.5833333333333335,0.08333333333333333,274.6666666666667,196.91666666666666,15.166666666666666,1.5,16.833333333333332,7.25,30.583333333333332,6.166666666666667,43.916666666666664,31.0,8.0,4.666666666666667,0.5454545454545454,10.0,35.75,44.083333333333336,0.9166666666666666,0.3466666666666666,2.1424999999999996,1849.0,900.0,949.0,1049.0,0.9976206111986203,1864.0862364452396,858.5416498562982,8.38524868240322,5.721810615212546,2.6634380671906746,1.465488679424203,1,0,40,7.0,0.0,2025-11-18,Belgium,Liechtenstein,home,1849.0,900.0,True,5.661491068130969e-06,0.0037252401027724927,900.0
1.9333333333333333,1.0,0.9333333333333333,0.6666666666666666,15,45.0,5.25,6.25,15.75,9.0,6.75,4.25,4.0,17.0,15.25,2.25,7.25,3.0,26.5,2.0,0.25,310.0,218.5,34.25,4.0,14.5,9.5,13.5,5.25,53.0,35.0,28.25,7.0,3.0,9.5,68.5,48.25,2.25,,,1.1333333333333333,1.2666666666666666,-0.1333333333333333,0.5,15,39.375,2.875,3.625,7.875,4.625,3.25,1.375,3.25,14.375,12.125,1.5714285714285714,7.0,1.75,21.875,2.357142857142857,0.25,304.25,231.75,26.375,2.875,16.5,7.5,20.25,7.25,50.625,32.625,15.625,4.75,1.375,12.5,48.75,46.0,2.0,0.79,0.9028571428571429,1535.0,1447.0,88.0,188.0,0.7469129214289432,1500.2007609750751,1430.8745488355178,7.78522302815318,7.071034675054151,0.7141883530990283,1.1010019588248674,1,0,20,3.0,0.0,2025-11-18,Burkina Faso,Benin,home,1535.0,1447.0,True,0.0640530693396323,0.06030804373568605,1447.0
1.5333333333333334,1.2,0.3333333333333335,0.6,15,61.2,5.2,4.133333333333334,12.4,8.4,4.0,3.066666666666667,5.2,10.866666666666667,12.266666666666667,1.0714285714285714,7.266666666666667,1.5333333333333334,18.733333333333334,2.2,0.2,523.0666666666667,456.3333333333333,20.6,5.466666666666667,12.4,6.8,21.4,6.2,51.53333333333333,30.933333333333334,11.866666666666667,7.0,2.933333333333333,7.533333333333333,61.2,41.2,2.6,1.7413333333333334,1.502,1.5333333333333334,0.4,1.1333333333333333,0.7333333333333333,15,50.142857142857146,4.5,3.7857142857142856,11.928571428571429,6.857142857142857,5.071428571428571,3.642857142857143,4.071428571428571,10.0,13.357142857142858,2.5,8.785714285714286,2.857142857142857,19.642857142857142,2.5,0.14285714285714285,416.0,337.35714285714283,26.071428571428573,3.2857142857142856,14.857142857142858,7.285714285714286,24.5,8.428571428571429,50.92857142857143,34.92857142857143,11.571428571428571,8.071428571428571,2.4285714285714284,9.928571428571429,58.0,46.714285714285715,2.0,1.2900000000000003,1.1500000000000001,1693.0,1518.0,175.0,275.0,0.8296328234313434,1698.137877141883,1631.8585713809948,8.144636467588493,7.379758615842701,0.7648778517457915,1.1036453753519484,1,0,40,7.0,1.0,2025-11-18,Wales,North Macedonia,home,1693.0,1518.0,True,0.029024974851975825,0.03122168273204142,1518.0
0.7333333333333333,2.6666666666666665,-1.9333333333333331,0.23333333333333334,15,43.77777777777778,2.9,3.6,8.9,4.777777777777778,3.3333333333333335,2.3,2.8181818181818183,7.3,5.2,1.3,11.5,3.6,22.5,1.5,0.2222222222222222,382.0,306.22222222222223,17.22222222222222,1.2222222222222223,12.777777777777779,13.88888888888889,21.0,8.222222222222221,37.55555555555556,34.44444444444444,5.888888888888889,8.777777777777779,0.25,15.5,29.5,43.75,0.75,1.0100000000000002,1.386,1.7333333333333334,1.4,0.3333333333333335,0.6,15,53.857142857142854,4.8,5.6,14.5,8.0,6.5,2.75,4.142857142857143,12.333333333333334,4.5,1.8333333333333333,5.0,2.5,21.5,2.142857142857143,0.5,518.0,444.5,27.5,6.75,4.75,12.5,15.5,6.5,40.5,43.5,14.5,19.0,,,,,,1.5379999999999998,0.868,682.0,1295.0,-613.0,-513.0,0.049591832864031196,648.8112202757835,1341.9034840300521,5.635483746814912,6.747023177451628,-1.1115394306367161,0.8352548373701381,1,0,50,0.0,5.0,2025-11-18,East Timor,Tajikistan,home,682.0,1295.0,True,0.0024593498868140046,0.0005273800668289508,682.0
1.4666666666666666,1.0666666666666667,0.3999999999999999,0.5333333333333333,15,52.3,4.4,5.8,16.2,8.8,7.4,3.4,4.6,14.88888888888889,16.0,1.4,6.0,2.0,17.2,1.2666666666666666,0.0,452.0,391.4,26.6,4.8,10.6,7.2,14.2,8.0,55.6,32.8,11.2,7.0,1.0,7.0,62.8,43.0,3.2,0.78,0.86,0.9333333333333333,1.5333333333333334,-0.6000000000000001,0.36666666666666664,15,49.45454545454545,2.6363636363636362,3.4545454545454546,8.333333333333334,4.777777777777778,3.5555555555555554,1.7777777777777777,3.8181818181818183,13.5,13.090909090909092,2.4,11.333333333333334,3.2222222222222223,17.666666666666668,2.0,0.2222222222222222,368.0,301.0,25.666666666666668,3.111111111111111,11.777777777777779,8.444444444444445,21.11111111111111,9.333333333333334,47.55555555555556,29.444444444444443,9.333333333333334,5.888888888888889,1.4444444444444444,8.666666666666666,54.55555555555556,43.44444444444444,2.6666666666666665,0.9333333333333332,0.7866666666666666,1565.0,1367.0,198.0,298.0,0.8475387239958501,1547.4902144119967,1406.5825319779076,7.551510990105817,6.730701544281845,0.8208094458239721,1.121950058314694,1,0,20,3.0,2.0,2025-11-18,Angola,Zambia,home,1565.0,1367.0,True,0.023244440680813584,0.03972372519457919,1367.0
0.8,1.6,-0.8,0.3333333333333333,15,48.666666666666664,2.8333333333333335,4.666666666666667,8.4,4.6,3.8,2.6,4.0,11.166666666666666,2.8333333333333335,1.5,10.4,1.8,23.0,1.6666666666666667,0.2,328.4,259.0,16.2,3.8,4.6,9.8,18.6,4.4,35.6,27.0,8.8,8.2,0.0,8.0,15.0,36.0,0.0,1.1179999999999999,1.3860000000000001,1.2666666666666666,1.2666666666666666,0.0,0.4666666666666667,15,41.714285714285715,2.25,4.75,11.0,6.75,4.25,4.0,3.5714285714285716,12.285714285714286,5.857142857142857,1.8571428571428572,10.5,2.25,20.25,1.4285714285714286,0.0,340.0,266.5,23.25,3.25,6.0,15.75,17.0,6.25,42.0,37.0,17.5,10.0,3.0,9.0,63.0,50.0,5.0,1.4625,1.3824999999999998,912.0,1151.0,-239.0,-139.0,0.30999379271968613,903.5041280784723,1169.6495205597578,6.845656059983544,6.359835482339888,0.48582057764365594,1.076388859270447,1,0,50,1.0,0.0,2025-11-18,Bangladesh,India,home,912.0,1151.0,True,0.47610856608536356,0.2995094373490081,912.0
1.5333333333333334,0.9333333333333333,0.6000000000000001,0.5,15,48.0,5.428571428571429,6.428571428571429,15.571428571428571,8.571428571428571,7.0,3.4285714285714284,3.7142857142857144,8.285714285714286,2.2857142857142856,2.0,8.714285714285714,2.4285714285714284,14.714285714285714,1.7142857142857142,0.2857142857142857,352.0,283.85714285714283,23.285714285714285,4.285714285714286,5.142857142857143,14.857142857142858,15.714285714285714,7.285714285714286,34.42857142857143,32.857142857142854,15.285714285714286,13.857142857142858,,,,,,1.9642857142857142,1.0657142857142856,0.5333333333333333,2.4,-1.8666666666666667,0.23333333333333334,15,42.625,1.875,4.5,8.428571428571429,3.6,4.6,1.5714285714285714,2.5,8.0,5.875,1.0,14.714285714285714,4.0,24.714285714285715,0.75,0.2,318.4,245.2,18.8,2.4,3.6,18.0,15.6,4.2,30.2,27.6,9.4,11.0,,,,,,0.8466666666666667,2.08,1134.0,619.0,515.0,615.0,0.9718108649534383,1071.5361755201466,642.0115411644363,6.082066934285113,5.6127838567197355,0.4692830775653771,1.0836096827430015,1,0,50,7.0,1.0,2025-11-18,Yemen,Bhutan,home,1134.0,619.0,True,0.0007946273346732948,0.005780036389609046,619.0
0.6666666666666666,3.066666666666667,-2.4000000000000004,0.36666666666666664,15,34.0,0.6666666666666666,1.6666666666666667,2.8333333333333335,1.0,1.0,0.3333333333333333,1.75,6.5,5.333333333333333,1.1666666666666667,16.0,5.833333333333333,15.666666666666666,1.5,0.0,258.75,191.5,14.5,1.0,8.0,14.0,25.0,6.0,30.25,24.5,11.5,6.0,0.0,4.0,12.0,27.0,0.0,0.11,3.78,1.7333333333333334,0.3333333333333333,1.4000000000000001,0.7333333333333333,15,55.666666666666664,4.0,5.166666666666667,13.0,8.333333333333334,4.666666666666667,3.5,5.714285714285714,8.0,6.0,1.2,7.166666666666667,1.0,25.166666666666668,0.8571428571428571,0.3333333333333333,442.5,373.8333333333333,20.833333333333332,4.666666666666667,7.166666666666667,9.166666666666666,10.333333333333334,6.5,46.833333333333336,38.5,12.0,14.166666666666666,0.5,14.5,39.0,36.0,1.0,1.6825,0.49,657.0,1350.0,-693.0,-593.0,0.031873667144986455,658.949904071213,1312.989827693295,5.7774268223893115,6.5532760461371,-0.7758492237477883,0.8816089512656619,1,0,50,0.0,3.0,2025-11-18,Brunei Darussalam,Lebanon,home,657.0,1350.0,True,0.001015930657269389,0.0012835880591089799,657.0
1.0,1.7333333333333334,-0.7333333333333334,0.3333333333333333,15,40.166666666666664,4.0,5.0,12.0,6.5,5.5,2.2,3.8333333333333335,10.666666666666666,4.666666666666667,0.8333333333333334,7.4,2.0,23.2,2.1666666666666665,0.2,365.0,297.5,31.25,3.5,3.5,16.75,13.75,4.25,38.75,37.5,21.0,12.5,,,,,,1.21,1.0525,1.0,2.8666666666666667,-1.8666666666666667,0.13333333333333333,15,40.5,1.1666666666666667,3.1666666666666665,6.5,3.0,3.2,2.1666666666666665,2.8333333333333335,9.5,5.666666666666667,1.1666666666666667,11.0,3.6666666666666665,19.166666666666668,1.1666666666666667,0.2,317.8,250.4,18.2,3.4,7.0,17.6,15.0,8.6,38.0,37.6,10.2,10.8,1.0,8.0,47.0,55.0,1.0,0.495,1.6225,1213.0,870.0,343.0,443.0,0.92758110507346,1176.5417818141202,843.878599624623,6.126780577012009,6.165837624690128,-0.039057047678118906,0.9936655731053116,1,0,50,3.0,1.0,2025-11-18,Turkmenistan,Chinese Taipei,home,1213.0,870.0,True,0.005244496342381237,0.04091516617170121,870.0
1.8,1.1333333333333333,0.6666666666666667,0.6,15,44.666666666666664,3.4444444444444446,5.111111111111111,8.142857142857142,4.571428571428571,3.5714285714285716,2.0,5.333333333333333,8.444444444444445,6.111111111111111,1.7777777777777777,10.571428571428571,2.7142857142857144,21.857142857142858,1.2222222222222223,0.42857142857142855,280.85714285714283,219.28571428571428,22.285714285714285,3.857142857142857,2.0,16.571428571428573,19.714285714285715,6.0,38.285714285714285,36.57142857142857,18.857142857142858,11.0,,,,,,1.267777777777778,1.3244444444444445,1.4,1.5333333333333334,-0.13333333333333353,0.43333333333333335,15,54.416666666666664,3.9166666666666665,4.416666666666667,10.6,6.7,3.9,2.4,4.166666666666667,10.7,7.7272727272727275,1.6363636363636365,8.4,2.5,20.8,2.1666666666666665,0.1,408.6,335.0,24.4,4.7,10.4,6.7,21.3,6.8,45.7,26.9,16.6,4.8,2.0,9.142857142857142,57.42857142857143,39.285714285714285,2.142857142857143,1.8883333333333334,1.1700000000000002,1164.0,1102.0,62.0,162.0,0.7175917231915314,1139.6187641369777,1120.659747960676,6.390405156480081,6.335858911319818,0.05454624516026296,1.0086091319146657,1,0,50,1.0,2.0,2025-11-18,Hong Kong,Singapore,home,1164.0,1102.0,True,0.5149378811929914,0.35070994091838464,1102.0
1.5333333333333334,0.6,0.9333333333333335,0.7333333333333333,15,45.75,5.090909090909091,6.454545454545454,15.333333333333334,9.777777777777779,5.555555555555555,3.6363636363636362,4.3076923076923075,11.454545454545455,8.615384615384615,2.25,7.0,3.4444444444444446,22.0,1.4,0.2727272727272727,442.22222222222223,359.0,27.11111111111111,6.0,15.222222222222221,8.88888888888889,19.0,8.333333333333334,51.0,28.666666666666668,18.0,6.0,2.7777777777777777,10.88888888888889,68.0,51.111111111111114,2.2222222222222223,1.6866666666666665,0.9666666666666667,2.2,1.2,1.0000000000000002,0.7,15,56.72727272727273,6.444444444444445,5.333333333333333,14.666666666666666,9.0,5.555555555555555,2.888888888888889,4.416666666666667,11.0,11.583333333333334,1.5833333333333333,7.333333333333333,1.4444444444444444,21.88888888888889,1.5454545454545454,0.2222222222222222,462.3333333333333,376.44444444444446,28.77777777777778,4.444444444444445,14.333333333333334,8.11111111111111,20.333333333333332,5.0,53.44444444444444,29.22222222222222,18.77777777777778,4.888888888888889,2.888888888888889,9.222222222222221,56.44444444444444,48.22222222222222,2.0,0.61,0.78,1734.0,1756.0,-22.0,78.0,0.6104024220946891,1714.0482932403406,1781.8452984873093,7.715501945293284,7.111094410509336,0.6044075347839479,1.0849950091916523,1,0,20,4.0,3.0,2025-11-18,Uzbekistan,Iran,home,1734.0,1756.0,True,0.1517862727096848,0.14322734174102744,1734.0
0.9333333333333333,1.0666666666666667,-0.1333333333333333,0.5333333333333333,15,48.69230769230769,3.076923076923077,3.923076923076923,9.384615384615385,5.769230769230769,3.6153846153846154,2.3076923076923075,5.230769230769231,11.076923076923077,8.923076923076923,1.8333333333333333,6.384615384615385,2.1666666666666665,24.76923076923077,1.8461538461538463,0.15384615384615385,362.38461538461536,280.38461538461536,26.923076923076923,5.384615384615385,12.615384615384615,7.923076923076923,18.846153846153847,8.538461538461538,46.46153846153846,34.38461538461539,18.076923076923077,8.76923076923077,1.2222222222222223,11.2,57.3,41.6,1.8,1.11,1.1900000000000002,1.4666666666666666,0.9333333333333333,0.5333333333333332,0.5666666666666667,15,53.07692307692308,4.538461538461538,4.846153846153846,11.846153846153847,6.384615384615385,5.461538461538462,2.3846153846153846,4.538461538461538,12.25,11.23076923076923,1.4166666666666667,7.6923076923076925,2.0,22.0,1.4615384615384615,0.3076923076923077,428.46153846153845,353.38461538461536,26.076923076923077,3.6153846153846154,12.76923076923077,9.461538461538462,23.0,8.384615384615385,48.07692307692308,38.76923076923077,15.846153846153847,8.538461538461538,1.4,10.6,56.6,45.1,2.4,1.49,0.73,1584.0,1544.0,40.0,140.0,0.691236152414763,1597.567129602756,1542.4462810682298,6.895974732359065,7.430639336164655,-0.5346646038055907,0.9280459487243046,1,0,40,2.0,1.0,2025-11-18,Iraq,United Arab Emirates,home,1584.0,1544.0,True,0.09533511357563947,0.17997408930630968,1544.0
2.1333333333333333,0.6666666666666666,1.4666666666666668,0.7333333333333333,15,58.53333333333333,5.0,4.866666666666666,13.0,9.0,4.0,3.1333333333333333,6.4,12.76923076923077,7.733333333333333,1.5,4.266666666666667,1.8666666666666667,19.2,1.0,0.26666666666666666,543.7333333333333,470.26666666666665,22.066666666666666,5.933333333333334,12.6,9.733333333333333,15.4,6.066666666666666,50.06666666666667,32.2,20.666666666666668,9.066666666666666,2.6363636363636362,10.583333333333334,70.25,49.416666666666664,1.8181818181818181,1.475,1.15875,0.9333333333333333,1.7333333333333334,-0.8,0.4666666666666667,15,44.714285714285715,4.785714285714286,4.214285714285714,13.071428571428571,4.785714285714286,8.285714285714286,4.071428571428571,4.214285714285714,11.166666666666666,10.714285714285714,1.2307692307692308,7.357142857142857,4.142857142857143,17.0,1.3333333333333333,0.2857142857142857,340.42857142857144,283.85714285714283,19.714285714285715,2.7142857142857144,13.857142857142858,8.642857142857142,18.571428571428573,9.0,47.5,32.142857142857146,6.785714285714286,8.214285714285714,1.4285714285714286,8.285714285714286,39.0,41.357142857142854,2.2857142857142856,0.7949999999999999,2.145,1873.0,1681.0,192.0,292.0,0.8430219644140362,1858.3991119810746,1696.2862395491168,7.9922220374838435,7.073535065058784,0.9186869724250597,1.1298766407426335,1,0,20,3.0,0.0,2025-11-18,Japan,Bolivia,home,1873.0,1681.0,True,0.024642103656428115,0.023892278991796464,1681.0
1.4666666666666666,1.2666666666666666,0.19999999999999996,0.5333333333333333,15,50.266666666666666,4.0,4.333333333333333,10.866666666666667,7.933333333333334,2.933333333333333,2.533333333333333,4.6,11.066666666666666,13.266666666666667,1.5333333333333334,8.2,2.7333333333333334,16.466666666666665,1.6666666666666667,0.3333333333333333,477.2,406.8,25.0,5.266666666666667,11.333333333333334,6.8,22.866666666666667,8.533333333333333,52.13333333333333,31.133333333333333,16.0,7.333333333333333,2.3333333333333335,7.0,50.733333333333334,45.06666666666667,2.3846153846153846,1.2519999999999998,1.4146666666666665,2.066666666666667,0.9333333333333333,1.1333333333333335,0.6666666666666666,15,55.86666666666667,6.2,4.8,16.133333333333333,10.066666666666666,6.066666666666666,5.133333333333334,7.466666666666667,10.666666666666666,12.933333333333334,1.1333333333333333,7.0,2.2,17.666666666666668,1.7333333333333334,0.4666666666666667,547.8666666666667,477.0,22.4,5.066666666666666,16.4,8.333333333333334,19.0,8.4,52.733333333333334,35.86666666666667,12.4,7.0,2.533333333333333,10.0,62.46666666666667,49.2,2.6666666666666665,1.904,1.3006666666666666,1756.0,1899.0,-143.0,-43.0,0.43843206102635396,1777.3469726448395,1904.6181573392273,8.116587821766089,8.43889027781684,-0.3223024560507515,0.9618074835149851,1,0,40,4.0,2.0,2025-11-18,Scotland,Denmark,home,1756.0,1899.0,True,0.3153585500831087,0.4070280333659434,1756.0
1.0666666666666667,1.8,-0.7333333333333334,0.3333333333333333,15,42.81818181818182,2.4545454545454546,2.909090909090909,6.7,3.3,3.4,1.1818181818181819,3.090909090909091,9.090909090909092,7.363636363636363,1.3636363636363635,11.909090909090908,2.7,20.181818181818183,2.6363636363636362,0.36363636363636365,311.6,239.4,25.3,2.9,13.3,12.1,23.9,7.6,44.7,37.0,15.7,8.5,1.0,15.166666666666666,46.666666666666664,44.5,1.4,0.652,1.624,1.8,1.3333333333333333,0.4666666666666668,0.5333333333333333,15,44.57142857142857,3.7142857142857144,6.571428571428571,13.5,8.5,5.0,2.7142857142857144,4.285714285714286,14.142857142857142,11.714285714285714,1.8333333333333333,5.857142857142857,3.6666666666666665,20.0,1.8461538461538463,0.2857142857142857,418.1666666666667,342.1666666666667,22.5,4.5,18.333333333333332,4.833333333333333,19.5,10.166666666666666,48.0,35.333333333333336,9.0,5.833333333333333,1.8333333333333333,11.0,57.333333333333336,48.5,2.8,1.7542857142857142,0.7928571428571429,1304.0,1427.0,-123.0,-23.0,0.46694860611555894,1356.348698552107,1441.8083039525616,6.325310371711061,6.955687750313506,-0.6303773786024447,0.9093723868536174,1,0,20,2.0,2.0,2025-11-18,Kuwait,Gambia,home,1304.0,1427.0,True,0.001092394637704468,0.009852589063028445,1304.0
0.6,1.9333333333333333,-1.3333333333333335,0.26666666666666666,15,38.8,0.6,2.4,3.3333333333333335,1.6666666666666667,1.6666666666666667,1.6666666666666667,1.8,13.75,3.5,1.0,14.333333333333334,6.666666666666667,15.333333333333334,1.6,0.0,227.33333333333334,155.0,19.0,1.3333333333333333,6.666666666666667,20.0,19.333333333333332,3.3333333333333335,31.333333333333332,28.333333333333332,16.333333333333332,7.0,,,,,,0.22800000000000004,1.7280000000000002,1.4,1.4666666666666666,-0.06666666666666665,0.5666666666666667,15,64.42857142857143,6.714285714285714,8.142857142857142,18.714285714285715,11.142857142857142,7.571428571428571,3.7142857142857144,7.428571428571429,11.285714285714286,8.571428571428571,1.2857142857142858,6.0,1.0,22.714285714285715,1.4285714285714286,0.42857142857142855,491.14285714285717,416.85714285714283,23.571428571428573,8.0,11.142857142857142,10.571428571428571,8.571428571428571,7.714285714285714,49.285714285714285,40.142857142857146,15.142857142857142,13.571428571428571,2.25,13.0,68.25,45.0,2.5,2.89,0.09666666666666666,921.0,1311.0,-390.0,-290.0,0.15850763307675816,875.4900446519558,1222.390048058512,6.019116290447073,6.619093330626742,-0.5999770401796694,0.9093566127246525,1,0,50,0.0,1.0,2025-11-18,Nepal,Malaysia,home,921.0,1311.0,True,0.025124669743596197,0.05905420359705958,921.0
1.2666666666666666,1.0666666666666667,0.19999999999999996,0.43333333333333335,15,34.54545454545455,4.0,4.7272727272727275,11.2,5.9,5.3,2.6363636363636362,4.181818181818182,12.9,9.181818181818182,1.3636363636363635,6.818181818181818,2.4,24.272727272727273,1.5454545454545454,0.0,306.0,234.5,20.6,3.8,18.2,8.0,22.9,11.9,44.9,31.5,11.0,5.0,1.2222222222222223,11.8,48.4,49.6,2.0,1.225,1.185,1.4666666666666666,0.3333333333333333,1.1333333333333333,0.6666666666666666,15,56.5,6.666666666666667,7.333333333333333,17.166666666666668,9.0,8.166666666666666,3.1666666666666665,4.666666666666667,12.833333333333334,12.166666666666666,3.1666666666666665,7.166666666666667,1.5,22.333333333333332,1.0,0.16666666666666666,479.0,410.5,28.333333333333332,3.0,17.666666666666668,8.833333333333334,14.5,7.666666666666667,53.666666666666664,38.166666666666664,9.666666666666666,8.5,3.25,12.333333333333334,67.66666666666667,47.5,2.5,1.615,0.27499999999999997,1609.0,1612.0,-3.0,97.0,0.6360768996878818,1628.2789169573098,1630.6791055698943,6.74154551677621,7.8252313231999,-1.0836858064236905,0.8615138950319812,1,0,20,0.0,0.0,2025-11-18,Jordan,Mali,home,1609.0,1612.0,True,0.018516922628665857,0.005045178467026264,1609.0
0.8666666666666667,1.7333333333333334,-0.8666666666666667,0.26666666666666666,15,44.1,1.8888888888888888,3.4444444444444446,7.75,2.857142857142857,4.285714285714286,1.625,2.909090909090909,10.0,3.4,1.3,12.666666666666666,6.25,18.333333333333332,1.0909090909090908,0.2857142857142857,333.14285714285717,259.7142857142857,22.0,1.2857142857142858,4.571428571428571,14.142857142857142,22.142857142857142,6.428571428571429,30.142857142857142,36.42857142857143,8.142857142857142,12.285714285714286,,,,,,0.9422222222222223,2.6088888888888895,1.9333333333333333,1.6,0.33333333333333326,0.5333333333333333,15,54.8,5.2,5.5,13.8,9.3,4.5,2.8,5.8,10.4,10.4,2.2,7.1,2.4,18.4,2.2,0.4,446.3,372.1,21.4,3.9,10.2,8.0,14.7,6.7,50.0,42.3,11.9,13.6,2.0,11.666666666666666,57.166666666666664,52.5,2.0,2.1375,0.5,856.0,1140.0,-284.0,-184.0,0.25746444105693017,858.550094311942,1135.793600498967,5.776701183988411,6.431363764158987,-0.6546625801705757,0.8982078134315912,1,0,50,0.0,2.0,2025-11-18,Maldives,Philippines,home,856.0,1140.0,True,0.06628793840875748,0.11642128849649085,856.0
1.3333333333333333,1.1333333333333333,0.19999999999999996,0.5666666666666667,15,44.8,2.375,4.25,8.0,5.142857142857143,2.857142857142857,2.75,5.4,9.6,10.8,1.3333333333333333,9.625,1.4285714285714286,24.375,2.2,0.0,393.57142857142856,318.85714285714283,26.571428571428573,3.7142857142857144,12.142857142857142,8.142857142857142,26.285714285714285,7.857142857142857,46.142857142857146,30.571428571428573,16.714285714285715,6.714285714285714,1.0,10.0,50.333333333333336,43.333333333333336,1.1666666666666667,0.49,1.54,2.1333333333333333,0.6666666666666666,1.4666666666666668,0.7,15,59.0,4.75,3.75,11.5,8.75,2.75,3.0,4.25,12.75,12.5,3.5,6.0,1.0,16.0,1.5,0.75,474.75,422.0,20.0,5.25,17.0,7.5,8.75,6.5,55.75,39.0,7.25,10.25,6.0,11.5,44.5,40.75,2.5,2.526666666666667,0.5133333333333333,1509.0,1591.0,-82.0,18.0,0.525880930891169,1503.5761025339366,1632.8912779631826,6.517195897949974,8.106768665176805,-1.589572767226831,0.8039203000752997,1,0,20,0.0,2.0,2025-11-18,Oman,Côte d'Ivoire,home,1509.0,1591.0,True,0.2765507534749625,0.11639433083786647,1509.0
0.2,2.6,-2.4,0.16666666666666666,15,33.111111111111114,1.2,3.1,5.3,2.625,2.875,1.1111111111111112,3.1,11.3,5.8,1.6,13.0,3.0,22.1,2.0,0.0,206.75,141.875,16.5,2.0,7.375,15.5,20.5,8.125,36.125,33.125,15.25,9.125,0.5,8.0,34.0,53.0,1.0,0.6083333333333333,2.1516666666666664,1.9333333333333333,1.2666666666666666,0.6666666666666667,0.6,15,51.2,2.8,6.8,12.4,6.4,6.0,2.8,2.6666666666666665,6.833333333333333,8.333333333333334,1.4,9.2,4.6,16.666666666666668,0.8333333333333334,0.2,416.0,345.8,24.8,3.8,6.6,9.8,16.0,7.8,49.6,42.8,17.6,11.8,0.0,6.0,29.0,40.5,2.0,2.396666666666667,0.20333333333333334,834.0,1444.0,-610.0,-510.0,0.050412142212975915,791.4289954480531,1408.727323050309,6.442479769064448,6.687082844604371,-0.24460307553992244,0.9634215574677251,1,0,50,0.0,5.0,2025-11-18,Pakistan,Syria,home,834.0,1444.0,True,0.002541384082501308,0.005507505210753293,834.0
1.0666666666666667,0.8,0.2666666666666666,0.6,15,54.92307692307692,4.3076923076923075,4.230769230769231,10.76923076923077,6.384615384615385,4.384615384615385,2.230769230769231,2.6923076923076925,9.846153846153847,11.692307692307692,2.230769230769231,7.230769230769231,1.7692307692307692,23.76923076923077,1.9166666666666667,0.46153846153846156,449.0,367.53846153846155,27.46153846153846,2.923076923076923,17.692307692307693,7.461538461538462,25.23076923076923,8.076923076923077,51.92307692307692,36.46153846153846,17.384615384615383,6.846153846153846,2.5,12.666666666666666,62.666666666666664,43.25,2.4545454545454546,1.0783333333333334,0.9283333333333332,2.2666666666666666,1.0,1.2666666666666666,0.7333333333333333,15,60.54545454545455,4.6923076923076925,5.230769230769231,13.333333333333334,9.416666666666666,3.9166666666666665,3.4166666666666665,6.166666666666667,11.428571428571429,13.166666666666666,2.7,7.545454545454546,2.1818181818181817,18.454545454545453,1.5384615384615385,0.25,506.09090909090907,435.8181818181818,31.636363636363637,6.0,13.909090909090908,7.2727272727272725,16.636363636363637,5.818181818181818,52.09090909090909,31.454545454545453,13.909090909090908,6.090909090909091,2.6,9.0,64.18181818181819,45.63636363636363,2.5454545454545454,3.1,2.35,1593.0,1702.0,-109.0,-9.0,0.48705085510713625,1600.17607737415,1700.4049173508731,7.211387552936859,7.990205615184807,-0.7788180622479475,0.9025284079338509,1,0,20,0.0,2.0,2025-11-18,Saudi Arabia,Algeria,home,1593.0,1702.0,True,0.23721853546059263,0.13771636979150204,1593.0
1.8666666666666667,0.9333333333333333,0.9333333333333333,0.7333333333333333,15,63.4,4.2,4.666666666666667,11.8,8.133333333333333,3.6666666666666665,2.8666666666666667,5.866666666666666,10.461538461538462,8.466666666666667,2.357142857142857,4.666666666666667,1.5714285714285714,18.6,1.2666666666666666,0.4666666666666667,587.1333333333333,515.6,32.2,4.666666666666667,11.266666666666667,8.466666666666667,12.6,5.466666666666667,48.53333333333333,28.333333333333332,14.266666666666667,6.8,2.4545454545454546,9.583333333333334,71.25,42.083333333333336,2.1666666666666665,1.3199999999999998,1.112857142857143,1.6,0.8666666666666667,0.7333333333333334,0.5333333333333333,15,50.6,2.8,5.4,10.6,6.4,4.2,2.4,5.4,15.25,15.8,1.6,8.2,3.0,19.8,1.8,0.4,370.0,294.0,23.6,4.6,11.6,13.6,9.6,12.2,50.6,35.6,11.2,8.6,1.6,8.0,57.6,49.0,3.6,1.378,1.456,1782.0,1511.0,271.0,371.0,0.8943199698511277,1812.7763829692449,1547.0270278138735,8.030700897151476,7.821349736405131,0.20935116074634497,1.0267666282421692,1,0,20,1.0,0.0,2025-11-18,South Korea,Ghana,home,1782.0,1511.0,True,0.011168268772266555,0.06458868907836278,1511.0
1.0666666666666667,1.2,-0.1333333333333333,0.5,15,48.857142857142854,4.285714285714286,2.7142857142857144,10.333333333333334,6.833333333333333,3.5,2.3333333333333335,4.142857142857143,11.714285714285714,3.142857142857143,1.8571428571428572,9.142857142857142,3.3333333333333335,19.857142857142858,1.375,0.5,362.6666666666667,301.8333333333333,23.0,4.166666666666667,3.0,12.0,15.5,7.166666666666667,37.0,40.5,15.833333333333334,12.833333333333334,,,,,,1.67375,1.15,2.2666666666666666,1.2666666666666666,1.0,0.6666666666666666,15,59.69230769230769,5.3076923076923075,6.923076923076923,14.846153846153847,10.615384615384615,4.230769230769231,2.5384615384615383,5.230769230769231,11.333333333333334,6.153846153846154,2.8461538461538463,7.3076923076923075,2.1538461538461537,21.846153846153847,1.6153846153846154,0.46153846153846156,512.6153846153846,440.46153846153845,31.384615384615383,5.769230769230769,10.923076923076923,8.076923076923077,15.0,8.846153846153847,46.23076923076923,30.384615384615383,17.23076923076923,7.846153846153846,2.75,9.444444444444445,61.22222222222222,49.333333333333336,1.1111111111111112,1.7085714285714284,0.8871428571428572,787.0,1363.0,-576.0,-476.0,0.060649558509397815,818.913862882041,1369.022808155963,5.948412965778601,6.633569442554092,-0.6851564767754903,0.8967137552853163,1,0,50,0.0,4.0,2025-11-18,Sri Lanka,Thailand,home,787.0,1363.0,True,0.003678368947384869,0.013232036654654496,787.0
0.7333333333333333,0.26666666666666666,0.4666666666666666,0.6333333333333333,15,54.53333333333333,4.0,3.066666666666667,10.0,5.266666666666667,4.733333333333333,2.933333333333333,3.8666666666666667,12.923076923076923,10.4,1.8666666666666667,7.4,2.8666666666666667,16.866666666666667,1.7142857142857142,0.13333333333333333,457.93333333333334,392.2,22.133333333333333,2.533333333333333,14.266666666666667,8.6,19.4,8.6,46.733333333333334,31.4,11.0,7.266666666666667,1.9230769230769231,8.133333333333333,54.53333333333333,45.266666666666666,2.6,0.65,1.2266666666666668,2.6,1.0,1.6,0.5333333333333333,15,43.42857142857143,3.2857142857142856,3.0,8.285714285714286,4.428571428571429,3.857142857142857,2.0,3.5714285714285716,12.75,12.142857142857142,1.2857142857142858,8.0,3.5714285714285716,20.571428571428573,2.0,0.14285714285714285,395.0,317.57142857142856,21.714285714285715,1.5714285714285714,16.285714285714285,9.142857142857142,19.0,9.428571428571429,45.285714285714285,32.42857142857143,7.428571428571429,4.285714285714286,1.5,10.285714285714286,50.714285714285715,45.0,1.2857142857142858,0.9120000000000001,1.262,1933.0,1585.0,348.0,448.0,0.9294909043747703,1929.7084146889576,1578.5038565009424,8.481585936367622,7.083323418473525,1.3982625178940973,1.1974020435446144,1,0,20,2.0,0.0,2025-11-19,Ecuador,New Zealand,home,1933.0,1585.0,True,0.004971532565887782,0.010274502050949798,1585.0
1.3333333333333333,1.0,0.33333333333333326,0.7,15,54.666666666666664,4.533333333333333,4.466666666666667,12.066666666666666,6.6,5.466666666666667,3.066666666666667,3.7857142857142856,13.923076923076923,13.666666666666666,1.5,6.533333333333333,1.6,19.6,2.0,0.26666666666666666,465.8666666666667,395.8666666666667,23.133333333333333,3.466666666666667,19.466666666666665,8.666666666666666,22.6,8.666666666666666,52.2,37.93333333333333,12.8,5.466666666666667,2.5,12.2,47.06666666666667,40.86666666666667,2.2666666666666666,1.2146666666666666,0.796,1.0666666666666667,0.8666666666666667,0.19999999999999996,0.6,15,37.0,3.2666666666666666,3.2,9.666666666666666,5.6,4.066666666666666,3.2,4.0,12.692307692307692,10.866666666666667,1.6923076923076923,7.533333333333333,2.357142857142857,19.133333333333333,2.076923076923077,0.4,295.26666666666665,218.8,21.266666666666666,3.533333333333333,19.733333333333334,10.0,25.2,7.933333333333334,50.86666666666667,34.93333333333333,15.466666666666667,5.0,1.6153846153846154,12.133333333333333,41.8,41.93333333333333,2.4285714285714284,0.62,1.405,1835.0,1833.0,2.0,102.0,0.6427130688326204,1806.4441435611893,1832.1538374026331,7.923244013447765,7.813380806733855,0.10986320671390981,1.014060905187064,1,0,20,1.0,2.0,2025-11-19,Mexico,Paraguay,home,1835.0,1833.0,True,0.4130800888482446,0.2842316792043172,1833.0
2.2,1.3333333333333333,0.8666666666666669,0.6333333333333333,15,54.285714285714285,5.857142857142857,5.5,14.928571428571429,9.5,5.428571428571429,3.5714285714285716,5.428571428571429,13.857142857142858,13.214285714285714,2.0,6.5,3.0714285714285716,19.642857142857142,1.6153846153846154,0.5714285714285714,389.92857142857144,322.7142857142857,25.428571428571427,4.428571428571429,15.714285714285714,8.785714285714286,17.071428571428573,8.428571428571429,50.5,33.57142857142857,10.357142857142858,5.0,2.2857142857142856,10.5,55.57142857142857,45.642857142857146,3.4285714285714284,2.295714285714286,1.1214285714285714,1.0,1.4,-0.3999999999999999,0.4,15,54.53846153846154,3.769230769230769,6.6923076923076925,13.384615384615385,7.0,6.384615384615385,2.923076923076923,4.642857142857143,13.692307692307692,12.846153846153847,1.3076923076923077,9.153846153846153,3.230769230769231,20.153846153846153,1.9285714285714286,0.15384615384615385,363.6923076923077,298.53846153846155,29.23076923076923,4.384615384615385,11.923076923076923,8.0,23.307692307692307,9.307692307692308,46.76923076923077,29.923076923076923,12.153846153846153,6.0,0.9230769230769231,7.538461538461538,45.92307692307692,40.92307692307692,2.6923076923076925,1.045,1.21,1542.0,1328.0,214.0,314.0,0.8590630023766738,1510.9423558958915,1355.603548134197,7.478566495593843,6.308991029000164,1.1695754665936793,1.1853823315356704,1,0,40,2.0,0.0,2025-11-19,Haiti,Nicaragua,home,1542.0,1328.0,True,0.019863237299077463,0.028779407353384613,1328.0
1.6666666666666667,1.6666666666666667,0.0,0.5,15,47.75,3.5,4.5,11.181818181818182,6.0,5.181818181818182,3.0,3.9166666666666665,12.666666666666666,12.916666666666666,2.3333333333333335,8.181818181818182,3.3636363636363638,21.272727272727273,1.5833333333333333,0.09090909090909091,364.45454545454544,295.3636363636364,19.0,4.090909090909091,16.272727272727273,6.545454545454546,26.636363636363637,8.636363636363637,47.54545454545455,33.72727272727273,13.181818181818182,5.818181818181818,1.6,9.727272727272727,47.36363636363637,42.45454545454545,1.5454545454545454,1.0175,1.5150000000000001,1.4666666666666666,1.1333333333333333,0.33333333333333326,0.5333333333333333,15,51.333333333333336,4.0,4.0,10.0,6.8,3.2,2.0,3.6666666666666665,13.333333333333334,15.066666666666666,1.7857142857142858,8.0,2.466666666666667,16.8,1.8,0.4666666666666667,411.1333333333333,341.3333333333333,25.733333333333334,3.2666666666666666,13.0,7.933333333333334,22.466666666666665,7.333333333333333,52.266666666666666,35.333333333333336,9.533333333333333,8.466666666666667,2.4285714285714284,7.666666666666667,57.733333333333334,42.53333333333333,1.9333333333333333,1.5350000000000001,1.865,1529.0,1440.0,89.0,189.0,0.7479995411960544,1491.7182005309435,1431.2599336141484,6.718501688867274,6.978180516937414,-0.25967882807013964,0.9627870291632828,1,0,40,3.0,1.0,2025-11-19,Guatemala,Suriname,home,1529.0,1440.0,True,0.0635042312373991,0.10255005699538863,1440.0
1.8,1.4,0.40000000000000013,0.6666666666666666,15,56.666666666666664,4.733333333333333,5.0,13.2,8.733333333333333,4.466666666666667,3.466666666666667,5.466666666666667,12.214285714285714,12.4,1.3571428571428572,7.2,2.2666666666666666,18.066666666666666,1.6,0.26666666666666666,459.06666666666666,387.06666666666666,26.933333333333334,3.8666666666666667,15.6,7.266666666666667,19.466666666666665,9.8,51.2,34.333333333333336,13.2,6.933333333333334,2.1333333333333333,10.466666666666667,61.266666666666666,43.53333333333333,2.933333333333333,1.415,1.4425,1.0666666666666667,1.2666666666666666,-0.19999999999999996,0.43333333333333335,15,49.8,3.3333333333333335,4.8,12.357142857142858,7.0,5.357142857142857,4.214285714285714,5.266666666666667,16.142857142857142,13.533333333333333,1.7857142857142858,7.642857142857143,1.5714285714285714,23.714285714285715,2.3333333333333335,0.35714285714285715,368.57142857142856,292.5,19.714285714285715,3.5714285714285716,15.857142857142858,8.0,18.928571428571427,8.071428571428571,48.642857142857146,33.142857142857146,13.857142857142858,5.142857142857143,1.5714285714285714,10.5,57.07142857142857,40.785714285714285,2.2857142857142856,1.3542857142857143,0.8614285714285714,1742.0,1323.0,419.0,519.0,0.9520109719849302,1699.585978900238,1343.1012051151429,7.109274738230295,6.28668096935493,0.8225937688753646,1.130847067456609,1,0,40,3.0,0.0,2025-11-19,Panama,El Salvador,home,1742.0,1323.0,True,0.002302946809831151,0.013444588480218055,1323.0
1.7333333333333334,1.5333333333333334,0.19999999999999996,0.5666666666666667,15,59.06666666666667,4.933333333333334,4.066666666666666,12.266666666666667,8.733333333333333,3.533333333333333,3.2666666666666666,4.866666666666666,11.153846153846153,10.2,2.0,5.466666666666667,2.6,18.666666666666668,1.6666666666666667,0.6,540.6,469.8666666666667,23.4,3.4,14.733333333333333,6.8,19.933333333333334,9.866666666666667,49.93333333333333,31.466666666666665,12.333333333333334,6.666666666666667,2.8,9.266666666666667,56.266666666666666,41.733333333333334,1.8,1.8113333333333335,1.1093333333333333,0.8,0.5333333333333333,0.2666666666666667,0.5666666666666667,15,54.86666666666667,2.8,4.2,9.866666666666667,5.533333333333333,4.333333333333333,2.8666666666666667,5.071428571428571,12.23076923076923,12.066666666666666,1.8181818181818181,8.333333333333334,3.066666666666667,18.266666666666666,2.2857142857142856,0.2,442.6,367.93333333333334,27.0,3.8666666666666667,17.066666666666666,8.333333333333334,21.0,7.666666666666667,49.8,36.06666666666667,12.066666666666666,7.266666666666667,0.7142857142857143,11.4,53.53333333333333,49.333333333333336,1.9333333333333333,0.68,0.6066666666666666,1747.0,1890.0,-143.0,-43.0,0.43843206102635396,1750.630992385443,1955.0193041342397,7.885361220031512,8.221153319344761,-0.3357920993132497,0.9591551104486623,1,0,20,5.0,1.0,2025-11-19,USA,Uruguay,home,1747.0,1890.0,True,0.3153585500831087,0.37864197575714315,1747.0
0.9333333333333333,1.9333333333333333,-1.0,0.3,15,38.666666666666664,4.0,3.4,10.533333333333333,5.533333333333333,5.0,3.1333333333333333,3.4,12.642857142857142,12.6,2.1333333333333333,7.2,3.7333333333333334,17.666666666666668,2.3333333333333335,0.13333333333333333,311.46666666666664,240.4,22.4,2.8,15.866666666666667,10.133333333333333,20.666666666666668,8.066666666666666,50.53333333333333,32.93333333333333,14.2,5.466666666666667,1.5333333333333334,10.0,49.333333333333336,40.86666666666667,1.4,1.1500000000000001,2.09,2.2,1.2666666666666666,0.9333333333333336,0.6333333333333333,15,48.86666666666667,3.8,4.333333333333333,10.866666666666667,7.2,3.6666666666666665,2.7333333333333334,5.0,15.75,16.2,2.1333333333333333,4.333333333333333,1.4,20.066666666666666,2.357142857142857,0.4,354.6,282.93333333333334,17.8,3.466666666666667,19.333333333333332,8.666666666666666,15.2,8.066666666666666,53.13333333333333,40.333333333333336,12.066666666666666,5.6,2.7857142857142856,12.266666666666667,56.2,43.4,3.8,1.662857142857143,0.9271428571428572,1715.0,1802.0,-87.0,13.0,0.5186997779295586,1732.5618601505373,1758.3655781160635,7.449555516251899,8.008813009052089,-0.5592574928001897,0.9301697402388993,1,0,20,0.0,2.0,2025-11-19,Venezuela,Canada,home,1715.0,1802.0,True,0.26904945962417337,0.16166018455161302,1715.0
1.5333333333333334,1.6,-0.06666666666666665,0.4666666666666667,15,47.9,5.4,5.7,13.6,8.8,4.8,2.5,4.3,11.222222222222221,11.2,1.2,7.9,3.2,20.2,1.5454545454545454,0.7,326.7,257.8,22.6,2.9,17.0,8.4,24.2,10.2,50.2,36.3,13.4,8.5,2.1,10.5,51.1,45.6,2.3333333333333335,0.5333333333333333,2.56,1.8,2.8,-0.9999999999999998,0.4,15,49.0,5.153846153846154,3.5384615384615383,10.76923076923077,6.769230769230769,4.0,2.076923076923077,4.153846153846154,13.083333333333334,12.76923076923077,1.4545454545454546,8.615384615384615,3.923076923076923,17.846153846153847,1.7142857142857142,0.5384615384615384,341.9230769230769,274.61538461538464,21.76923076923077,3.0,15.153846153846153,7.923076923076923,22.46153846153846,9.923076923076923,47.15384615384615,34.23076923076923,7.6923076923076925,6.769230769230769,2.0,9.923076923076923,48.53846153846154,46.38461538461539,2.923076923076923,2.0316666666666667,1.7733333333333334,1403.0,1119.0,284.0,384.0,0.9011868291216677,1427.5006330183257,1105.9447682459675,6.150756439860309,5.309630167425898,0.8411262724344111,1.1584152277864181,1,0,40,2.0,2.0,2025-11-19,Trinidad and Tobago,Bermuda,home,1403.0,1119.0,True,0.1609508718606982,0.1235109306856386,1119.0
0.7333333333333333,2.1333333333333333,-1.4,0.2,15,46.357142857142854,3.7857142857142856,4.714285714285714,10.714285714285714,7.357142857142857,3.357142857142857,2.2142857142857144,4.928571428571429,11.142857142857142,12.357142857142858,1.4285714285714286,8.428571428571429,5.214285714285714,17.214285714285715,1.5714285714285714,0.0,329.0,261.7142857142857,25.0,3.4285714285714284,12.928571428571429,8.214285714285714,16.928571428571427,6.714285714285714,49.57142857142857,32.0,7.142857142857143,7.142857142857143,0.7857142857142857,9.857142857142858,52.214285714285715,43.785714285714285,2.5,0.7116666666666666,2.358333333333334,1.7333333333333334,1.9333333333333333,-0.19999999999999996,0.4,15,52.888888888888886,6.111111111111111,6.0,15.444444444444445,10.11111111111111,5.333333333333333,3.3333333333333335,5.5,13.88888888888889,13.444444444444445,2.5555555555555554,7.777777777777778,3.111111111111111,19.0,1.4,0.6666666666666666,410.1111111111111,347.1111111111111,27.88888888888889,4.444444444444445,13.666666666666666,7.666666666666667,12.333333333333334,6.222222222222222,52.22222222222222,34.666666666666664,7.444444444444445,7.888888888888889,3.4444444444444446,8.777777777777779,53.22222222222222,48.666666666666664,4.0,1.6666666666666667,2.3433333333333333,894.0,1275.0,-381.0,-281.0,0.1655408182910169,911.4620317585149,1255.8466316729882,,,,,1,0,20,1.0,4.0,2025-11-19,Antigua and Barbuda,Guyana,home,894.0,1275.0,True,0.02740376252045948,0.05904242868325168,894.0
1.1333333333333333,2.4,-1.2666666666666666,0.26666666666666666,15,31.22222222222222,2.4545454545454546,2.909090909090909,7.0,3.5,3.625,1.4,2.4,11.5,9.1,1.3,12.9,5.0,18.4,1.7272727272727273,0.0,222.625,144.25,18.375,1.875,11.5,15.375,24.875,8.625,38.375,29.75,11.875,5.25,1.4,10.0,45.6,49.8,1.6,0.3275,2.95,2.466666666666667,0.7333333333333333,1.7333333333333334,0.8666666666666667,15,54.833333333333336,6.666666666666667,7.333333333333333,17.5,12.0,5.5,3.1666666666666665,7.166666666666667,9.916666666666666,9.25,2.3333333333333335,6.083333333333333,1.75,23.083333333333332,1.4166666666666667,0.75,448.9166666666667,366.5833333333333,28.0,8.25,11.416666666666666,10.583333333333334,15.916666666666666,7.166666666666667,50.916666666666664,33.166666666666664,19.75,9.833333333333334,3.25,9.666666666666666,57.333333333333336,47.44444444444444,2.3333333333333335,2.6466666666666665,0.2333333333333333,711.0,1326.0,-615.0,-515.0,0.049052005347292676,698.0642003323861,1389.1400241070423,5.925827574624742,6.517855418930028,-0.592027844305286,0.9091683067123828,1,0,50,0.0,2.0,2025-11-19,Laos,Vietnam,home,711.0,1326.0,True,0.0024060992285908295,0.008940056970725441,711.0
1.8666666666666667,1.0666666666666667,0.8,0.5666666666666667,15,58.266666666666666,5.466666666666667,5.266666666666667,13.6,8.8,4.8,2.8666666666666667,4.266666666666667,13.307692307692308,12.333333333333334,2.2,5.8,2.533333333333333,18.333333333333332,1.4666666666666666,0.4,449.8,388.26666666666665,25.8,4.4,13.733333333333333,7.333333333333333,17.2,9.066666666666666,49.8,31.933333333333334,12.133333333333333,6.733333333333333,3.1333333333333333,8.866666666666667,53.2,41.8,2.3333333333333335,1.4266666666666665,0.6466666666666666,1.4666666666666666,0.7333333333333333,0.7333333333333333,0.6666666666666666,15,46.266666666666666,3.466666666666667,3.6,9.266666666666667,6.933333333333334,2.3333333333333335,2.2,3.7333333333333334,9.166666666666666,11.733333333333333,1.8571428571428572,7.133333333333334,2.6,24.133333333333333,1.5384615384615385,0.3333333333333333,407.8666666666667,331.46666666666664,22.866666666666667,3.8666666666666667,12.466666666666667,8.733333333333333,21.666666666666668,9.266666666666667,50.13333333333333,28.2,18.2,4.866666666666666,2.230769230769231,7.866666666666666,44.53333333333333,42.266666666666666,2.357142857142857,0.9179999999999999,1.448,1998.0,1774.0,224.0,324.0,0.8658895824550439,2011.0434067800581,1797.0790487923532,8.28761140456744,7.290257269394518,0.9973541351729214,1.1368064388289765,1,0,20,3.0,0.0,2025-11-19,Colombia,Australia,home,1998.0,1774.0,True,0.017985604094082473,0.03688642915676431,1774.0
2.933333333333333,1.5333333333333334,1.3999999999999997,0.6333333333333333,15,47.92307692307692,6.384615384615385,5.461538461538462,15.76923076923077,8.615384615384615,7.153846153846154,3.923076923076923,5.769230769230769,12.384615384615385,12.923076923076923,2.0833333333333335,8.153846153846153,2.6153846153846154,23.307692307692307,2.2857142857142856,0.38461538461538464,352.0,286.7692307692308,22.076923076923077,4.076923076923077,16.53846153846154,9.0,18.846153846153847,7.384615384615385,50.0,35.53846153846154,13.076923076923077,6.615384615384615,3.0,10.692307692307692,57.0,41.0,3.3076923076923075,1.7342857142857144,1.737142857142857,1.7333333333333334,1.3333333333333333,0.40000000000000013,0.6666666666666666,15,55.25,4.583333333333333,7.25,14.416666666666666,8.666666666666666,5.75,2.5833333333333335,6.583333333333333,11.416666666666666,13.083333333333334,1.9090909090909092,7.583333333333333,2.25,21.583333333333332,1.6363636363636365,0.5833333333333334,421.75,348.5833333333333,25.5,4.666666666666667,14.916666666666666,7.333333333333333,19.166666666666668,7.25,54.0,34.0,16.75,7.083333333333333,2.4166666666666665,8.666666666666666,64.5,44.5,2.0833333333333335,0.768,1.7399999999999998,1632.0,1567.0,65.0,165.0,0.7210782431975601,1605.3211135558063,1557.0908232905665,7.368602958559182,7.0147304950017535,0.35387246355742885,1.0504470505045882,1,0,40,0.0,0.0,2025-11-19,Costa Rica,Honduras,home,1632.0,1567.0,True,0.04887558961531952,0.014754906822032588,1567.0
1.1333333333333333,1.8,-0.6666666666666667,0.43333333333333335,15,,,,,,,,,,,,,,,1.6666666666666667,,,,,,,,,,,,,,,,,,,,,1.0,2.1333333333333333,-1.1333333333333333,0.43333333333333335,15,,,,,,,,,,,,,,,1.5,,,,,,,,,,,,,,,,,,,,,1120.0,1131.0,-11.0,89.0,0.6253513933075368,1088.3652571291934,1153.4928179654744,5.704150516839799,5.713490543093942,-0.009340026254143652,0.9983652679244507,1,0,20,2.0,0.0,2025-11-20,Papua New Guinea,Fiji,home,1120.0,1131.0,True,0.14036157849660402,0.30441614912368997,1120.0
1.1333333333333333,2.6666666666666665,-1.5333333333333332,0.3,15,,,,,,,,3.0,,,,,,,1.4,,,,,,,,,,,,,,,,,,,,,2.2666666666666666,2.0,0.2666666666666666,0.3333333333333333,15,,,,,,,,,,,,,,,1.5,,,,,,,,,,,,,,,,,,,,,1086.0,1110.0,-24.0,76.0,0.6076610641268197,1025.750385282721,1161.6450731751306,,,,,1,0,20,2.0,1.0,2025-11-20,Vanuatu,Solomon Islands,home,1086.0,1110.0,True,0.15392984060209944,0.29773196558701104,1086.0
1.1333333333333333,1.7333333333333334,-0.6000000000000001,0.36666666666666664,15,44.6,2.6,2.9,7.0,3.3333333333333335,3.6666666666666665,1.3,3.4,9.1,7.1,1.5,12.2,2.888888888888889,20.3,2.7,0.3,319.3333333333333,247.0,25.444444444444443,3.0,13.333333333333334,10.777777777777779,25.0,7.777777777777778,44.77777777777778,38.22222222222222,16.333333333333332,9.0,1.2,16.0,46.8,45.2,1.5,0.652,1.624,0.5333333333333333,0.8666666666666667,-0.33333333333333337,0.43333333333333335,15,45.666666666666664,2.3333333333333335,4.333333333333333,7.833333333333333,2.8333333333333335,5.0,1.1666666666666667,3.3333333333333335,11.8,20.166666666666668,2.0,7.166666666666667,2.3333333333333335,14.166666666666666,1.7272727272727273,0.0,361.5,278.5,24.0,1.8333333333333333,12.333333333333334,13.166666666666666,24.333333333333332,6.666666666666667,51.833333333333336,36.5,16.333333333333332,5.833333333333333,0.6666666666666666,7.666666666666667,57.0,43.666666666666664,3.1666666666666665,,,1307.0,1344.0,-37.0,63.0,0.5896835031399501,1355.930436517205,1408.910465440426,6.448551739201578,6.4605971888976015,-0.01204544969602317,0.9981355516612732,1,0,40,2.0,0.0,2025-11-25,Kuwait,Mauritania,home,1307.0,1344.0,True,0.16835962759550333,0.28126372471536903,1307.0
1.0666666666666667,1.2666666666666666,-0.19999999999999996,0.43333333333333335,15,42.63636363636363,3.3636363636363638,5.0,11.090909090909092,6.7272727272727275,4.363636363636363,2.727272727272727,4.909090909090909,11.727272727272727,10.545454545454545,1.6,8.0,2.3636363636363638,20.272727272727273,2.6363636363636362,0.18181818181818182,338.45454545454544,258.90909090909093,26.818181818181817,4.636363636363637,18.90909090909091,8.272727272727273,24.272727272727273,7.636363636363637,48.54545454545455,35.81818181818182,13.909090909090908,7.0,1.7,12.363636363636363,54.45454545454545,45.18181818181818,2.0,,,1.0,0.9333333333333333,0.06666666666666665,0.5333333333333333,15,45.6,2.0,2.2,5.2,3.2,2.0,1.0,2.8333333333333335,13.8,16.6,1.0,11.6,4.0,21.2,2.9285714285714284,0.0,326.4,246.6,20.4,2.4,16.8,8.2,32.6,7.8,50.8,38.6,13.4,5.6,1.2,9.4,46.0,43.0,1.6,0.516,1.314,1448.0,1424.0,24.0,124.0,0.6712405808158318,1434.9921968569838,1434.4858236961823,6.686636269262293,6.283301228703549,0.40333504055874414,1.0641915811255742,1,0,40,4.0,3.0,2025-11-25,Palestine,Libya,home,1448.0,1424.0,True,0.10808275570231161,0.12208008843725669,1424.0
2.2,1.2,1.0000000000000002,0.6333333333333333,15,51.166666666666664,3.3333333333333335,6.5,13.0,7.166666666666667,5.833333333333333,3.1666666666666665,3.8333333333333335,8.0,8.333333333333334,1.8333333333333333,9.333333333333334,4.166666666666667,19.666666666666668,1.0,0.16666666666666666,424.0,352.6666666666667,24.666666666666668,4.5,6.666666666666667,9.833333333333334,15.5,7.333333333333333,48.333333333333336,43.333333333333336,17.166666666666668,13.0,0.0,6.0,29.0,40.5,2.0,2.8225,0.25,0.8666666666666667,1.8666666666666667,-1.0,0.26666666666666666,15,32.57142857142857,2.5714285714285716,3.0,6.857142857142857,4.714285714285714,2.142857142857143,1.2857142857142858,2.142857142857143,10.166666666666666,9.714285714285714,1.2857142857142858,16.285714285714285,4.571428571428571,19.714285714285715,2.090909090909091,0.0,258.85714285714283,184.28571428571428,23.0,2.5714285714285716,14.714285714285714,8.571428571428571,23.428571428571427,9.714285714285714,43.857142857142854,28.428571428571427,9.714285714285714,4.428571428571429,1.0,10.428571428571429,43.57142857142857,38.142857142857146,1.0,0.9340000000000002,2.278,1448.0,1143.0,305.0,405.0,0.9114417700030158,1413.5711768434858,1152.9179132959348,6.5409548089261325,5.808210972924222,0.7327438360019105,1.1261565462097878,1,0,40,2.0,0.0,2025-11-25,Syria,South Sudan,home,1448.0,1143.0,True,0.007842560100198744,0.015310393608617063,1143.0
1.8666666666666667,1.0,0.8666666666666667,0.5,15,49.75,6.25,7.125,17.5,10.0,7.5,3.875,4.0,7.5,2.0,2.25,8.5,2.25,15.25,1.5,0.25,374.75,300.75,24.875,4.75,4.625,15.75,14.625,7.875,35.125,34.625,15.125,14.75,,,,,,2.32125,0.96375,0.9333333333333333,1.3333333333333333,-0.3999999999999999,0.43333333333333335,15,49.5,3.0,4.5,,,,,2.5,15.75,18.5,3.0,,,,2.2,,,,,,,,,,,,,,,,,,,,,1138.0,1405.0,-267.0,-167.0,0.27661213056082945,1076.348847000082,1418.486738153966,6.082066934285113,5.942008053022313,0.14005888126279942,1.0235709679308767,1,0,40,6.0,8.0,2025-11-26,Yemen,Comoros,home,1138.0,1405.0,True,0.07651427077340135,0.2134241548759805,1138.0
1.2666666666666666,1.1333333333333333,0.1333333333333333,0.5666666666666667,15,44.333333333333336,2.5714285714285716,4.285714285714286,8.166666666666666,5.333333333333333,2.8333333333333335,2.857142857142857,5.333333333333333,9.333333333333334,11.666666666666666,1.25,10.0,1.5,23.428571428571427,2.111111111111111,0.0,402.3333333333333,329.0,26.0,3.8333333333333335,13.666666666666666,7.166666666666667,29.0,7.666666666666667,47.5,29.166666666666668,14.833333333333334,5.333333333333333,1.0,10.0,50.333333333333336,43.333333333333336,1.1666666666666667,,,0.5333333333333333,2.066666666666667,-1.5333333333333337,0.13333333333333333,15,28.0,0.0,2.0,5.0,0.0,5.0,3.0,2.0,,11.0,3.0,10.0,3.0,8.0,1.7,0.0,235.0,183.0,22.0,1.0,16.0,7.0,28.0,1.0,60.0,41.0,7.0,14.0,0.0,8.0,29.0,36.0,2.0,,,1493.0,943.0,550.0,650.0,0.9768355779567848,1489.8387454448066,927.0279300414288,6.524396122103842,5.9410142437055695,0.5833818783982725,1.0981956707167229,1,0,40,4.0,1.0,2025-11-26,Oman,Somalia,home,1493.0,943.0,True,0.0005365904485961955,0.0068000896996611585,943.0
1.9333333333333333,0.3333333333333333,1.6,0.7666666666666667,15,56.42857142857143,4.285714285714286,5.428571428571429,13.714285714285714,8.714285714285714,5.0,3.7142857142857144,5.875,7.714285714285714,5.285714285714286,1.0,6.571428571428571,1.1666666666666667,24.285714285714285,1.0,0.2857142857142857,455.7142857142857,388.57142857142856,22.285714285714285,5.714285714285714,6.714285714285714,8.285714285714286,9.857142857142858,6.142857142857143,47.142857142857146,39.285714285714285,12.714285714285714,15.142857142857142,0.5,14.5,39.0,36.0,1.0,1.8039999999999998,0.40599999999999997,1.0666666666666667,1.2,-0.1333333333333333,0.4,15,41.857142857142854,2.857142857142857,5.571428571428571,10.142857142857142,5.571428571428571,4.571428571428571,1.7142857142857142,4.285714285714286,16.285714285714285,15.571428571428571,1.8571428571428572,8.857142857142858,2.2857142857142856,22.428571428571427,1.9166666666666667,0.14285714285714285,312.14285714285717,218.14285714285714,25.285714285714285,2.857142857142857,16.857142857142858,11.571428571428571,32.714285714285715,7.571428571428571,48.0,35.285714285714285,19.714285714285715,5.0,1.5714285714285714,9.714285714285714,64.28571428571429,51.142857142857146,2.4285714285714284,,,1352.0,1362.0,-10.0,90.0,0.626699081666732,1316.4522016052579,1425.981143019266,6.542700969448111,5.947433721887051,0.5952672475610603,1.100088084272453,1,0,40,1.0,2.0,2025-11-26,Lebanon,Sudan,home,1352.0,1362.0,True,0.3927517389619253,0.34295786818963964,1352.0
0.9333333333333333,1.3333333333333333,-0.3999999999999999,0.3333333333333333,15,46.23076923076923,2.6923076923076925,4.230769230769231,8.384615384615385,5.076923076923077,3.3076923076923075,1.3846153846153846,3.076923076923077,10.615384615384615,8.307692307692308,2.1538461538461537,8.384615384615385,2.6153846153846154,22.692307692307693,1.5,0.15384615384615385,369.84615384615387,290.3076923076923,23.46153846153846,3.076923076923077,12.538461538461538,10.846153846153847,25.384615384615383,7.384615384615385,42.61538461538461,32.23076923076923,18.923076923076923,5.923076923076923,1.0,12.0,56.75,44.375,1.875,1.4216666666666669,1.1783333333333335,0.6,2.6666666666666665,-2.0666666666666664,0.16666666666666666,15,,,,,,,,,,,,,,,1.5,,,,,,,,,,,,,,,,,,,,,1408.0,917.0,491.0,591.0,0.9677691489361132,1419.659344539202,921.343122854698,6.574031267727719,5.401400540781544,1.172630726946175,1.2170975320368491,1,0,40,1.0,0.0,2025-11-26,Bahrain,Djibouti,home,1408.0,917.0,True,0.0010388277603024523,0.00549492245174955,917.0
1.2666666666666666,1.8666666666666667,-0.6000000000000001,0.4,15,55.2,2.933333333333333,3.533333333333333,7.8,5.0,2.8,1.2,3.1333333333333333,12.846153846153847,11.266666666666667,1.8,5.933333333333334,2.9285714285714284,18.733333333333334,2.1333333333333333,0.3333333333333333,472.6,400.6666666666667,30.533333333333335,4.333333333333333,13.133333333333333,8.133333333333333,20.933333333333334,7.266666666666667,50.333333333333336,33.13333333333333,15.733333333333333,6.466666666666667,1.9166666666666667,9.5,51.25,43.0,1.9166666666666667,1.1560000000000001,1.428,1.0,1.4666666666666666,-0.46666666666666656,0.43333333333333335,15,42.63636363636363,3.3636363636363638,5.0,11.090909090909092,6.7272727272727275,4.363636363636363,2.727272727272727,4.909090909090909,11.727272727272727,10.545454545454545,1.6,8.0,2.3636363636363638,20.272727272727273,2.6363636363636362,0.18181818181818182,338.45454545454544,258.90909090909093,26.818181818181817,4.636363636363637,18.90909090909091,8.272727272727273,24.272727272727273,7.636363636363637,48.54545454545455,35.81818181818182,13.909090909090908,7.0,1.7,12.363636363636363,54.45454545454545,45.18181818181818,2.0,,,1486.0,1447.0,39.0,39.0,0.5558909611168531,1516.6480357640223,1449.362746082614,7.020775488193558,6.552059534187884,0.468715954005674,1.0715371940013623,0,1,30,0.0,1.0,2025-12-01,Qatar,Palestine,neutral,1486.0,1447.0,True,0.3090147606514187,0.27222412134152596,1447.0
1.7333333333333334,0.8666666666666667,0.8666666666666667,0.6666666666666666,15,56.77777777777778,3.7,4.4,11.7,7.9,3.8,3.6,6.1,15.5,15.1,2.8,6.777777777777778,1.8888888888888888,20.0,1.6153846153846154,0.3,449.6666666666667,383.44444444444446,30.666666666666668,5.444444444444445,15.0,8.555555555555555,13.666666666666666,8.333333333333334,49.77777777777778,34.111111111111114,11.0,5.333333333333333,2.111111111111111,9.444444444444445,57.666666666666664,42.333333333333336,3.4444444444444446,0.7175000000000001,1.5525,1.8666666666666667,1.2,0.6666666666666667,0.6333333333333333,15,51.166666666666664,3.3333333333333335,6.5,13.0,7.166666666666667,5.833333333333333,3.1666666666666665,3.8333333333333335,8.0,8.333333333333334,1.8333333333333333,9.333333333333334,4.166666666666667,19.666666666666668,1.0,0.16666666666666666,424.0,352.6666666666667,24.666666666666668,4.5,6.666666666666667,9.833333333333334,15.5,7.333333333333333,48.333333333333336,43.333333333333336,17.166666666666668,13.0,0.0,6.0,29.0,40.5,2.0,2.8225,0.25,1650.0,1457.0,193.0,193.0,0.7523149936056823,1656.0364839179392,1420.2577478019657,7.082426300860772,6.846955325019824,0.2354709758409479,1.0343906108136125,0,1,30,0.0,1.0,2025-12-01,Tunisia,Syria,neutral,1650.0,1457.0,True,0.5659778496039178,0.4789212342295232,1457.0
1.3333333333333333,0.5333333333333333,0.7999999999999999,0.7333333333333333,15,66.0,5.4,5.4,14.2,6.6,7.6,3.4,4.166666666666667,13.4,10.666666666666666,2.5,6.4,1.8,16.2,1.8181818181818181,0.4,587.4,519.2,32.8,3.6,15.8,6.8,16.4,5.0,51.4,33.8,12.8,7.6,0.4,10.8,68.2,47.6,2.2,1.104,1.022,1.2,1.6666666666666667,-0.4666666666666668,0.4,15,44.111111111111114,2.3333333333333335,2.7777777777777777,6.625,3.125,3.5,1.3333333333333333,3.4444444444444446,9.666666666666666,6.777777777777778,1.6666666666666667,12.666666666666666,2.875,20.555555555555557,2.888888888888889,0.3333333333333333,310.25,238.75,24.375,2.75,12.0,10.875,23.75,7.125,43.375,37.375,16.875,8.625,1.25,15.5,42.5,43.0,1.5,0.652,1.624,1644.0,1340.0,304.0,304.0,0.8519483458525737,1659.220166673653,1381.8950126042803,6.824125833916549,6.395326393069351,0.42879944084719757,1.0670488751460583,0,1,30,1.0,1.0,2025-12-02,Egypt,Kuwait,neutral,1644.0,1340.0,True,0.12386763814836285,0.06370962656478174,1340.0
1.0,0.8,0.19999999999999996,0.6,15,53.84615384615385,4.076923076923077,3.923076923076923,9.76923076923077,6.153846153846154,3.6153846153846154,1.7692307692307692,2.5384615384615383,9.583333333333334,12.846153846153847,2.230769230769231,7.6923076923076925,1.8461538461538463,23.0,1.9166666666666667,0.46153846153846156,441.53846153846155,359.7692307692308,27.615384615384617,2.230769230769231,18.923076923076923,7.0,25.307692307692307,8.76923076923077,52.15384615384615,36.92307692307692,15.76923076923077,6.0,2.3846153846153846,12.615384615384615,62.07692307692308,43.0,2.5,1.0133333333333334,1.0516666666666665,1.5333333333333334,1.2,0.3333333333333335,0.6,15,46.1,2.5714285714285716,4.285714285714286,8.166666666666666,5.333333333333333,2.8333333333333335,2.857142857142857,5.1,9.6,11.5,1.1111111111111112,10.0,1.5,23.428571428571427,1.9,0.0,402.3333333333333,329.0,26.0,3.8333333333333335,13.666666666666666,7.166666666666667,29.0,7.666666666666667,47.5,29.166666666666668,14.833333333333334,5.333333333333333,1.0,10.0,50.333333333333336,43.333333333333336,1.1666666666666667,,,1578.0,1475.0,103.0,103.0,0.6440338538222926,1585.1859571887042,1491.3474640735853,7.165837624690128,6.503790683057181,0.6620469416329469,1.101794011199903,0,1,30,2.0,1.0,2025-12-02,Saudi Arabia,Oman,neutral,1578.0,1475.0,True,0.12671189722460893,0.19766724368240274,1475.0
2.3333333333333335,0.6,1.7333333333333334,0.9333333333333333,15,60.6,6.266666666666667,6.0,15.333333333333334,10.333333333333334,5.0,3.066666666666667,7.933333333333334,12.23076923076923,13.266666666666667,2.066666666666667,5.466666666666667,1.5333333333333334,20.6,1.8461538461538463,0.13333333333333333,513.2666666666667,442.06666666666666,31.666666666666668,6.333333333333333,13.8,7.733333333333333,15.666666666666666,7.466666666666667,52.666666666666664,32.46666666666667,12.866666666666667,6.466666666666667,3.2142857142857144,9.266666666666667,70.93333333333334,44.666666666666664,3.466666666666667,2.036,0.156,1.4666666666666666,1.6,-0.13333333333333353,0.5,15,49.5,3.0,4.5,,,,,2.5,15.75,18.5,3.0,,,,2.2,,,,,,,,,,,,,,,,,,,,,1828.0,1392.0,436.0,436.0,0.9248272212397116,1881.4491116402642,1430.4142943752483,7.248953615495708,5.863322860120456,1.385630755375252,1.2363217561836235,0,1,30,3.0,1.0,2025-12-02,Morocco,Comoros,neutral,1828.0,1392.0,True,0.005650946666543265,0.012899569328130795,1392.0
0.9333333333333333,0.9333333333333333,0.0,0.6,15,50.69230769230769,3.076923076923077,3.923076923076923,9.538461538461538,5.923076923076923,3.6153846153846154,2.4615384615384617,5.230769230769231,11.076923076923077,9.23076923076923,1.6666666666666667,6.538461538461538,2.230769230769231,24.76923076923077,1.7692307692307692,0.15384615384615385,372.46153846153845,290.9230769230769,27.846153846153847,5.461538461538462,12.0,7.846153846153846,19.153846153846153,8.0,46.46153846153846,34.15384615384615,18.46153846153846,8.76923076923077,1.3333333333333333,10.3,58.2,41.9,2.1,1.11,1.1900000000000002,1.0,1.2666666666666666,-0.2666666666666666,0.4,15,44.166666666666664,2.8333333333333335,4.333333333333333,8.583333333333334,5.166666666666667,3.4166666666666665,1.3333333333333333,3.0833333333333335,10.666666666666666,7.916666666666667,1.8333333333333333,8.583333333333334,2.6666666666666665,22.75,1.5454545454545454,0.16666666666666666,358.5,279.5,22.416666666666668,3.0833333333333335,11.916666666666666,11.5,26.5,7.166666666666667,41.916666666666664,31.833333333333332,18.916666666666668,6.083333333333333,1.1428571428571428,11.857142857142858,54.285714285714285,42.57142857142857,1.7142857142857142,1.4216666666666669,1.1783333333333335,1596.0,1410.0,186.0,186.0,0.7447304068650347,1609.1872082270854,1420.897054462923,6.7948364578145615,6.589949601325708,0.2048868564888533,1.0310908078033914,0,1,30,2.0,1.0,2025-12-03,Iraq,Bahrain,neutral,1596.0,1410.0,True,0.06516256517929074,0.10894906893948929,1410.0
1.2666666666666666,0.9333333333333333,0.33333333333333326,0.4666666666666667,15,35.5,4.2,4.6,11.0,5.777777777777778,5.222222222222222,2.4,4.4,13.0,9.5,1.4,7.0,2.3333333333333335,23.3,1.6,0.0,313.6666666666667,241.77777777777777,20.555555555555557,3.888888888888889,18.555555555555557,7.888888888888889,24.333333333333332,12.333333333333334,45.44444444444444,32.333333333333336,11.0,5.222222222222222,1.375,12.444444444444445,48.55555555555556,49.888888888888886,2.0,1.225,1.185,1.5333333333333334,1.0,0.5333333333333334,0.5666666666666667,15,53.84615384615385,4.461538461538462,5.0,12.076923076923077,6.769230769230769,5.3076923076923075,2.5384615384615383,4.6923076923076925,12.75,11.153846153846153,1.9166666666666667,6.769230769230769,1.7692307692307692,21.0,1.7692307692307692,0.38461538461538464,428.53846153846155,355.6923076923077,25.846153846153847,4.076923076923077,11.846153846153847,9.076923076923077,22.76923076923077,7.461538461538462,48.84615384615385,37.84615384615385,17.076923076923077,8.615384615384615,1.5,9.8,57.4,44.2,2.4,1.49,0.73,1609.0,1532.0,77.0,77.0,0.6090326034042396,1625.5414012286058,1530.8262024439005,6.724439723397075,7.4258601450778405,-0.7014204216807656,0.9055435453971356,0,1,30,2.0,1.0,2025-12-03,Jordan,United Arab Emirates,neutral,1609.0,1532.0,True,0.1528555052008666,0.3127139316745474,1532.0
2.066666666666667,0.9333333333333333,1.1333333333333335,0.7333333333333333,15,59.5,4.642857142857143,5.142857142857143,13.076923076923077,9.307692307692308,3.769230769230769,3.3076923076923075,6.076923076923077,11.428571428571429,13.307692307692308,2.6363636363636362,7.416666666666667,2.1666666666666665,18.0,1.6153846153846154,0.23076923076923078,497.1666666666667,427.6666666666667,31.5,5.583333333333333,14.25,7.333333333333333,18.083333333333332,6.333333333333333,52.333333333333336,32.583333333333336,13.75,6.5,2.727272727272727,9.333333333333334,62.166666666666664,46.083333333333336,2.75,2.3,1.84,1.0666666666666667,1.2,-0.1333333333333333,0.4,15,41.857142857142854,2.857142857142857,5.571428571428571,10.142857142857142,5.571428571428571,4.571428571428571,1.7142857142857142,4.285714285714286,16.285714285714285,15.571428571428571,1.8571428571428572,8.857142857142858,2.2857142857142856,22.428571428571427,1.9166666666666667,0.14285714285714285,312.14285714285717,218.14285714285714,25.285714285714285,2.857142857142857,16.857142857142858,11.571428571428571,32.714285714285715,7.571428571428571,48.0,35.285714285714285,19.714285714285715,5.0,1.5714285714285714,9.714285714285714,64.28571428571429,51.142857142857146,2.4285714285714284,,,1717.0,1381.0,336.0,336.0,0.8737104209450813,1715.395037536319,1445.4327505536833,7.061829307294699,6.120902817614527,0.9409264896801721,1.1537234812767172,0,1,30,0.0,0.0,2025-12-03,Algeria,Sudan,neutral,1717.0,1381.0,True,0.1396594787229499,0.09824805384497914,1381.0
1.0,1.4666666666666666,-0.46666666666666656,0.43333333333333335,15,42.166666666666664,3.1666666666666665,4.833333333333333,10.833333333333334,6.583333333333333,4.25,2.8333333333333335,4.75,11.75,10.166666666666666,1.4545454545454546,8.333333333333334,2.4166666666666665,20.166666666666668,2.5,0.16666666666666666,335.4166666666667,256.8333333333333,25.75,4.75,18.0,7.916666666666667,25.166666666666668,7.25,47.916666666666664,34.416666666666664,13.833333333333334,6.833333333333333,1.6363636363636365,11.5,53.25,44.333333333333336,1.8333333333333333,,,1.5333333333333334,0.8,0.7333333333333334,0.6,15,57.22222222222222,3.6,4.6,11.7,7.4,4.3,3.5,6.0,15.166666666666666,14.9,2.5,5.111111111111111,2.111111111111111,19.333333333333332,1.6923076923076923,0.2,451.77777777777777,387.0,28.11111111111111,6.0,16.0,7.666666666666667,14.0,8.88888888888889,50.111111111111114,35.666666666666664,11.222222222222221,5.888888888888889,2.0,10.222222222222221,56.44444444444444,44.0,3.4444444444444446,0.5233333333333333,1.7899999999999998,1475.0,1620.0,-145.0,-145.0,0.30265492141014677,1467.2319054390787,1632.177104941547,6.526339277389844,7.108395873007463,-0.5820565956176189,0.9181170258359065,0,1,30,2.0,2.0,2025-12-04,Palestine,Tunisia,neutral,1475.0,1620.0,True,0.038945080043635345,0.028616001789679123,1475.0
1.9333333333333333,1.1333333333333333,0.8,0.7,15,48.285714285714285,3.2857142857142856,5.571428571428571,11.714285714285714,6.285714285714286,5.428571428571429,2.857142857142857,3.7142857142857144,8.857142857142858,8.857142857142858,1.7142857142857142,10.857142857142858,4.142857142857143,19.285714285714285,1.0,0.14285714285714285,399.2857142857143,326.42857142857144,22.857142857142858,4.0,9.428571428571429,9.714285714285714,18.714285714285715,8.0,48.285714285714285,43.142857142857146,16.571428571428573,12.142857142857142,0.0,9.666666666666666,33.0,42.666666666666664,2.6666666666666665,2.8225,0.25,1.0666666666666667,1.8,-0.7333333333333334,0.3333333333333333,15,56.333333333333336,2.6666666666666665,3.7333333333333334,7.8,4.933333333333334,2.8666666666666667,1.2666666666666666,3.466666666666667,12.538461538461538,11.533333333333333,1.8666666666666667,6.066666666666666,2.5714285714285716,18.933333333333334,2.0,0.3333333333333333,479.6,408.6666666666667,30.4,4.333333333333333,12.733333333333333,7.733333333333333,20.0,7.0,51.0,33.0,15.666666666666666,6.4,1.75,9.0,50.083333333333336,41.333333333333336,1.8333333333333333,1.1560000000000001,1.428,1487.0,1458.0,29.0,29.0,0.5416377027147634,1444.117126778358,1498.7788764075576,6.863025296229471,7.127104798364807,-0.2640795021353366,0.9629471560182579,0,1,30,1.0,1.0,2025-12-04,Syria,Qatar,neutral,1487.0,1458.0,True,0.0017336982873630165,0.0026908346971434905,1458.0
1.5333333333333334,1.6666666666666667,-0.1333333333333333,0.5,15,49.8,3.0,4.4,11.0,4.0,7.0,4.0,3.4,14.2,16.8,2.6,8.0,1.0,14.0,2.090909090909091,0.0,480.0,399.0,28.0,1.0,7.0,14.0,14.0,8.0,42.0,21.0,10.0,4.0,1.0,5.0,53.0,48.0,0.0,,,1.0666666666666667,0.8666666666666667,0.19999999999999996,0.6,15,52.69230769230769,3.923076923076923,3.769230769230769,9.384615384615385,5.538461538461538,3.8461538461538463,1.6923076923076923,2.4615384615384617,10.666666666666666,12.923076923076923,1.9230769230769231,7.769230769230769,1.9230769230769231,22.76923076923077,2.0,0.46153846153846156,422.7692307692308,338.0,28.53846153846154,2.076923076923077,19.692307692307693,7.615384615384615,25.076923076923077,8.923076923076923,51.61538461538461,37.15384615384615,15.615384615384615,5.3076923076923075,2.4615384615384617,13.0,61.53846153846154,44.23076923076923,2.3333333333333335,1.0133333333333334,1.0516666666666665,1387.0,1592.0,-205.0,-205.0,0.23503873644731077,1427.2925218877995,1596.2303439416823,5.9304395947667,7.254548077108974,-1.3241084823422744,0.8174788466120487,0,1,30,1.0,3.0,2025-12-05,Comoros,Saudi Arabia,neutral,1387.0,1592.0,True,0.055243207630748414,0.11606676970666327,1387.0
1.5333333333333334,1.2666666666666666,0.26666666666666683,0.5666666666666667,15,45.9,2.7142857142857144,4.571428571428571,8.333333333333334,6.0,2.3333333333333335,2.5714285714285716,5.0,9.6,12.3,1.1,10.0,1.6666666666666667,23.428571428571427,1.7,0.0,384.1666666666667,310.1666666666667,24.833333333333332,4.0,14.333333333333334,8.333333333333334,30.333333333333332,10.0,47.666666666666664,31.333333333333332,15.833333333333334,5.833333333333333,1.3333333333333333,10.166666666666666,53.5,42.333333333333336,1.8333333333333333,,,2.4,0.6666666666666666,1.7333333333333334,0.9333333333333333,15,59.8,6.4,5.666666666666667,15.133333333333333,10.4,4.733333333333333,3.066666666666667,7.733333333333333,12.0,12.333333333333334,2.2666666666666666,5.466666666666667,1.6666666666666667,20.0,1.7692307692307692,0.13333333333333333,513.6666666666666,441.93333333333334,31.533333333333335,5.933333333333334,13.266666666666667,7.733333333333333,16.533333333333335,7.466666666666667,52.53333333333333,30.733333333333334,13.6,6.2,3.357142857142857,9.0,70.4,45.46666666666667,3.1333333333333333,2.17,0.15000000000000002,1461.0,1833.0,-372.0,-372.0,0.10513721035591964,1480.3030773206071,1884.570884127713,6.523746466811565,7.12515582958053,-0.6014093627689654,0.9155935144222141,0,1,30,0.0,0.0,2025-12-05,Oman,Morocco,neutral,1461.0,1833.0,True,0.1559166226455053,0.06779507975053631,1461.0
0.9333333333333333,1.2666666666666666,-0.33333333333333326,0.36666666666666664,15,45.5,2.6666666666666665,4.5,8.833333333333334,5.333333333333333,3.5,1.5833333333333333,3.4166666666666665,11.333333333333334,8.333333333333334,2.0,8.5,2.75,22.75,1.5454545454545454,0.16666666666666666,367.1666666666667,289.0,22.583333333333332,3.1666666666666665,11.666666666666666,11.333333333333334,26.666666666666668,7.75,41.666666666666664,32.416666666666664,19.333333333333332,6.5,1.0,11.857142857142858,56.0,43.285714285714285,2.142857142857143,1.4216666666666669,1.1783333333333335,1.8666666666666667,0.9333333333333333,0.9333333333333333,0.7,15,58.15384615384615,4.4,4.866666666666666,12.5,8.928571428571429,3.5714285714285716,3.2857142857142856,6.0,11.75,13.071428571428571,2.6666666666666665,7.923076923076923,2.0,18.076923076923077,1.7857142857142858,0.21428571428571427,484.3076923076923,413.0769230769231,30.692307692307693,5.3076923076923075,14.153846153846153,7.615384615384615,18.846153846153847,6.769230769230769,51.84615384615385,32.0,14.76923076923077,6.3076923076923075,2.5833333333333335,9.23076923076923,60.69230769230769,46.30769230769231,2.769230769230769,2.3,1.84,1400.0,1702.0,-302.0,-302.0,0.14950969845319736,1413.313910273365,1705.6301960398637,6.577836341292744,7.087248867795658,-0.5094125265029144,0.9281226698814435,0,1,30,1.0,5.0,2025-12-06,Bahrain,Algeria,neutral,1400.0,1702.0,True,0.022353149931566008,0.0649736196689182,1400.0
1.0666666666666667,1.2,-0.1333333333333333,0.4,15,43.875,2.5,5.5,10.125,5.125,5.0,2.125,4.25,15.5,15.375,1.75,8.5,2.125,22.625,1.8461538461538463,0.125,328.5,236.375,25.5,3.25,17.25,11.75,30.875,7.625,48.75,35.75,20.125,5.125,1.375,10.25,64.625,51.375,2.25,,,1.0666666666666667,1.0,0.06666666666666665,0.6333333333333333,15,49.46153846153846,3.3076923076923075,3.6923076923076925,9.538461538461538,5.615384615384615,3.923076923076923,2.4615384615384617,5.076923076923077,11.461538461538462,9.461538461538462,1.75,7.0,1.9230769230769231,23.692307692307693,1.9230769230769231,0.15384615384615385,371.46153846153845,292.0,27.615384615384617,5.230769230769231,11.461538461538462,8.0,20.153846153846153,8.076923076923077,46.38461538461539,34.15384615384615,18.153846153846153,8.923076923076923,1.5,10.3,56.3,41.0,2.0,1.11,1.1900000000000002,1396.0,1606.0,-210.0,-210.0,0.22990332333901797,1455.1975920501386,1616.7703524166434,6.083144143143052,6.6959192528314,-0.6127751096883483,0.9084852898383992,0,1,30,0.0,2.0,2025-12-06,Sudan,Iraq,neutral,1396.0,1606.0,True,0.05285553808232504,0.15422520359279326,1396.0
1.2,1.6666666666666667,-0.4666666666666668,0.4,15,42.8,2.4,2.8,6.666666666666667,3.3333333333333335,3.3333333333333335,1.3,3.5,9.9,7.0,1.5,13.1,3.111111111111111,20.0,3.0,0.3,300.44444444444446,229.33333333333334,24.22222222222222,2.7777777777777777,12.0,10.88888888888889,25.88888888888889,6.888888888888889,42.888888888888886,36.22222222222222,16.444444444444443,8.333333333333334,1.6,13.4,40.0,40.6,1.6,0.652,1.624,1.1333333333333333,1.0,0.1333333333333333,0.4666666666666667,15,36.4,4.0,4.6,10.444444444444445,5.222222222222222,5.222222222222222,2.1,4.0,13.0,10.0,1.5,7.8,2.3333333333333335,22.4,1.7,0.0,317.8888888888889,246.77777777777777,21.11111111111111,3.888888888888889,18.444444444444443,8.0,25.666666666666668,12.0,46.0,32.888888888888886,11.222222222222221,5.111111111111111,1.625,12.222222222222221,49.77777777777778,49.77777777777778,2.142857142857143,1.225,1.185,1354.0,1625.0,-271.0,-271.0,0.1736464460559682,1391.840501695994,1636.5505932314804,6.294466226161593,6.737192642704737,-0.4427264165431435,0.9342862168231834,0,1,30,1.0,3.0,2025-12-06,Kuwait,Jordan,neutral,1354.0,1625.0,True,0.030153088227868278,0.0957348119481617,1354.0
1.4,1.1333333333333333,0.2666666666666666,0.5,15,53.53846153846154,4.153846153846154,4.923076923076923,11.76923076923077,6.6923076923076925,5.076923076923077,2.6153846153846154,4.538461538461538,12.5,10.76923076923077,1.9166666666666667,6.846153846153846,1.7692307692307692,20.846153846153847,1.8461538461538463,0.3076923076923077,428.38461538461536,354.7692307692308,25.53846153846154,4.153846153846154,12.23076923076923,9.23076923076923,22.23076923076923,7.461538461538462,48.76923076923077,36.92307692307692,17.153846153846153,7.923076923076923,1.5,9.8,56.1,43.8,2.0,1.49,0.73,1.2666666666666666,0.6,0.6666666666666666,0.7,15,65.6,5.4,6.6,14.8,7.2,7.6,2.8,4.166666666666667,12.4,11.166666666666666,1.5,6.0,2.0,19.4,1.6363636363636365,0.2,568.0,497.2,30.0,3.8,14.0,6.8,16.2,5.0,53.6,35.6,14.0,10.0,1.0,9.6,69.8,45.4,3.0,1.1125,1.0825,1516.0,1630.0,-114.0,-114.0,0.34158547908308745,1519.8170104410258,1649.2746775819394,7.36679638328673,6.819872821950546,0.5469235613361842,1.0801955660486582,0,1,30,1.0,1.0,2025-12-06,United Arab Emirates,Egypt,neutral,1516.0,1630.0,True,0.025095160437334924,3.274346392182787e-05,1516.0
1.1333333333333333,1.5333333333333334,-0.40000000000000013,0.36666666666666664,15,55.86666666666667,3.0,3.8,8.333333333333334,5.333333333333333,3.0,1.4,3.8,11.923076923076923,10.733333333333333,1.9333333333333333,5.933333333333334,2.5,18.6,1.9333333333333333,0.26666666666666666,478.93333333333334,409.06666666666666,30.533333333333335,4.533333333333333,12.933333333333334,7.733333333333333,21.2,7.066666666666666,51.4,32.4,15.933333333333334,6.333333333333333,2.0,8.916666666666666,48.916666666666664,42.0,1.6666666666666667,1.1560000000000001,1.428,1.6666666666666667,0.8666666666666667,0.8,0.6333333333333333,15,56.44444444444444,4.0,4.5,11.5,7.4,4.1,3.0,5.5,16.833333333333332,13.7,2.5,6.222222222222222,2.111111111111111,18.77777777777778,1.6923076923076923,0.1,439.44444444444446,373.3333333333333,27.666666666666668,5.777777777777778,15.333333333333334,7.444444444444445,15.666666666666666,9.0,48.888888888888886,33.888888888888886,13.0,6.222222222222222,2.5555555555555554,9.777777777777779,54.333333333333336,45.666666666666664,3.0,0.38,2.0949999999999998,1454.0,1612.0,-158.0,-158.0,0.287097842594546,1496.4382195220032,1625.546661161582,7.052693941924968,6.8926510338773,0.16004290804766796,1.0232193545358759,0,1,30,0.0,3.0,2025-12-07,Qatar,Tunisia,neutral,1454.0,1612.0,True,0.08242517122244272,0.19972852202206673,1454.0
2.0,0.8666666666666667,1.1333333333333333,0.7333333333333333,15,49.142857142857146,3.5714285714285716,5.0,11.571428571428571,6.571428571428571,5.0,3.0,4.142857142857143,8.428571428571429,8.142857142857142,1.8571428571428572,11.571428571428571,3.4285714285714284,17.714285714285715,0.7142857142857143,0.14285714285714285,400.0,330.14285714285717,23.571428571428573,4.142857142857143,9.285714285714286,10.142857142857142,22.714285714285715,8.571428571428571,47.42857142857143,41.57142857142857,16.428571428571427,11.285714285714286,1.0,9.666666666666666,30.666666666666668,39.0,2.6666666666666665,2.8225,0.25,1.1333333333333333,1.6,-0.4666666666666668,0.43333333333333335,15,42.30769230769231,3.1538461538461537,4.923076923076923,10.923076923076923,6.615384615384615,4.3076923076923075,2.8461538461538463,4.615384615384615,11.384615384615385,10.538461538461538,1.3333333333333333,8.307692307692308,2.6153846153846154,20.384615384615383,2.3846153846153846,0.15384615384615385,334.61538461538464,257.46153846153845,24.923076923076923,4.769230769230769,17.923076923076923,8.615384615384615,24.692307692307693,7.538461538461538,48.07692307692308,34.84615384615385,13.692307692307692,6.923076923076923,1.5,11.384615384615385,52.69230769230769,44.61538461538461,2.0,,,1491.0,1483.0,8.0,8.0,0.5115108912177917,1446.4577836639123,1473.8623492190436,6.867762024650201,6.653212513775344,0.21454951087485696,1.0322475060627685,0,1,30,0.0,0.0,2025-12-07,Syria,Palestine,neutral,1491.0,1483.0,True,0.00013250061662783402,3.662225806490503e-06,1483.0
1.4666666666666666,1.2666666666666666,0.19999999999999996,0.5333333333333333,15,45.5,2.5714285714285716,4.714285714285714,8.333333333333334,5.166666666666667,3.1666666666666665,2.5714285714285716,4.8,9.5,12.5,0.8,9.428571428571429,1.8333333333333333,23.142857142857142,1.6,0.0,362.8333333333333,286.6666666666667,21.5,3.6666666666666665,14.0,7.666666666666667,32.833333333333336,9.0,47.0,30.833333333333332,16.166666666666668,5.666666666666667,1.4,9.0,52.833333333333336,40.333333333333336,1.5,,,1.6,1.6666666666666667,-0.06666666666666665,0.5,15,47.0,2.8333333333333335,4.166666666666667,8.5,3.0,5.5,2.5,3.0,14.0,15.5,2.3333333333333335,8.0,1.5,16.5,2.090909090909091,0.0,370.0,292.5,23.5,2.0,10.5,12.0,35.0,9.5,41.0,27.0,10.5,7.5,1.5,7.0,51.0,53.0,0.5,,,1477.0,1373.0,104.0,104.0,0.6453524504393825,1492.63610659018,1414.945169429543,6.513217600067939,5.810904280668701,0.7023133193992388,1.1208612782928888,0,1,30,2.0,1.0,2025-12-08,Oman,Comoros,neutral,1477.0,1373.0,True,0.12577488440935064,0.17377756548468534,1373.0
2.3333333333333335,0.6666666666666666,1.666666666666667,0.9,15,59.2,6.266666666666667,5.866666666666666,15.133333333333333,10.466666666666667,4.666666666666667,3.0,8.0,12.384615384615385,12.133333333333333,2.2666666666666666,6.2,1.7333333333333334,20.6,1.8461538461538463,0.13333333333333333,499.8666666666667,426.6,32.13333333333333,6.133333333333334,13.266666666666667,8.4,17.333333333333332,7.533333333333333,52.93333333333333,30.466666666666665,15.4,6.133333333333334,3.4615384615384617,8.933333333333334,71.2,44.333333333333336,3.0,2.66,0.15333333333333335,1.2666666666666666,0.9333333333333333,0.33333333333333326,0.6333333333333333,15,56.15384615384615,4.3076923076923075,4.3076923076923075,10.692307692307692,6.538461538461538,4.153846153846154,2.076923076923077,3.3076923076923075,11.166666666666666,13.153846153846153,1.9230769230769231,6.615384615384615,1.8461538461538463,22.923076923076923,1.9230769230769231,0.46153846153846156,446.38461538461536,362.2307692307692,29.615384615384617,2.3846153846153846,19.923076923076923,7.769230769230769,24.23076923076923,9.461538461538462,52.46153846153846,38.30769230769231,15.692307692307692,5.923076923076923,2.8461538461538463,13.076923076923077,64.07692307692308,45.76923076923077,2.3076923076923075,1.0133333333333334,1.0516666666666665,1817.0,1606.0,211.0,211.0,0.7711142606875975,1872.2378548581403,1608.5776963999388,7.1801258751640535,7.089905111439398,0.09022076372465548,1.0127252427651092,0,1,30,1.0,0.0,2025-12-08,Morocco,Saudi Arabia,neutral,1817.0,1606.0,True,0.052388681660585086,0.08630062433954247,1606.0
0.8,1.4666666666666666,-0.6666666666666665,0.3,15,46.5,2.5833333333333335,4.0,8.25,4.75,3.5,1.5833333333333333,3.25,10.916666666666666,9.083333333333334,2.0,8.166666666666666,2.3333333333333335,22.083333333333332,1.6363636363636365,0.16666666666666666,384.0,304.5833333333333,22.833333333333332,3.1666666666666665,12.583333333333334,9.75,25.833333333333332,7.833333333333333,43.916666666666664,32.333333333333336,18.666666666666668,6.75,1.0,11.75,55.125,43.5,2.375,1.432,1.018,1.0666666666666667,1.3333333333333333,-0.2666666666666666,0.36666666666666664,15,44.44444444444444,2.3333333333333335,5.888888888888889,10.333333333333334,5.333333333333333,5.0,2.111111111111111,4.111111111111111,15.333333333333334,14.88888888888889,2.0,8.555555555555555,2.111111111111111,22.22222222222222,1.7692307692307692,0.1111111111111111,330.44444444444446,238.88888888888889,25.11111111111111,3.5555555555555554,16.666666666666668,11.777777777777779,29.333333333333332,7.888888888888889,47.888888888888886,34.666666666666664,19.77777777777778,5.0,1.4444444444444444,10.0,63.888888888888886,51.888888888888886,2.2222222222222223,,,1389.0,1382.0,7.0,7.0,0.5100724469274385,1404.4974403155443,1442.4667793877584,6.5616975326539935,6.056142262059052,0.5055552705949413,1.0834781035052925,0,1,30,3.0,1.0,2025-12-09,Bahrain,Sudan,neutral,1389.0,1382.0,True,0.24002900725966758,0.21554366467100153,1382.0
2.066666666666667,1.0,1.0666666666666669,0.7,15,59.0,4.4,5.0,12.5,9.071428571428571,3.4285714285714284,3.142857142857143,6.142857142857143,11.777777777777779,12.357142857142858,2.75,7.923076923076923,1.9230769230769231,18.076923076923077,1.8571428571428572,0.21428571428571427,495.61538461538464,423.9230769230769,31.153846153846153,5.153846153846154,13.76923076923077,7.923076923076923,18.846153846153847,7.153846153846154,51.07692307692308,31.23076923076923,14.846153846153847,6.615384615384615,2.6666666666666665,8.76923076923077,61.30769230769231,47.23076923076923,2.6923076923076925,2.3,1.84,1.1333333333333333,1.0,0.1333333333333333,0.6333333333333333,15,50.15384615384615,3.3846153846153846,4.0,9.923076923076923,5.769230769230769,4.153846153846154,2.4615384615384617,5.076923076923077,10.307692307692308,9.923076923076923,1.75,7.461538461538462,1.8461538461538463,22.923076923076923,1.8461538461538463,0.15384615384615385,371.9230769230769,291.84615384615387,27.923076923076923,5.3076923076923075,11.153846153846153,8.384615384615385,20.615384615384617,7.538461538461538,47.53846153846154,34.23076923076923,18.692307692307693,9.0,1.4,10.3,57.1,41.0,1.9,1.11,1.1900000000000002,1713.0,1620.0,93.0,93.0,0.6307302886162022,1714.4466659976845,1629.5011650790236,7.14921911265538,6.764176132390331,0.385042980265049,1.0569238548389162,0,1,30,2.0,0.0,2025-12-09,Algeria,Iraq,neutral,1713.0,1620.0,True,0.13636011974547335,0.20916021864711895,1620.0
1.2666666666666666,0.6666666666666666,0.6,0.6666666666666666,15,67.4,5.6,7.2,15.2,7.8,7.4,2.4,4.333333333333333,13.6,12.5,1.6666666666666667,5.6,1.8,20.0,1.6363636363636365,0.2,573.0,498.2,31.6,4.6,14.4,8.0,16.4,5.4,53.6,39.4,14.0,12.0,1.4,9.6,78.2,45.8,3.4,1.4666666666666668,1.3166666666666667,1.3333333333333333,1.0666666666666667,0.2666666666666666,0.5,15,36.6,4.2,5.3,11.88888888888889,6.666666666666667,5.222222222222222,2.5,4.5,12.444444444444445,9.7,1.6,7.3,2.2222222222222223,22.0,1.5,0.1,324.55555555555554,255.22222222222223,22.11111111111111,4.444444444444445,18.11111111111111,8.666666666666666,23.666666666666668,12.0,46.77777777777778,32.44444444444444,10.88888888888889,5.111111111111111,2.111111111111111,12.666666666666666,50.666666666666664,49.44444444444444,2.4285714285714284,1.225,1.185,1624.0,1635.0,-11.0,-11.0,0.4841750147352649,1643.9306010221915,1645.3906084093019,6.78710609303657,6.502700175310562,0.28440591772600765,1.0437365878878806,0,1,30,0.0,3.0,2025-12-09,Egypt,Jordan,neutral,1624.0,1635.0,True,0.234425444893894,0.29170300879980204,1624.0
1.1333333333333333,1.2,-0.06666666666666665,0.4666666666666667,15,54.15384615384615,3.8461538461538463,5.076923076923077,11.615384615384615,6.538461538461538,5.076923076923077,2.6153846153846154,4.769230769230769,12.5,10.846153846153847,2.0,6.538461538461538,1.8461538461538463,21.46153846153846,1.7692307692307692,0.23076923076923078,432.61538461538464,357.3076923076923,25.0,4.3076923076923075,12.461538461538462,9.0,22.153846153846153,7.6923076923076925,48.84615384615385,37.07692307692308,17.76923076923077,7.923076923076923,1.2,10.2,57.2,43.6,2.4,1.49,0.73,1.2,1.7333333333333334,-0.5333333333333334,0.4,15,44.09090909090909,2.3636363636363638,2.6363636363636362,6.3,3.3,3.0,1.1818181818181819,3.3636363636363638,9.727272727272727,7.181818181818182,1.3636363636363635,13.0,3.1,19.90909090909091,2.909090909090909,0.2727272727272727,315.3,244.2,24.6,2.8,12.8,10.5,26.7,6.9,43.4,36.1,15.6,8.1,1.3333333333333333,13.166666666666666,40.333333333333336,40.666666666666664,1.5,0.652,1.624,1522.0,1344.0,178.0,178.0,0.7358774441014764,1525.1610870007737,1383.0004865181725,7.3592661646067485,6.374565060722765,0.9847011038839835,1.154473457326724,0,1,30,3.0,1.0,2025-12-09,United Arab Emirates,Kuwait,neutral,1522.0,1344.0,True,0.06976072453436874,0.057590012545610574,1344.0
2.2666666666666666,0.6666666666666666,1.6,0.9,15,59.13333333333333,6.133333333333334,5.866666666666666,14.933333333333334,10.4,4.533333333333333,2.933333333333333,7.933333333333334,12.0,11.933333333333334,2.066666666666667,6.466666666666667,1.6666666666666667,21.133333333333333,1.6923076923076923,0.13333333333333333,495.0,421.26666666666665,31.066666666666666,6.2,13.266666666666667,8.666666666666666,18.733333333333334,7.8,53.266666666666666,30.6,16.533333333333335,6.4,3.5384615384615383,8.866666666666667,70.26666666666667,44.266666666666666,3.0,2.66,0.15333333333333335,1.8666666666666667,0.8666666666666667,1.0,0.7,15,48.5,3.25,4.75,10.75,6.0,4.75,2.75,4.25,7.75,8.375,1.75,10.625,3.375,17.375,0.625,0.125,400.25,331.125,22.25,3.625,9.625,9.25,22.25,8.375,48.625,39.25,15.75,10.375,1.0,9.0,31.25,38.25,2.5,2.8225,0.25,1826.0,1491.0,335.0,335.0,0.8730738822502696,1877.6316478757094,1447.638486288764,7.168497483523033,6.474944335465388,0.6935531480576449,1.1071133761349619,0,1,30,1.0,0.0,2025-12-11,Morocco,Syria,neutral,1826.0,1491.0,True,0.016110239367018424,0.03838745574706538,1491.0
1.1333333333333333,1.2666666666666666,-0.1333333333333333,0.4666666666666667,15,43.23076923076923,3.230769230769231,4.538461538461538,10.461538461538462,6.230769230769231,4.230769230769231,2.6923076923076925,4.538461538461538,11.461538461538462,9.923076923076923,1.25,8.23076923076923,2.5384615384615383,21.307692307692307,2.3846153846153846,0.15384615384615385,339.0769230769231,263.38461538461536,26.615384615384617,4.615384615384615,17.53846153846154,8.384615384615385,25.153846153846153,7.769230769230769,47.53846153846154,33.23076923076923,13.846153846153847,6.3076923076923075,1.6363636363636365,11.23076923076923,53.38461538461539,43.30769230769231,1.9230769230769231,,,1.1333333333333333,1.0,0.1333333333333333,0.5666666666666667,15,56.42857142857143,4.071428571428571,4.714285714285714,10.785714285714286,6.571428571428571,4.214285714285714,2.0,3.4285714285714284,10.692307692307692,12.857142857142858,1.7857142857142858,6.5,1.8571428571428572,23.0,1.7857142857142858,0.5,447.0,363.57142857142856,29.357142857142858,2.4285714285714284,19.857142857142858,8.571428571428571,23.428571428571427,9.428571428571429,52.214285714285715,38.07142857142857,15.571428571428571,5.928571428571429,2.9285714285714284,13.142857142857142,63.785714285714285,46.0,2.4285714285714284,1.0133333333333334,1.0516666666666665,1483.0,1597.0,-114.0,-114.0,0.34158547908308745,1472.681646594192,1603.1839033823696,6.665580991017953,7.159867847092567,-0.49428685607461365,0.9309642486941528,0,1,30,1.0,2.0,2025-12-11,Palestine,Saudi Arabia,neutral,1483.0,1597.0,True,0.11668063952042237,0.1418608698246905,1483.0
1.4666666666666666,1.0,0.46666666666666656,0.5333333333333333,15,35.2,4.4,5.3,12.444444444444445,7.0,5.444444444444445,2.8,3.8,12.666666666666666,10.0,1.3333333333333333,7.7,2.5555555555555554,20.3,1.4,0.1,314.6666666666667,248.88888888888889,21.333333333333332,3.888888888888889,17.11111111111111,9.777777777777779,26.22222222222222,11.666666666666666,46.888888888888886,32.44444444444444,10.777777777777779,5.666666666666667,2.5555555555555554,12.0,48.0,49.111111111111114,2.375,1.225,1.185,1.0666666666666667,1.1333333333333333,-0.06666666666666665,0.5666666666666667,15,46.84615384615385,3.1538461538461537,3.6153846153846154,9.076923076923077,5.384615384615385,3.6923076923076925,2.3076923076923075,4.384615384615385,9.846153846153847,10.846153846153847,1.8333333333333333,7.615384615384615,2.1538461538461537,23.153846153846153,1.6923076923076923,0.07692307692307693,346.9230769230769,267.0,27.076923076923077,4.3076923076923075,12.076923076923077,7.923076923076923,22.46153846153846,7.384615384615385,47.61538461538461,33.92307692307692,18.0,8.615384615384615,1.3636363636363635,10.454545454545455,53.72727272727273,41.63636363636363,1.8181818181818181,0.7,1.665,1669.0,1598.0,71.0,71.0,0.6007782458900109,1671.5303002833707,1612.39519983234,6.737192642704737,6.787460474518415,-0.05026783181367822,0.992594014800912,0,1,30,1.0,0.0,2025-12-12,Jordan,Iraq,neutral,1669.0,1598.0,True,0.15937800895465656,0.25974518313239014,1598.0
2.066666666666667,1.0,1.0666666666666669,0.7,15,59.714285714285715,4.4,5.133333333333334,12.6,9.133333333333333,3.466666666666667,3.066666666666667,6.357142857142857,12.0,11.0,2.9166666666666665,7.5,1.8571428571428572,18.0,1.9285714285714286,0.2,510.2142857142857,440.07142857142856,31.928571428571427,5.071428571428571,14.214285714285714,7.714285714285714,18.571428571428573,7.0,51.285714285714285,31.642857142857142,14.857142857142858,6.928571428571429,2.769230769230769,9.142857142857142,63.857142857142854,47.07142857142857,2.7857142857142856,2.3,1.84,1.2666666666666666,1.2,0.06666666666666665,0.5,15,53.46153846153846,3.923076923076923,4.846153846153846,11.538461538461538,6.923076923076923,4.615384615384615,2.6923076923076925,4.230769230769231,12.583333333333334,11.307692307692308,2.0833333333333335,6.846153846153846,1.9230769230769231,21.0,1.6923076923076923,0.23076923076923078,428.0,353.38461538461536,25.384615384615383,4.230769230769231,13.384615384615385,7.846153846153846,23.076923076923077,7.615384615384615,50.23076923076923,35.30769230769231,18.153846153846153,6.923076923076923,1.3636363636363635,10.0,56.27272727272727,42.90909090909091,2.3636363636363638,1.92,0.52,1735.0,1538.0,197.0,197.0,0.7565805942950526,1731.552631244368,1538.936292527166,7.060886623004662,7.34966598409663,-0.2887793610919678,0.960708505431834,0,1,30,7.0,8.0,2025-12-12,Algeria,United Arab Emirates,neutral,1735.0,1538.0,True,0.5724141956638551,0.4775239464292089,1538.0
1.1333333333333333,1.0666666666666667,0.06666666666666665,0.5666666666666667,15,57.714285714285715,4.071428571428571,4.785714285714286,11.071428571428571,6.642857142857143,4.428571428571429,2.2142857142857144,3.7857142857142856,10.615384615384615,13.785714285714286,1.7857142857142858,6.0,1.7857142857142858,24.285714285714285,1.7857142857142858,0.5714285714285714,462.2857142857143,379.35714285714283,28.5,2.5,20.285714285714285,8.642857142857142,22.857142857142858,9.928571428571429,52.214285714285715,39.285714285714285,15.071428571428571,5.714285714285714,2.7857142857142856,13.571428571428571,64.35714285714286,47.285714285714285,2.7857142857142856,1.0133333333333334,1.0516666666666665,1.5333333333333334,1.0,0.5333333333333334,0.5666666666666667,15,34.72727272727273,4.363636363636363,4.818181818181818,11.8,6.7,5.1,2.727272727272727,3.6363636363636362,12.4,9.636363636363637,1.5,7.545454545454546,2.6,20.727272727272727,1.3636363636363635,0.09090909090909091,306.5,240.8,20.8,3.7,17.4,9.9,29.2,11.9,46.8,32.6,11.7,6.0,2.4,11.6,47.0,49.7,2.2222222222222223,1.225,1.185,1611.0,1685.0,-74.0,-74.0,0.3950870979920432,1612.8004948525809,1684.0016041542297,7.159867847092567,6.645913275033844,0.5139545720587231,1.0773339269998383,0,1,30,0.0,1.0,2025-12-15,Saudi Arabia,Jordan,neutral,1611.0,1685.0,True,0.15609381499977437,0.3487683234290151,1611.0
2.3333333333333335,0.6,1.7333333333333334,0.9666666666666667,15,58.06666666666667,6.4,6.0,15.4,10.733333333333333,4.666666666666667,3.0,8.0,12.0,11.533333333333333,2.0,6.466666666666667,1.6666666666666667,21.2,1.5384615384615385,0.13333333333333333,490.1333333333333,416.73333333333335,31.066666666666666,7.133333333333334,14.066666666666666,8.8,19.333333333333332,8.4,53.13333333333333,31.133333333333333,17.333333333333332,6.533333333333333,3.5,9.133333333333333,68.4,45.333333333333336,2.8666666666666667,2.66,0.15333333333333335,1.7333333333333334,1.5333333333333334,0.19999999999999996,0.5666666666666667,15,51.23076923076923,3.769230769230769,4.384615384615385,10.76923076923077,6.6923076923076925,4.076923076923077,2.6153846153846154,4.076923076923077,13.5,12.692307692307692,2.1666666666666665,6.923076923076923,2.076923076923077,21.46153846153846,1.8461538461538463,0.15384615384615385,425.3076923076923,346.9230769230769,25.615384615384617,4.153846153846154,14.538461538461538,7.615384615384615,24.615384615384617,7.230769230769231,50.15384615384615,34.30769230769231,17.846153846153847,6.230769230769231,1.3333333333333333,10.333333333333334,57.25,43.583333333333336,2.1666666666666665,2.05,0.26,1831.0,1548.0,283.0,283.0,0.836043425542047,1879.9600170999363,1561.493389511131,7.181128699747295,7.333346498424387,-0.15221779867709184,0.9792430647167979,0,1,30,3.0,0.0,2025-12-15,Morocco,United Arab Emirates,neutral,1831.0,1548.0,True,0.026881758307986277,0.09119994007239354,1548.0
1.9333333333333333,0.9333333333333333,1.0,0.8,15,41.2,3.4,6.6,13.8,7.6,6.2,3.8,4.6,17.0,13.2,1.8,8.6,2.6,18.4,1.25,0.0,289.8,215.0,28.6,4.4,13.4,7.8,18.6,6.6,47.2,27.8,13.8,3.2,2.2,9.8,65.8,45.0,2.8,,,1.0,1.7333333333333334,-0.7333333333333334,0.3,15,48.1,2.4,3.3,7.625,4.375,3.25,1.5,3.3,13.88888888888889,13.3,2.5555555555555554,11.75,3.375,18.25,2.0,0.25,364.625,296.0,25.625,2.75,9.875,8.375,21.25,8.625,47.25,27.625,9.375,5.75,1.25,7.25,53.875,44.25,2.75,0.635,0.74,1616.0,1364.0,252.0,352.0,0.8835282880564392,1673.867300096044,1402.5840733064244,7.557085924484092,7.11327469246435,0.4438112320197414,1.062391971519096,1,0,20,2.0,0.0,2025-12-16,DR Congo,Zambia,home,1616.0,1364.0,True,0.013565659683063796,0.04345396391332691,1364.0
1.2,0.8,0.3999999999999999,0.6333333333333333,15,68.2,5.8,8.2,17.4,8.8,8.6,3.4,4.833333333333333,12.4,12.5,1.6,5.2,2.2,22.4,1.8181818181818181,0.4,574.6,501.0,26.4,6.8,15.4,8.2,16.4,5.6,54.0,40.0,13.0,11.8,2.2,10.0,85.0,48.0,3.8,1.52,1.3599999999999999,2.2666666666666666,1.5333333333333334,0.7333333333333332,0.7,15,53.4,2.0,3.2,7.8,4.2,3.6,2.6,5.0,16.8,13.8,1.8,7.4,0.8,25.2,1.8333333333333333,0.2,377.4,290.2,29.8,3.6,10.6,6.4,25.0,9.6,45.0,28.2,19.8,5.0,1.0,6.6,67.4,45.6,2.6,0.8,1.13,1590.0,1627.0,-37.0,63.0,0.5896835031399501,1617.7909091481226,1601.8573541271608,7.407135862191559,7.869231719730976,-0.46209585753941695,0.9412781483634829,1,0,20,2.0,1.0,2025-12-16,Egypt,Nigeria,home,1590.0,1627.0,True,0.16835962759550333,0.28178685171816187,1590.0
1.6,1.0666666666666667,0.5333333333333334,0.6,15,52.3,4.4,5.8,16.2,8.8,7.4,3.4,4.6,14.88888888888889,16.0,1.4,6.0,2.0,17.2,1.2857142857142858,0.0,452.0,391.4,26.6,4.8,10.6,7.2,14.2,8.0,55.6,32.8,11.2,7.0,1.0,7.0,62.8,43.0,3.2,0.78,0.86,0.9333333333333333,1.6666666666666667,-0.7333333333333334,0.4,15,46.142857142857146,3.0,4.285714285714286,8.25,5.5,2.75,2.5,3.2857142857142856,10.833333333333334,13.142857142857142,1.7142857142857142,13.25,5.0,19.75,1.3636363636363635,0.0,362.5,296.5,21.75,2.75,12.25,6.75,23.5,9.75,49.25,33.75,9.0,7.0,1.6666666666666667,7.5,34.5,41.75,2.0,0.48999999999999994,1.8024999999999998,1568.0,1389.0,179.0,279.0,0.8328626902603795,1551.4886730834799,1411.7077936497567,,,,,1,0,20,4.0,1.0,2025-12-17,Angola,Mozambique,home,1568.0,1389.0,True,0.02793488030699784,0.06667776530569412,1389.0
1.4,0.9333333333333333,0.46666666666666656,0.5666666666666667,15,33.09090909090909,4.363636363636363,4.545454545454546,11.4,6.7,4.7,2.6363636363636362,3.727272727272727,11.9,9.272727272727273,1.4,8.181818181818182,2.5,21.181818181818183,1.2727272727272727,0.09090909090909091,290.3,224.5,20.3,3.5,17.9,10.0,30.6,11.1,47.2,32.9,12.0,6.4,2.3,11.8,45.3,48.9,2.0,1.225,1.185,2.3333333333333335,0.5333333333333333,1.8000000000000003,0.9666666666666667,15,57.13333333333333,6.133333333333334,5.533333333333333,14.466666666666667,10.066666666666666,4.4,2.8,7.466666666666667,11.923076923076923,11.266666666666667,2.2,7.066666666666666,1.6,21.066666666666666,1.6923076923076923,0.13333333333333333,486.8,412.53333333333336,30.933333333333334,6.733333333333333,14.066666666666666,9.2,20.4,9.066666666666666,52.2,31.066666666666666,17.266666666666666,6.666666666666667,3.2857142857142856,9.066666666666666,67.13333333333334,44.93333333333333,2.7333333333333334,2.66,0.15333333333333335,1701.0,1842.0,-141.0,-141.0,0.3075366074204823,1695.9699278939243,1887.1972784882294,6.648847708372894,7.181128699747295,-0.5322809913744013,0.9258778092372676,0,1,30,2.0,3.0,2025-12-18,Jordan,Morocco,neutral,1701.0,1842.0,True,0.09457876490369983,0.14807683534654972,1701.0
1.8,0.8666666666666667,0.9333333333333333,0.6333333333333333,15,54.8,4.2727272727272725,4.363636363636363,11.636363636363637,7.7272727272727275,3.909090909090909,3.0,5.363636363636363,16.714285714285715,12.818181818181818,2.5454545454545454,6.7,2.3,18.9,1.7692307692307692,0.09090909090909091,428.1,362.3,27.2,5.8,14.6,7.5,16.5,8.8,47.8,32.3,13.3,6.2,2.6,9.3,53.1,44.7,2.8,0.38,2.0949999999999998,0.9333333333333333,1.6,-0.6666666666666667,0.36666666666666664,15,36.77777777777778,2.7777777777777777,3.7777777777777777,8.285714285714286,3.857142857142857,4.428571428571429,1.0,3.111111111111111,13.555555555555555,11.11111111111111,1.5555555555555556,12.571428571428571,3.7142857142857144,19.714285714285715,2.2857142857142856,0.2857142857142857,282.0,203.85714285714286,27.571428571428573,3.7142857142857144,17.857142857142858,6.571428571428571,26.285714285714285,8.714285714285714,48.714285714285715,31.0,13.142857142857142,3.4285714285714284,1.1428571428571428,11.857142857142858,51.285714285714285,45.57142857142857,2.3333333333333335,0.59,1.5066666666666666,1641.0,1319.0,322.0,422.0,0.9190290491945513,1642.4675715945739,1343.8621598666887,,,,,1,0,20,2.0,1.0,2025-12-18,Tunisia,Botswana,home,1641.0,1319.0,True,0.006556294874338392,0.03607933320007998,1319.0
2.3333333333333335,0.6,1.7333333333333334,0.9666666666666667,15,57.53333333333333,6.4,5.933333333333334,15.333333333333334,10.466666666666667,4.866666666666666,3.0,7.866666666666666,11.923076923076923,11.733333333333333,2.2,6.8,1.6,21.666666666666668,1.6153846153846154,0.26666666666666666,506.3333333333333,430.3333333333333,31.533333333333335,7.0,14.933333333333334,9.733333333333333,21.866666666666667,9.2,52.93333333333333,32.4,18.8,6.733333333333333,3.357142857142857,9.4,68.66666666666667,45.93333333333333,3.066666666666667,2.66,0.15333333333333335,1.6,1.8,-0.19999999999999996,0.43333333333333335,15,48.42857142857143,2.857142857142857,4.142857142857143,8.666666666666666,3.3333333333333335,5.333333333333333,2.3333333333333335,3.2857142857142856,13.0,16.142857142857142,2.2857142857142856,11.0,2.0,19.0,2.1818181818181817,0.0,406.0,329.3333333333333,28.0,2.0,12.666666666666666,11.666666666666666,29.333333333333332,9.333333333333334,46.0,33.333333333333336,10.666666666666666,8.333333333333334,1.3333333333333333,8.333333333333334,53.0,50.0,1.6666666666666667,,,1854.0,1359.0,495.0,595.0,0.9684796873667971,1894.6850180174977,1403.2445468371761,8.248953615495708,7.2057455409426625,1.0432080745530454,1.1447744815058474,1,0,50,2.0,0.0,2025-12-21,Morocco,Comoros,host_home,1854.0,1359.0,True,0.0009935301084948486,0.0028902880076847703,1359.0
0.5333333333333333,1.2,-0.6666666666666666,0.3,15,40.93333333333333,2.8,3.6666666666666665,8.666666666666666,5.133333333333334,3.533333333333333,2.2,2.8666666666666667,12.0,12.133333333333333,1.7857142857142858,7.466666666666667,3.466666666666667,18.066666666666666,2.2142857142857144,0.06666666666666667,344.6666666666667,266.4,21.866666666666667,3.0,17.933333333333334,9.133333333333333,20.2,6.933333333333334,50.6,33.86666666666667,12.266666666666667,5.133333333333334,1.0,11.933333333333334,48.93333333333333,44.93333333333333,0.9285714285714286,0.8166666666666668,1.4666666666666668,0.6666666666666666,1.9333333333333333,-1.2666666666666666,0.4,15,44.0,4.214285714285714,4.214285714285714,12.571428571428571,4.428571428571429,8.142857142857142,4.142857142857143,4.214285714285714,11.0,11.5,1.2307692307692308,7.285714285714286,4.142857142857143,16.285714285714285,1.1666666666666667,0.2857142857142857,333.42857142857144,276.7857142857143,19.214285714285715,2.642857142857143,14.142857142857142,8.428571428571429,18.5,9.142857142857142,48.42857142857143,33.0,6.714285714285714,8.142857142857142,1.1428571428571428,8.785714285714286,37.642857142857146,41.285714285714285,2.0,0.7949999999999999,2.145,1698.0,1676.0,22.0,122.0,0.6686949563073317,1714.7550482953468,1689.9473781222293,6.691523522168154,6.625929492716295,0.06559402945185955,1.0098995966564337,1,0,20,2.0,0.0,2025-12-21,Peru,Bolivia,home,1698.0,1676.0,True,0.10976303197620087,0.17924046229555618,1676.0
1.4,0.26666666666666666,1.1333333333333333,0.6666666666666666,15,56.4,7.2,6.4,16.6,9.6,7.0,3.0,5.0,12.8,12.4,3.4,6.8,1.6,20.6,1.0,0.2,487.8,420.0,28.4,3.2,17.4,9.8,15.2,6.4,53.8,38.8,9.0,9.2,3.25,12.2,66.4,49.8,2.0,1.796,0.274,0.9333333333333333,1.8666666666666667,-0.9333333333333333,0.23333333333333334,15,48.1,2.4,3.3,7.625,4.375,3.25,1.5,3.3,13.88888888888889,13.3,2.5555555555555554,11.75,3.375,18.25,2.0,0.25,364.625,296.0,25.625,2.75,9.875,8.375,21.25,8.625,47.25,27.625,9.375,5.75,1.25,7.25,53.875,44.25,2.75,0.635,0.74,1612.0,1358.0,254.0,254.0,0.8118599983337865,1633.4166212985983,1399.418292146142,7.935230075336848,7.246252312299322,0.688977763037526,1.0950805648691118,0,1,50,1.0,1.0,2025-12-22,Mali,Zambia,neutral,1612.0,1358.0,True,0.09725665856074933,0.10740244474262522,1358.0
1.5333333333333334,0.7333333333333333,0.8000000000000002,0.7,15,58.13333333333333,4.466666666666667,5.2,11.636363636363637,6.090909090909091,5.545454545454546,2.5454545454545454,5.071428571428571,11.384615384615385,14.714285714285714,2.4166666666666665,8.090909090909092,1.2727272727272727,22.272727272727273,2.142857142857143,0.18181818181818182,467.09090909090907,398.09090909090907,24.727272727272727,2.727272727272727,13.818181818181818,8.181818181818182,16.90909090909091,6.2727272727272725,50.36363636363637,30.818181818181817,7.454545454545454,5.181818181818182,2.5454545454545454,8.818181818181818,57.72727272727273,41.36363636363637,2.5454545454545454,1.435,0.21,1.8,1.0666666666666667,0.7333333333333334,0.6333333333333333,15,53.111111111111114,4.333333333333333,6.111111111111111,16.2,8.8,7.4,3.4,4.888888888888889,14.875,16.444444444444443,1.4444444444444444,6.0,2.0,17.2,1.3076923076923077,0.0,452.0,391.4,26.6,4.8,10.6,7.2,14.2,8.0,55.6,32.8,11.2,7.0,1.0,7.0,62.8,43.0,3.2,0.78,0.86,1530.0,1577.0,-47.0,-47.0,0.4327711556570478,1593.9814434732596,1558.522359787776,7.433609843323718,7.4394748033167835,-0.005864959993065355,0.9992116432748115,0,1,50,2.0,1.0,2025-12-22,South Africa,Angola,neutral,1530.0,1577.0,True,0.32174856185464107,0.3364797545079198,1530.0
1.2666666666666666,0.8,0.46666666666666656,0.6666666666666666,15,64.5,5.5,6.5,14.25,8.0,6.25,2.25,4.4,12.5,13.2,1.75,5.75,2.5,24.0,2.0,0.5,543.0,467.5,23.0,7.0,18.0,9.0,18.75,6.25,55.0,45.5,12.25,13.75,2.75,11.5,78.5,48.5,3.75,0.86,1.95,0.8,1.2666666666666666,-0.46666666666666656,0.3333333333333333,15,40.875,2.625,4.125,7.8,4.6,3.2,1.6,3.4285714285714284,10.6,11.714285714285714,2.0,11.8,3.0,17.4,1.8333333333333333,0.2,308.6,242.8,21.8,2.4,14.8,7.2,21.2,7.2,53.4,32.4,8.6,5.6,1.2,8.6,39.6,36.8,1.2,0.59,1.26,1598.0,1352.0,246.0,246.0,0.8047246934992595,1624.5726415817528,1361.4622956253888,8.05804622659568,6.718999637878718,1.339046588716962,1.1992925525948857,0,1,50,2.0,1.0,2025-12-22,Egypt,Zimbabwe,neutral,1598.0,1352.0,True,0.03813244532895816,0.03192158754609101,1352.0
1.8666666666666667,0.8666666666666667,1.0,0.8,15,41.2,3.4,6.6,13.8,7.6,6.2,3.8,4.6,17.0,13.2,1.8,8.6,2.6,18.4,1.25,0.0,289.8,215.0,28.6,4.4,13.4,7.8,18.6,6.6,47.2,27.8,13.8,3.2,2.2,9.8,65.8,45.0,2.8,,,1.0,1.4,-0.3999999999999999,0.43333333333333335,15,39.375,2.875,3.625,7.875,4.625,3.25,1.375,3.25,14.375,12.125,1.5714285714285714,7.0,1.75,21.875,2.5384615384615383,0.25,304.25,231.75,26.375,2.875,16.5,7.5,20.25,7.25,50.625,32.625,15.625,4.75,1.375,12.5,48.75,46.0,2.0,0.79,0.9028571428571429,1622.0,1434.0,188.0,188.0,0.7469129214289432,1677.0330812563263,1421.2866243180574,7.879497281517681,6.896250562461638,0.9832467190560426,1.1425770003787492,0,1,50,1.0,0.0,2025-12-23,DR Congo,Benin,neutral,1622.0,1434.0,True,0.0640530693396323,0.05286233621840956,1434.0
2.466666666666667,1.2,1.2666666666666668,0.6666666666666666,15,57.666666666666664,4.916666666666667,4.583333333333333,12.333333333333334,8.5,3.8333333333333335,2.8333333333333335,4.916666666666667,15.0,15.5,1.5833333333333333,6.833333333333333,1.6666666666666667,20.833333333333332,1.6666666666666667,0.3333333333333333,445.6666666666667,369.8333333333333,30.583333333333332,3.75,14.25,7.916666666666667,20.25,8.166666666666666,55.75,37.0,17.0,8.416666666666666,2.4166666666666665,9.333333333333334,59.0,46.666666666666664,2.75,0.95,1.22,0.9333333333333333,1.5333333333333334,-0.6000000000000001,0.36666666666666664,15,36.77777777777778,2.7777777777777777,3.7777777777777777,8.285714285714286,3.857142857142857,4.428571428571429,1.0,3.111111111111111,13.555555555555555,11.11111111111111,1.5555555555555556,12.571428571428571,3.7142857142857144,19.714285714285715,2.2857142857142856,0.2857142857142857,282.0,203.85714285714286,27.571428571428573,3.7142857142857144,17.857142857142858,6.571428571428571,26.285714285714285,8.714285714285714,48.714285714285715,31.0,13.142857142857142,3.4285714285714284,1.1428571428571428,11.857142857142858,51.285714285714285,45.57142857142857,2.3333333333333335,0.59,1.5066666666666666,1804.0,1317.0,487.0,487.0,0.9428591346675568,1782.0072544406285,1342.0306651499743,8.281646857867514,6.416307587059882,1.865339270807632,1.2907184927620308,0,1,50,3.0,0.0,2025-12-23,Senegal,Botswana,neutral,1804.0,1317.0,True,0.003265078490940412,0.009586241934859324,1317.0
2.1333333333333333,1.6,0.5333333333333332,0.6333333333333333,15,53.4,2.0,3.2,7.8,4.2,3.6,2.6,5.0,16.8,13.8,1.8,7.4,0.8,25.2,1.8333333333333333,0.2,377.4,290.2,29.8,3.6,10.6,6.4,25.0,9.6,45.0,28.2,19.8,5.0,1.0,6.6,67.4,45.6,2.6,0.8,1.13,0.9333333333333333,0.9333333333333333,0.0,0.5,15,54.75,3.5,6.875,12.5,6.166666666666667,6.333333333333333,2.5,2.5,13.625,16.375,2.0,7.0,2.6666666666666665,18.5,1.6363636363636365,0.3333333333333333,468.3333333333333,388.1666666666667,31.833333333333332,4.166666666666667,13.333333333333334,9.166666666666666,18.5,7.666666666666667,52.833333333333336,35.166666666666664,16.5,6.833333333333333,1.8333333333333333,9.833333333333334,56.0,50.833333333333336,1.6666666666666667,,,1619.0,1325.0,294.0,294.0,0.8445395282300351,1595.0756216935306,1409.3392020362112,8.31856415510118,6.763128376799137,1.5554357783020434,1.2299876169197017,0,1,50,2.0,1.0,2025-12-23,Nigeria,Tanzania,neutral,1619.0,1325.0,True,0.024167958282940057,0.04044705775463819,1325.0
1.8,0.9333333333333333,0.8666666666666667,0.6333333333333333,15,54.8,4.2727272727272725,4.363636363636363,11.636363636363637,7.7272727272727275,3.909090909090909,3.0,5.363636363636363,16.714285714285715,12.818181818181818,2.5454545454545454,6.7,2.3,18.9,1.75,0.09090909090909091,428.1,362.3,27.2,5.8,14.6,7.5,16.5,8.8,47.8,32.3,13.3,6.2,2.6,9.3,53.1,44.7,2.8,0.38,2.0949999999999998,1.5333333333333334,1.2,0.3333333333333335,0.6,15,38.0,3.375,4.375,10.0,5.714285714285714,4.285714285714286,2.625,3.625,14.166666666666666,9.625,2.142857142857143,9.0,3.4285714285714284,20.125,1.9090909090909092,0.125,320.2857142857143,236.14285714285714,23.857142857142858,2.4285714285714284,16.428571428571427,7.571428571428571,18.571428571428573,8.571428571428571,47.42857142857143,31.428571428571427,13.571428571428571,6.142857142857143,1.8571428571428572,10.0,57.142857142857146,47.57142857142857,2.142857142857143,0.235,2.13,1643.0,1433.0,210.0,210.0,0.770096676660982,1644.2990663112882,1525.5939901116406,7.6336199272367296,6.632659713293913,1.0009602139428164,1.1509138501311293,0,1,50,3.0,1.0,2025-12-23,Tunisia,Uganda,neutral,1643.0,1433.0,True,0.05285553808232504,0.033074147695290025,1433.0
2.3333333333333335,1.2666666666666666,1.0666666666666669,0.7,15,59.642857142857146,4.266666666666667,4.666666666666667,12.0,8.6,3.4,3.066666666666667,6.0,12.7,11.428571428571429,3.0,7.571428571428571,1.7142857142857142,18.571428571428573,1.7142857142857142,0.2,516.0714285714286,443.07142857142856,31.5,5.0,14.142857142857142,7.642857142857143,19.5,7.214285714285714,51.142857142857146,32.07142857142857,16.285714285714285,7.142857142857143,2.6923076923076925,9.071428571428571,65.07142857142857,48.285714285714285,3.0,1.5,1.33,1.0666666666666667,1.4666666666666666,-0.3999999999999999,0.3333333333333333,15,44.9,2.4,5.4,9.8,5.2,4.6,2.0,4.1,14.3,14.2,2.0,8.4,2.2,21.8,1.7692307692307692,0.1,337.5,245.4,25.0,3.3,16.6,11.6,27.6,7.5,48.9,34.6,19.0,5.5,1.4,10.1,65.4,51.9,2.1,,,1725.0,1353.0,372.0,372.0,0.8948627896440804,1708.995534260403,1417.5176196191298,8.131650738089542,6.164650215934297,1.967000522155245,1.3190773934052205,0,1,50,3.0,0.0,2025-12-24,Algeria,Sudan,neutral,1725.0,1353.0,True,0.011053833001424889,0.022240437987319166,1353.0
2.066666666666667,0.9333333333333333,1.1333333333333335,0.7,15,45.0,5.25,6.25,15.75,9.0,6.75,4.25,4.0,17.0,15.25,2.25,7.25,3.0,26.5,2.0,0.25,310.0,218.5,34.25,4.0,14.5,9.5,13.5,5.25,53.0,35.0,28.25,7.0,3.0,9.5,68.5,48.25,2.25,,,0.9333333333333333,1.0666666666666667,-0.1333333333333333,0.5,15,56.0,2.6,3.4,7.8,3.8,4.0,1.8,2.75,11.25,13.25,2.25,8.25,3.0,21.0,1.4444444444444444,0.0,386.5,302.75,22.5,2.25,10.5,6.25,15.25,6.0,51.0,28.25,13.5,5.75,0.75,7.5,45.0,43.0,2.25,0.9,0.98,1548.0,1439.0,109.0,109.0,0.6519120398746636,1509.7886854925355,1446.0119038930986,7.98985010960318,7.154880244718762,0.8349698648844184,1.1166993487418235,0,1,50,2.0,1.0,2025-12-24,Burkina Faso,Equatorial Guinea,neutral,1548.0,1439.0,True,0.12116522798421778,0.08915866804534567,1439.0
1.4,0.5333333333333333,0.8666666666666666,0.6666666666666666,15,59.0,5.0,4.75,11.75,8.25,3.5,2.0,3.75,10.5,9.5,2.0,12.0,1.25,16.25,1.4545454545454546,0.0,487.25,429.0,26.25,3.75,14.25,5.5,13.0,11.25,48.75,32.5,7.0,9.25,3.0,10.0,54.25,43.75,3.0,1.345,0.7575000000000001,1.8666666666666667,1.4,0.4666666666666668,0.6666666666666666,15,53.42857142857143,6.714285714285714,6.0,15.166666666666666,10.0,5.166666666666667,2.6666666666666665,5.142857142857143,14.285714285714286,14.428571428571429,1.8571428571428572,7.166666666666667,1.8333333333333333,19.333333333333332,1.3571428571428572,0.6666666666666666,407.1666666666667,334.3333333333333,25.166666666666668,3.6666666666666665,19.666666666666668,9.166666666666666,13.0,8.166666666666666,54.833333333333336,41.166666666666664,9.166666666666666,7.5,2.5,13.166666666666666,57.5,55.333333333333336,5.0,2.268333333333333,1.51,1559.0,1467.0,92.0,92.0,0.6293885472175023,1560.6287453750995,1501.8944301218523,8.260584125376203,7.199810008953807,1.0607741164223965,1.1473336261794687,0,1,50,1.0,0.0,2025-12-24,Cameroon,Gabon,neutral,1559.0,1467.0,True,0.13735284893355354,0.198186970770694,1467.0
2.0,0.6,1.4,0.7,15,59.333333333333336,4.0,3.0,10.333333333333334,7.333333333333333,3.0,3.3333333333333335,3.6666666666666665,13.666666666666666,13.333333333333334,4.0,7.0,0.3333333333333333,17.0,1.5555555555555556,0.6666666666666666,463.3333333333333,407.6666666666667,21.333333333333332,5.0,16.666666666666668,7.0,9.666666666666666,5.333333333333333,57.0,40.666666666666664,8.333333333333334,11.333333333333334,6.0,10.666666666666666,45.666666666666664,39.333333333333336,2.3333333333333335,2.145,0.36,1.0,1.8666666666666667,-0.8666666666666667,0.4,15,45.0,2.8333333333333335,3.8333333333333335,5.333333333333333,4.0,1.3333333333333333,1.3333333333333333,2.6666666666666665,9.8,12.5,1.8333333333333333,14.666666666666666,5.666666666666667,19.0,1.3,0.0,337.3333333333333,275.0,23.0,2.3333333333333335,11.333333333333334,7.666666666666667,26.333333333333332,8.333333333333334,49.0,31.0,6.333333333333333,5.666666666666667,1.6666666666666667,7.333333333333333,27.333333333333332,37.666666666666664,2.0,0.4066666666666667,2.223333333333333,1607.0,1380.0,227.0,227.0,0.7869632793894692,1646.6286350523126,1404.6741069454606,8.332246519945368,7.46469814944665,0.8675483704987181,1.1162201542688004,0,1,50,1.0,0.0,2025-12-24,Côte d'Ivoire,Mozambique,neutral,1607.0,1380.0,True,0.04538464432848936,0.02514468201483289,1380.0
2.4,0.6,1.7999999999999998,0.9666666666666667,15,58.733333333333334,6.466666666666667,6.133333333333334,15.8,10.933333333333334,4.866666666666666,3.2,7.933333333333334,11.461538461538462,11.8,2.2666666666666666,6.6,1.6,22.0,1.6153846153846154,0.26666666666666666,517.5333333333333,443.6,30.8,7.266666666666667,14.8,9.466666666666667,21.8,9.533333333333333,52.266666666666666,32.13333333333333,17.933333333333334,6.4,3.4285714285714284,9.466666666666667,69.8,45.6,3.4,2.66,0.15333333333333335,1.4,0.3333333333333333,1.0666666666666667,0.6333333333333333,15,53.8,6.6,5.2,15.4,9.4,6.0,3.6,5.0,13.6,13.2,2.4,5.8,1.8,21.2,1.1,0.2,443.0,373.2,24.6,3.0,19.0,10.0,18.8,5.6,53.4,41.2,10.0,9.2,4.0,13.0,66.4,48.8,2.4,1.9075,0.325,1856.0,1596.0,260.0,360.0,0.8881842302218831,1897.0964071934436,1618.73466290027,8.245919628158065,7.854579281944706,0.3913403462133589,1.049823209132656,1,0,50,1.0,1.0,2025-12-26,Morocco,Mali,host_home,1856.0,1596.0,True,0.15068699659295592,0.07898694890287151,1596.0
1.3333333333333333,0.6666666666666666,0.6666666666666666,0.7333333333333333,15,67.2,6.6,8.0,18.4,11.2,7.2,3.8,5.0,12.6,13.5,2.0,5.6,2.4,22.6,2.0,0.6,570.8,494.0,25.0,8.2,15.8,8.6,20.6,7.4,54.4,42.6,15.2,13.0,3.8,10.2,78.2,51.0,3.4,0.86,1.95,1.6666666666666667,0.8,0.8666666666666667,0.7333333333333333,15,57.93333333333333,4.6,5.133333333333334,11.545454545454545,6.363636363636363,5.181818181818182,2.3636363636363638,5.0,11.461538461538462,15.785714285714286,2.3333333333333335,8.272727272727273,1.3636363636363635,21.727272727272727,2.2142857142857144,0.2727272727272727,453.27272727272725,384.6363636363636,24.818181818181817,3.090909090909091,14.181818181818182,6.545454545454546,18.272727272727273,5.636363636363637,51.63636363636363,32.0,7.909090909090909,4.454545454545454,2.5454545454545454,9.090909090909092,56.81818181818182,40.18181818181818,2.5454545454545454,1.435,0.21,1608.0,1558.0,50.0,50.0,0.5714631174083814,1633.5856568212882,1616.4387794172592,8.051075303814667,7.445136968713304,0.6059383351013627,1.0813871306394627,0,1,50,1.0,0.0,2025-12-26,Egypt,South Africa,neutral,1608.0,1558.0,True,0.1836438597413427,0.11435872297048211,1558.0
0.8666666666666667,1.9333333333333333,-1.0666666666666667,0.2,15,48.1,2.4,3.1,7.375,4.625,2.75,1.5,3.6,13.222222222222221,13.5,2.3333333333333335,12.375,3.5,17.875,2.0,0.125,366.5,295.875,25.875,2.75,10.5,8.75,22.125,9.0,47.875,29.125,10.375,6.625,1.375,7.125,54.0,44.0,1.875,0.24,0.96,1.5333333333333334,1.9333333333333333,-0.3999999999999999,0.36666666666666664,15,45.57142857142857,2.4285714285714284,3.857142857142857,7.5,3.0,4.5,1.75,2.857142857142857,12.0,15.714285714285714,2.5714285714285716,10.5,2.75,17.75,2.0,0.0,375.75,301.25,23.25,1.5,13.5,11.75,30.5,8.75,48.25,34.5,11.75,7.25,1.5,8.5,46.5,48.5,1.25,,,1374.0,1357.0,17.0,17.0,0.5244454611206615,1414.1002505444703,1400.8331576612302,7.218167748420425,7.211787762900892,0.006379985519533449,1.00088466074284,0,1,50,0.0,0.0,2025-12-26,Zambia,Comoros,neutral,1374.0,1357.0,True,0.0005975805694017722,0.0006012321891412486,1357.0
1.6,1.2,0.40000000000000013,0.5666666666666667,15,51.77777777777778,4.111111111111111,5.666666666666667,15.166666666666666,8.5,6.666666666666667,3.6666666666666665,5.222222222222222,15.375,16.88888888888889,1.2222222222222223,6.166666666666667,2.0,16.5,1.3076923076923077,0.0,429.6666666666667,368.6666666666667,25.333333333333332,5.5,10.0,7.666666666666667,14.5,7.333333333333333,54.333333333333336,32.0,11.666666666666666,6.5,1.1666666666666667,6.333333333333333,59.333333333333336,41.333333333333336,3.1666666666666665,0.78,0.86,0.8,1.3333333333333333,-0.5333333333333332,0.3,15,38.75,2.5,4.125,7.4,4.4,3.0,1.4,3.7142857142857144,11.2,12.0,1.5714285714285714,11.0,4.6,16.4,1.9166666666666667,0.2,292.0,223.2,21.0,2.8,16.0,7.8,24.8,7.2,54.0,34.0,11.0,5.6,0.6,9.2,39.2,41.6,1.0,0.645,1.145,1549.0,1342.0,207.0,207.0,0.7670249181450214,1536.0650238437763,1352.4492803858534,7.45650267772585,6.715418322595056,0.741084355130794,1.1103556501666176,0,1,50,1.0,1.0,2025-12-26,Angola,Zimbabwe,neutral,1549.0,1342.0,True,0.07130230691035537,0.09495778327382332,1342.0
1.0,1.2666666666666666,-0.2666666666666666,0.43333333333333335,15,41.375,2.75,4.75,8.625,5.0,3.625,1.125,3.625,14.625,12.375,1.4285714285714286,6.375,1.75,20.75,2.6923076923076925,0.25,314.25,242.25,27.0,3.125,15.5,7.0,21.125,6.625,50.625,32.5,15.75,5.625,1.5,11.25,48.875,45.0,2.25,0.8733333333333332,0.8416666666666667,0.9333333333333333,1.6666666666666667,-0.7333333333333334,0.36666666666666664,15,35.22222222222222,2.6666666666666665,3.6666666666666665,8.142857142857142,3.7142857142857144,4.428571428571429,1.1428571428571428,3.111111111111111,12.333333333333334,11.777777777777779,2.0,12.857142857142858,5.428571428571429,19.142857142857142,2.2142857142857144,0.2857142857142857,270.85714285714283,194.57142857142858,29.142857142857142,3.857142857142857,17.142857142857142,6.142857142857143,27.857142857142858,8.428571428571429,50.285714285714285,32.0,14.0,4.0,1.1428571428571428,10.571428571428571,48.42857142857143,44.285714285714285,2.6666666666666665,0.66,1.686,1421.0,1312.0,109.0,109.0,0.6519120398746636,1411.95616322512,1335.5909500711548,7.116009679424738,6.4017450822370625,0.7142645971876753,1.111573420686423,0,1,50,1.0,0.0,2025-12-27,Benin,Botswana,neutral,1421.0,1312.0,True,0.12116522798421778,0.09068375298839915,1312.0
2.6,1.2,1.4000000000000001,0.6666666666666666,15,58.46153846153846,5.846153846153846,4.6923076923076925,13.538461538461538,9.461538461538462,4.076923076923077,3.0,5.076923076923077,15.1,14.846153846153847,1.5384615384615385,6.538461538461538,1.5384615384615385,20.0,1.6153846153846154,0.3076923076923077,460.6923076923077,386.15384615384613,29.0,4.0,14.076923076923077,7.769230769230769,19.76923076923077,8.23076923076923,54.92307692307692,36.46153846153846,16.53846153846154,8.615384615384615,2.923076923076923,9.0,61.30769230769231,47.23076923076923,2.769230769230769,0.95,1.22,1.8666666666666667,0.8666666666666667,1.0,0.8,15,41.0,3.3333333333333335,6.333333333333333,13.333333333333334,7.333333333333333,6.0,3.6666666666666665,4.666666666666667,16.8,12.833333333333334,1.6666666666666667,9.166666666666666,2.5,18.833333333333332,1.4166666666666667,0.0,291.6666666666667,216.5,27.0,4.333333333333333,13.833333333333334,7.5,20.166666666666668,7.166666666666667,47.166666666666664,28.666666666666668,14.333333333333334,3.6666666666666665,2.1666666666666665,9.166666666666666,62.166666666666664,44.0,3.1666666666666665,,,1809.0,1635.0,174.0,174.0,0.7313778578393882,1788.446969519448,1686.3635423492638,8.281646857867514,7.9204885594428,0.3611582984247139,1.0455979824620971,0,1,50,1.0,1.0,2025-12-27,Senegal,DR Congo,neutral,1809.0,1635.0,True,0.05353571309834416,0.05004912262349417,1635.0
2.1333333333333333,1.6666666666666667,0.46666666666666656,0.6333333333333333,15,54.333333333333336,3.5,3.8333333333333335,10.0,5.833333333333333,4.166666666666667,2.6666666666666665,5.166666666666667,17.833333333333332,12.666666666666666,1.6666666666666667,7.0,1.0,24.0,1.6666666666666667,0.3333333333333333,399.0,317.0,29.0,4.0,11.166666666666666,6.166666666666667,23.0,9.5,45.5,29.166666666666668,18.666666666666668,6.5,1.5,6.833333333333333,65.5,46.5,2.3333333333333335,0.8,1.13,1.8666666666666667,1.0,0.8666666666666667,0.6333333333333333,15,54.27272727272727,4.416666666666667,4.5,11.916666666666666,8.083333333333334,3.8333333333333335,3.0,5.583333333333333,16.5,13.0,2.3333333333333335,6.454545454545454,2.090909090909091,19.545454545454547,1.6923076923076923,0.08333333333333333,427.72727272727275,360.6363636363636,26.636363636363637,5.909090909090909,14.545454545454545,7.7272727272727275,17.272727272727273,8.727272727272727,47.72727272727273,33.0,12.727272727272727,6.636363636363637,2.5454545454545454,9.181818181818182,53.09090909090909,45.09090909090909,2.6363636363636362,0.38,2.0949999999999998,1627.0,1660.0,-33.0,-33.0,0.45265148195413535,1607.8535290835307,1669.4630975030848,8.299158502792247,7.6182050422592695,0.6809534605329777,1.089385026624465,0,1,50,3.0,2.0,2025-12-27,Nigeria,Tunisia,neutral,1627.0,1660.0,True,0.29959040020700417,0.20426911501859982,1627.0
1.5333333333333334,1.3333333333333333,0.20000000000000018,0.5666666666666667,15,44.375,3.0,4.375,9.875,5.5,4.375,2.5,3.375,15.166666666666666,10.125,2.0,9.125,3.375,20.75,1.7272727272727273,0.125,336.125,252.0,23.5,2.25,17.0,7.625,19.75,8.375,48.125,33.25,12.875,6.625,1.625,10.5,55.75,47.0,2.375,0.06,3.4,1.0,1.0666666666666667,-0.06666666666666665,0.4666666666666667,15,55.0,3.625,7.25,13.666666666666666,7.333333333333333,6.333333333333333,3.0,3.25,13.5,17.25,2.125,6.166666666666667,3.6666666666666665,17.333333333333332,1.4545454545454546,0.3333333333333333,461.3333333333333,381.3333333333333,30.0,5.333333333333333,15.166666666666666,8.333333333333334,19.833333333333332,8.166666666666666,51.166666666666664,36.5,16.333333333333332,5.833333333333333,2.1666666666666665,10.833333333333334,58.0,52.333333333333336,1.8333333333333333,,,1416.0,1317.0,99.0,99.0,0.6387377491117249,1500.429958919844,1396.561294646211,6.665768550719379,6.745543201998024,-0.0797746512786448,0.988173724652002,0,1,50,1.0,1.0,2025-12-27,Uganda,Tanzania,neutral,1416.0,1317.0,True,0.019248163028587915,0.00011077544090286849,1317.0
2.3333333333333335,1.2666666666666666,1.0666666666666669,0.7,15,59.92857142857143,4.4,4.733333333333333,12.266666666666667,8.8,3.466666666666667,3.1333333333333333,6.5,13.6,11.285714285714286,3.0833333333333335,7.214285714285714,1.6428571428571428,17.857142857142858,1.7142857142857142,0.26666666666666666,517.2142857142857,446.07142857142856,30.714285714285715,4.928571428571429,13.928571428571429,7.928571428571429,18.785714285714285,7.285714285714286,50.42857142857143,32.142857142857146,15.857142857142858,7.714285714285714,2.923076923076923,8.857142857142858,64.64285714285714,49.142857142857146,3.2142857142857144,1.5,1.33,2.066666666666667,1.0,1.0666666666666669,0.7,15,49.4,5.2,6.2,15.8,9.8,6.0,4.4,5.0,16.8,14.6,2.2,7.8,2.4,24.8,1.9090909090909092,0.2,344.2,257.2,31.8,4.6,15.4,8.4,14.2,6.0,53.8,36.4,26.0,8.2,3.4,9.4,67.2,47.0,2.0,,,1734.0,1565.0,169.0,169.0,0.7256856462717871,1722.765948565345,1530.2504364300225,8.160498543522346,7.988402868186805,0.17209567533554093,1.021543189317717,0,1,50,1.0,0.0,2025-12-28,Algeria,Burkina Faso,neutral,1734.0,1565.0,True,0.0752483646613271,0.13192665472491236,1565.0
2.066666666666667,0.5333333333333333,1.5333333333333337,0.7666666666666667,15,59.0,5.666666666666667,5.0,15.0,10.666666666666666,4.333333333333333,4.333333333333333,6.666666666666667,16.333333333333332,11.666666666666666,3.5,7.0,0.6666666666666666,16.333333333333332,1.5555555555555556,0.6666666666666666,513.0,460.3333333333333,22.333333333333332,6.0,19.0,9.0,9.666666666666666,6.0,55.0,44.333333333333336,9.333333333333334,14.0,6.0,13.666666666666666,49.333333333333336,43.0,3.0,4.22,0.2,1.2,0.4666666666666667,0.7333333333333333,0.6666666666666666,15,54.5,4.5,5.75,12.75,9.25,3.5,2.5,5.25,11.75,9.0,1.5,12.0,1.5,18.75,1.5454545454545454,0.25,432.25,366.0,28.0,5.0,15.5,5.75,16.75,10.75,46.0,32.75,9.0,8.75,2.5,10.5,56.0,46.5,3.0,1.0933333333333335,0.8533333333333334,1618.0,1578.0,40.0,40.0,0.5573116337622928,1656.5766737796878,1581.4422765031568,8.348304863048162,8.270713764591187,0.0775910984569741,1.0093814271253299,0,1,50,1.0,1.0,2025-12-28,Côte d'Ivoire,Cameroon,neutral,1618.0,1578.0,True,0.003284623364503175,0.0039967845818049096,1578.0
0.9333333333333333,1.2,-0.2666666666666666,0.43333333333333335,15,48.0,2.6,3.0,7.2,3.2,4.0,1.6,2.75,12.75,15.0,1.75,8.5,3.5,16.75,1.5555555555555556,0.0,338.0,260.0,20.75,1.75,11.25,6.75,18.75,8.25,48.25,29.75,11.75,4.75,0.5,8.25,40.75,42.0,2.25,0.8766666666666666,1.1833333333333333,1.0,1.6,-0.6000000000000001,0.3,15,43.8,2.2,5.5,9.5,5.0,4.5,1.8,3.9,14.1,14.5,2.1,8.9,2.5,21.5,1.9230769230769231,0.1,330.0,242.5,24.0,3.5,15.5,11.4,26.3,7.5,49.2,34.2,18.2,5.8,1.0,9.9,60.8,49.8,1.9,,,1422.0,1344.0,78.0,78.0,0.6104024220946891,1425.5501529556116,1403.7472053141878,7.166726055580051,6.171433900943009,0.9952921546370428,1.1612740524507539,0,1,50,0.0,1.0,2025-12-28,Equatorial Guinea,Sudan,neutral,1422.0,1344.0,True,0.372591116899063,0.29381183855617127,1344.0
1.8,1.2,0.6000000000000001,0.6666666666666666,15,56.42857142857143,6.0,6.0,14.5,8.666666666666666,5.833333333333333,2.8333333333333335,5.428571428571429,12.857142857142858,14.285714285714286,1.7142857142857142,6.833333333333333,1.8333333333333333,20.833333333333332,1.4285714285714286,0.3333333333333333,424.8333333333333,347.8333333333333,25.833333333333332,3.8333333333333335,21.666666666666668,9.166666666666666,17.666666666666668,9.0,57.0,43.833333333333336,12.833333333333334,8.833333333333334,1.3333333333333333,14.0,60.5,58.0,4.4,1.818,1.0459999999999998,0.8666666666666667,1.8666666666666667,-1.0,0.3333333333333333,15,46.333333333333336,2.3333333333333335,3.3333333333333335,3.3333333333333335,2.3333333333333335,1.0,1.3333333333333333,2.6666666666666665,8.2,13.0,1.4,11.666666666666666,5.333333333333333,16.666666666666668,1.2,0.0,407.0,350.3333333333333,22.333333333333332,2.6666666666666665,10.333333333333334,9.333333333333334,26.666666666666668,6.666666666666667,51.666666666666664,31.0,6.666666666666667,5.666666666666667,0.6666666666666666,6.333333333333333,24.333333333333332,37.666666666666664,1.3333333333333333,0.185,1.9899999999999998,1448.0,1369.0,79.0,79.0,0.6117705007810643,1481.080898993795,1394.7260682180854,7.372396432423112,7.463190984099011,-0.09079455167589945,0.9878343523742933,0,1,50,2.0,3.0,2025-12-28,Gabon,Mozambique,neutral,1448.0,1369.0,True,0.37426314562591423,0.3102607366202766,1369.0
0.6666666666666666,1.9333333333333333,-1.2666666666666666,0.16666666666666666,15,48.0,2.1818181818181817,3.4545454545454546,7.666666666666667,4.555555555555555,3.111111111111111,1.6666666666666667,3.8181818181818183,13.4,13.454545454545455,2.1,12.333333333333334,3.5,17.666666666666668,2.0,0.1111111111111111,375.44444444444446,304.44444444444446,25.666666666666668,3.2222222222222223,10.777777777777779,8.666666666666666,21.88888888888889,8.777777777777779,47.666666666666664,29.88888888888889,10.11111111111111,7.0,1.2222222222222223,7.555555555555555,54.22222222222222,45.44444444444444,2.0,0.24,0.96,2.066666666666667,0.4,1.666666666666667,0.9333333333333333,15,58.8,6.466666666666667,6.266666666666667,16.0,11.266666666666667,4.733333333333333,3.2666666666666666,8.0,11.615384615384615,11.733333333333333,2.2666666666666666,5.866666666666666,1.4,21.2,1.6153846153846154,0.26666666666666666,510.73333333333335,440.1333333333333,29.066666666666666,7.6,15.0,9.333333333333334,21.2,10.0,52.0,32.733333333333334,18.0,6.6,3.7857142857142856,9.466666666666667,69.26666666666667,45.06666666666667,3.6666666666666665,2.66,0.15333333333333335,1373.0,1837.0,-464.0,-564.0,0.0374476325364447,1413.146070207651,1877.1834699728636,7.127072387119455,8.24551266781415,-1.1184402806946956,0.8643577026980435,0,0,50,0.0,3.0,2025-12-29,Zambia,Morocco,host_away,1373.0,1837.0,True,0.0014023251825845918,0.00975536189204313,1373.0
0.8,1.2666666666666666,-0.46666666666666656,0.3333333333333333,15,37.625,2.75,4.5,9.0,5.0,4.0,2.0,4.142857142857143,15.0,12.571428571428571,1.4285714285714286,10.6,4.2,17.8,2.1666666666666665,0.0,246.2,172.6,19.0,2.6,12.8,7.2,25.2,7.2,48.6,31.2,12.4,5.0,0.4,7.0,42.0,39.6,1.2,0.42,0.7,1.5333333333333334,0.8666666666666667,0.6666666666666667,0.6666666666666666,15,58.2,4.6,5.266666666666667,12.083333333333334,6.416666666666667,5.666666666666667,2.4166666666666665,5.133333333333334,11.285714285714286,15.4,2.4615384615384617,8.083333333333334,1.4166666666666667,21.416666666666668,2.2857142857142856,0.25,460.25,392.1666666666667,24.833333333333332,3.0833333333333335,14.333333333333334,6.5,17.583333333333332,6.25,51.25,32.083333333333336,8.0,4.75,2.4166666666666665,9.166666666666666,59.083333333333336,40.333333333333336,2.4166666666666665,1.435,0.21,1355.0,1537.0,-182.0,-182.0,0.25967158048516964,1364.554903268234,1592.6715956709854,6.9676883504533125,7.437274797410123,-0.46958644695681073,0.9368604146346274,0,1,50,2.0,3.0,2025-12-29,Zimbabwe,South Africa,neutral,1355.0,1537.0,True,0.06742932971166593,0.1327999463076235,1355.0
1.6,1.2666666666666666,0.3333333333333335,0.5333333333333333,15,53.111111111111114,4.555555555555555,5.888888888888889,15.142857142857142,8.714285714285714,6.428571428571429,3.7142857142857144,5.333333333333333,16.0,17.22222222222222,1.3333333333333333,6.571428571428571,2.142857142857143,17.0,1.3846153846153846,0.0,420.0,357.42857142857144,25.142857142857142,5.285714285714286,10.285714285714286,7.142857142857143,15.857142857142858,7.0,55.142857142857146,33.857142857142854,12.428571428571429,7.142857142857143,1.4285714285714286,6.428571428571429,59.0,40.857142857142854,3.142857142857143,0.78,0.86,1.2666666666666666,0.6666666666666666,0.6,0.7333333333333333,15,62.0,6.0,7.0,16.333333333333332,10.0,6.333333333333333,3.3333333333333335,4.857142857142857,12.166666666666666,12.714285714285714,1.6666666666666667,6.166666666666667,3.0,21.833333333333332,2.1818181818181817,0.5,527.1666666666666,452.5,25.666666666666668,7.166666666666667,17.333333333333332,8.333333333333334,24.666666666666668,7.5,54.166666666666664,41.5,14.5,11.5,3.3333333333333335,10.333333333333334,71.16666666666667,49.166666666666664,3.5,0.86,1.95,1536.0,1629.0,-93.0,-93.0,0.3692697113837977,1523.9594009613957,1657.352840567562,7.4815716077088865,7.2552725051033065,0.22629910260558006,1.0311909859273243,0,1,50,0.0,0.0,2025-12-29,Angola,Egypt,neutral,1536.0,1629.0,True,0.01709040836167555,0.0019139373048794872,1536.0
1.4,1.6666666666666667,-0.26666666666666683,0.4,15,46.5,2.25,4.125,8.0,3.4,4.6,2.0,2.75,12.125,15.625,2.375,10.6,2.75,17.0,1.8333333333333333,0.0,405.8,332.4,25.4,1.2,14.2,11.6,30.6,8.2,49.4,35.2,12.0,7.2,1.4,9.0,51.0,50.0,1.2,,,1.4,0.4,0.9999999999999999,0.6,15,50.4,5.6,4.4,13.6,8.2,5.4,3.6,3.8,15.6,12.4,2.4,6.6,2.6,19.2,1.9,0.2,432.8,362.8,23.8,2.4,21.2,10.6,23.0,5.8,53.0,42.2,11.8,8.6,3.75,13.8,61.4,50.2,2.2,2.07,0.37333333333333335,1358.0,1615.0,-257.0,-257.0,0.18551641249528777,1401.7873379980495,1638.64760012085,7.142702245737616,7.964942830488798,-0.8222405847511824,0.8967675472065224,0,1,50,0.0,0.0,2025-12-29,Comoros,Mali,neutral,1358.0,1615.0,True,0.09889992680983399,0.03268687846202658,1358.0
1.0666666666666667,1.0666666666666667,0.0,0.5,15,53.875,3.625,7.0,13.285714285714286,6.857142857142857,6.428571428571429,3.0,3.375,12.75,16.125,2.375,6.142857142857143,3.857142857142857,17.0,1.5454545454545454,0.2857142857142857,445.0,366.14285714285717,29.571428571428573,5.142857142857143,16.142857142857142,8.714285714285714,20.857142857142858,8.285714285714286,51.0,37.857142857142854,16.142857142857142,6.285714285714286,2.142857142857143,10.714285714285714,56.0,52.714285714285715,2.2857142857142856,,,2.0,1.0666666666666667,0.9333333333333333,0.6333333333333333,15,54.36363636363637,4.5,4.833333333333333,12.25,8.416666666666666,3.8333333333333335,2.9166666666666665,5.75,15.625,13.333333333333334,2.25,6.363636363636363,2.1818181818181817,19.272727272727273,1.4615384615384615,0.08333333333333333,427.90909090909093,360.45454545454544,26.181818181818183,6.181818181818182,14.181818181818182,7.181818181818182,17.818181818181817,8.636363636363637,48.27272727272727,33.81818181818182,12.363636363636363,7.2727272727272725,2.727272727272727,9.0,52.36363636363637,45.27272727272727,2.909090909090909,0.58,2.69,1324.0,1633.0,-309.0,-309.0,0.14445792510730254,1403.820264496684,1640.07582213256,6.770631127777807,7.704279241184535,-0.9336481134067283,0.8788143466535125,0,1,50,1.0,1.0,2025-12-30,Tanzania,Tunisia,neutral,1324.0,1633.0,True,0.12641016701900448,0.059255427787609366,1324.0
1.6,1.3333333333333333,0.26666666666666683,0.6,15,45.55555555555556,3.3333333333333335,4.555555555555555,10.333333333333334,6.0,4.333333333333333,2.4444444444444446,3.7777777777777777,15.285714285714286,10.666666666666666,2.0,9.0,3.111111111111111,20.333333333333332,1.8333333333333333,0.2222222222222222,345.55555555555554,262.55555555555554,23.22222222222222,2.4444444444444446,17.333333333333332,8.0,19.0,8.666666666666666,48.333333333333336,34.55555555555556,13.222222222222221,7.0,1.6666666666666667,10.555555555555555,55.333333333333336,47.333333333333336,2.3333333333333335,0.06,3.4,2.2666666666666666,1.7333333333333334,0.5333333333333332,0.6666666666666666,15,55.142857142857146,3.7142857142857144,4.285714285714286,10.714285714285714,6.428571428571429,4.285714285714286,2.7142857142857144,5.0,17.857142857142858,13.0,1.5714285714285714,7.285714285714286,0.8571428571428571,22.714285714285715,1.9166666666666667,0.2857142857142857,405.0,327.42857142857144,27.857142857142858,5.0,12.0,6.428571428571429,23.0,8.857142857142858,46.714285714285715,30.285714285714285,17.857142857142858,6.428571428571429,2.0,7.857142857142857,64.28571428571429,44.714285714285715,2.2857142857142856,0.8,1.13,1409.0,1654.0,-245.0,-245.0,0.19618148057531573,1493.170989069371,1637.2408044540555,6.6349808000512285,8.240162204345499,-1.60518140429427,0.8052002661491581,0,1,50,1.0,3.0,2025-12-30,Uganda,Nigeria,neutral,1409.0,1654.0,True,0.03848717332072298,0.057135122893047195,1409.0
0.9333333333333333,1.2,-0.2666666666666666,0.43333333333333335,15,40.125,2.375,4.875,8.375,4.875,3.5,1.125,2.875,14.125,13.125,1.4285714285714286,6.625,1.875,18.75,2.769230769230769,0.125,318.75,247.375,25.25,3.125,15.125,7.0,21.375,6.125,52.125,32.5,16.75,5.5,1.5,10.75,48.0,45.375,2.0,0.6839999999999999,0.852,2.6,1.1333333333333333,1.4666666666666668,0.7,15,58.857142857142854,5.642857142857143,4.785714285714286,13.357142857142858,9.285714285714286,4.071428571428571,2.9285714285714284,5.071428571428571,15.363636363636363,14.642857142857142,1.5714285714285714,6.642857142857143,1.5714285714285714,20.071428571428573,1.5714285714285714,0.2857142857142857,463.92857142857144,389.92857142857144,29.0,3.857142857142857,14.071428571428571,7.714285714285714,19.357142857142858,8.071428571428571,54.42857142857143,36.285714285714285,16.214285714285715,8.642857142857142,2.9285714285714284,9.071428571428571,61.92857142857143,46.42857142857143,2.7142857142857144,0.95,1.22,1438.0,1797.0,-359.0,-359.0,0.1123887401401455,1431.5480548988605,1781.3058024467414,7.107786384315953,8.224299926079826,-1.1165135417638732,0.8642421176514573,0,1,50,0.0,3.0,2025-12-30,Benin,Senegal,neutral,1438.0,1797.0,True,0.012631228910289151,0.03901895298560326,1438.0
0.9333333333333333,1.4666666666666666,-0.5333333333333332,0.36666666666666664,15,35.77777777777778,2.4444444444444446,3.2222222222222223,7.142857142857143,3.4285714285714284,3.7142857142857144,1.0,2.7777777777777777,13.333333333333334,13.222222222222221,2.0,13.285714285714286,5.285714285714286,16.0,2.2142857142857144,0.42857142857142855,281.57142857142856,204.42857142857142,24.571428571428573,3.7142857142857144,18.0,5.714285714285714,29.428571428571427,8.0,50.57142857142857,34.285714285714285,13.714285714285714,4.142857142857143,0.8571428571428571,11.285714285714286,43.857142857142854,42.714285714285715,3.0,0.6325000000000001,1.4975,1.8,0.9333333333333333,0.8666666666666667,0.7666666666666667,15,40.285714285714285,3.2857142857142856,5.857142857142857,12.428571428571429,7.0,5.428571428571429,3.2857142857142856,4.285714285714286,16.0,13.571428571428571,1.5714285714285714,9.142857142857142,2.4285714285714284,17.714285714285715,1.3333333333333333,0.0,290.14285714285717,216.71428571428572,25.285714285714285,4.285714285714286,14.285714285714286,7.571428571428571,22.142857142857142,7.142857142857143,47.857142857142854,29.571428571428573,14.428571428571429,3.857142857142857,2.0,9.285714285714286,59.0,43.42857142857143,3.0,,,1295.0,1647.0,-352.0,-352.0,0.11647171194356075,1315.9990583974143,1693.5047094219703,6.345765693114489,7.438146636246748,-1.0923809431322598,0.8531380199189688,0,1,50,0.0,3.0,2025-12-30,Botswana,DR Congo,neutral,1295.0,1647.0,True,0.013565659683063792,0.03526640711726102,1295.0
0.8,1.2,-0.3999999999999999,0.36666666666666664,15,50.75,1.8,3.6,7.4,4.0,3.4,2.0,2.25,12.5,15.0,2.5,9.25,2.25,18.0,1.6666666666666667,0.0,362.25,289.75,20.75,1.0,10.0,5.75,18.25,8.5,47.5,28.5,9.25,4.25,1.0,6.5,45.5,40.5,2.75,0.405,1.0699999999999998,2.3333333333333335,1.2,1.1333333333333335,0.7333333333333333,15,60.07142857142857,4.466666666666667,4.533333333333333,12.0,8.8,3.2,3.0,6.428571428571429,15.2,11.928571428571429,2.923076923076923,7.285714285714286,1.7142857142857142,17.0,1.7857142857142858,0.26666666666666666,520.2857142857143,448.5,30.857142857142858,4.642857142857143,14.214285714285714,8.285714285714286,18.214285714285715,7.785714285714286,49.214285714285715,33.357142857142854,15.5,7.928571428571429,3.1538461538461537,8.857142857142858,64.0,51.0,3.2857142857142856,1.5,1.33,1391.0,1748.0,-357.0,-357.0,0.11354237633604944,1398.9833609260318,1735.1762012874444,7.0944012445829365,8.084683497903251,-0.9902822533203146,0.8775113146263372,0,1,50,1.0,3.0,2025-12-31,Equatorial Guinea,Algeria,neutral,1391.0,1748.0,True,0.01289187122403708,0.04609494299973996,1391.0
0.8,1.6,-0.8,0.3,15,43.4,2.1,5.6,9.8,4.8,5.0,2.1,4.0,13.9,14.1,2.2,9.1,2.7,20.3,2.076923076923077,0.0,325.1,239.3,23.1,3.4,16.4,11.5,25.2,7.5,49.1,35.1,16.5,5.9,0.8,10.6,60.4,51.1,2.0,,,1.8,1.0,0.8,0.6333333333333333,15,49.666666666666664,4.666666666666667,6.5,15.5,9.5,6.0,4.333333333333333,5.166666666666667,17.166666666666668,16.166666666666668,1.8333333333333333,7.5,2.6666666666666665,23.5,2.0,0.3333333333333333,351.0,267.8333333333333,28.833333333333332,4.666666666666667,16.0,8.166666666666666,13.0,5.833333333333333,54.833333333333336,39.0,24.5,8.333333333333334,3.3333333333333335,9.666666666666666,66.83333333333333,46.166666666666664,2.8333333333333335,,,1375.0,1551.0,-176.0,-176.0,0.2663662975861926,1430.3139973437676,1517.8401837079232,5.977723605288848,7.842578032933303,-1.8648544276444552,0.7622141061506331,0,1,50,0.0,2.0,2025-12-31,Sudan,Burkina Faso,neutral,1375.0,1551.0,True,0.07095100448977612,0.09517209097289737,1375.0
1.0666666666666667,1.8,-0.7333333333333334,0.4,15,45.857142857142854,2.7142857142857144,3.7142857142857144,5.75,3.5,2.25,1.5,2.857142857142857,8.333333333333334,12.571428571428571,1.3333333333333333,11.25,6.0,19.75,1.2727272727272727,0.25,388.5,326.0,21.5,3.0,11.75,9.75,26.75,7.5,51.5,32.75,6.5,7.0,2.0,7.25,30.75,40.75,1.75,0.185,1.9899999999999998,1.2,0.5333333333333333,0.6666666666666666,0.6333333333333333,15,52.0,4.0,6.5,13.5,8.75,4.75,3.0,5.0,13.0,10.5,1.0,10.75,1.25,20.5,1.6363636363636365,0.75,400.25,331.75,23.5,4.25,15.5,6.75,19.5,10.5,44.25,33.0,9.5,7.5,2.5,10.0,52.25,43.75,2.25,1.1600000000000001,0.9199999999999999,1400.0,1581.0,-181.0,-181.0,0.2607797458593321,1425.8149279345562,1586.7659005923947,7.352780467571326,8.285939679811786,-0.9331592122404606,0.8873804000149736,0,1,50,1.0,2.0,2025-12-31,Mozambique,Cameroon,neutral,1400.0,1581.0,True,0.06800607585045784,0.17174572774513003,1400.0
1.8,1.4,0.40000000000000013,0.6,15,57.285714285714285,6.428571428571429,5.857142857142857,15.0,8.833333333333334,6.166666666666667,3.0,4.571428571428571,12.142857142857142,13.428571428571429,1.2857142857142858,7.0,1.5,21.666666666666668,1.5714285714285714,0.16666666666666666,440.1666666666667,363.3333333333333,25.166666666666668,4.333333333333333,20.166666666666668,10.5,17.333333333333332,9.166666666666666,55.333333333333336,40.5,13.5,8.166666666666666,2.0,12.833333333333334,61.0,56.333333333333336,4.0,1.795,1.2,2.1333333333333333,0.5333333333333333,1.6,0.8,15,57.0,4.75,5.25,14.5,10.0,4.5,4.5,6.75,16.75,12.5,3.5,7.25,1.0,16.0,1.6,0.75,469.5,415.5,21.25,6.25,16.0,7.75,14.75,6.0,53.75,40.0,10.75,12.25,4.666666666666667,11.0,44.5,42.75,2.5,4.22,0.2,1417.0,1615.0,-198.0,-198.0,0.2423608251377483,1449.9920392773242,1651.2530496904499,7.281533313857376,8.05375050316729,-0.7722171893099139,0.9041170707974844,0,1,50,2.0,3.0,2025-12-31,Gabon,Côte d'Ivoire,neutral,1417.0,1615.0,True,0.0587387695614502,0.11224517361743427,1417.0
1.4,0.4,0.9999999999999999,0.6,15,54.2,4.8,5.6,14.0,7.4,6.6,3.6,2.8,13.6,14.2,1.8,5.8,2.0,19.0,1.7,0.2,495.6,423.6,24.4,2.8,19.6,11.0,21.4,4.8,57.0,43.4,13.0,9.8,3.0,13.0,64.6,51.6,2.0,2.295,0.38,1.8666666666666667,1.1333333333333333,0.7333333333333334,0.6,15,54.63636363636363,4.166666666666667,4.666666666666667,11.333333333333334,7.75,3.5833333333333335,2.5,5.5,15.0,12.833333333333334,2.25,6.636363636363637,2.090909090909091,19.90909090909091,1.4615384615384615,0.16666666666666666,431.54545454545456,362.09090909090907,25.727272727272727,6.454545454545454,13.909090909090908,7.0,18.363636363636363,8.363636363636363,47.63636363636363,33.18181818181818,13.272727272727273,7.363636363636363,2.5454545454545454,8.636363636363637,53.09090909090909,44.72727272727273,2.8181818181818183,0.58,2.69,1599.0,1615.0,-16.0,-16.0,0.4769904127024377,1623.831386906418,1625.2878672095312,7.856396543071588,7.645569629351152,0.21082691372043616,1.0275750433180384,0,1,50,4.0,3.0,2026-01-03,Mali,Tunisia,neutral,1599.0,1615.0,True,0.2735390284051665,0.2652103673562538,1599.0
2.7333333333333334,1.0,1.7333333333333334,0.7666666666666667,15,58.333333333333336,5.666666666666667,4.733333333333333,13.133333333333333,9.133333333333333,4.0,2.7333333333333334,5.0,15.666666666666666,14.933333333333334,1.5714285714285714,6.333333333333333,1.7333333333333334,19.6,1.5333333333333334,0.26666666666666666,460.6,387.3333333333333,28.4,3.8666666666666667,14.066666666666666,7.866666666666666,19.666666666666668,8.133333333333333,54.6,36.6,16.333333333333332,8.6,3.0,9.066666666666666,61.4,46.666666666666664,2.933333333333333,0.95,1.22,0.8,1.7333333333333334,-0.9333333333333333,0.26666666666666666,15,43.5,2.1,5.9,10.3,5.2,5.1,2.3,4.2,12.4,13.8,2.2,9.4,2.7,19.2,1.9230769230769231,0.0,330.8,245.1,23.7,3.6,16.3,11.5,25.0,7.5,50.2,35.2,16.5,6.2,1.0,10.5,59.0,51.2,2.0,,,1807.0,1355.0,452.0,452.0,0.9309851196318173,1791.6138760398633,1402.0661180155444,8.235553695852756,6.164650215934297,2.070903479918459,1.3359320330236448,0,1,50,3.0,1.0,2026-01-03,Senegal,Sudan,neutral,1807.0,1355.0,True,0.0047630537122345705,0.013589091250282051,1355.0
1.6,1.0,0.6000000000000001,0.6666666666666666,15,59.13333333333333,4.466666666666667,5.133333333333334,11.666666666666666,6.5,5.166666666666667,2.3333333333333335,4.733333333333333,11.214285714285714,15.866666666666667,2.3076923076923075,8.083333333333334,1.5,21.333333333333332,2.2,0.25,461.0,391.5,25.416666666666668,2.9166666666666665,14.083333333333334,6.583333333333333,19.666666666666668,6.833333333333333,51.0,32.583333333333336,9.583333333333334,5.0,2.3333333333333335,8.833333333333334,59.666666666666664,39.916666666666664,2.4166666666666665,0.96,0.24,1.3333333333333333,0.6,0.7333333333333333,0.6666666666666666,15,48.5,5.0,6.25,15.75,10.5,5.25,4.5,6.0,16.0,9.75,1.3333333333333333,7.75,1.25,17.75,1.7272727272727273,1.25,378.25,312.25,21.0,4.5,17.25,7.5,20.5,9.75,40.5,30.0,10.0,3.25,2.75,11.25,49.5,45.75,2.25,1.59,0.87,1550.0,1594.0,-44.0,-44.0,0.43701527189640416,1603.2696460640154,1600.9475829055011,7.456441952101687,8.270713764591187,-0.8142718124895003,0.9015475767066703,0,1,50,1.0,2.0,2026-01-04,South Africa,Cameroon,neutral,1550.0,1594.0,True,0.19098234787068805,0.18623163824224637,1550.0
2.066666666666667,0.26666666666666666,1.8000000000000003,0.9333333333333333,15,58.86666666666667,6.6,6.466666666666667,16.466666666666665,11.533333333333333,4.933333333333334,3.4,7.6,11.923076923076923,12.4,2.0,5.866666666666666,1.2,20.933333333333334,1.4615384615384615,0.26666666666666666,514.0666666666667,445.93333333333334,28.866666666666667,7.533333333333333,14.4,8.866666666666667,21.2,10.266666666666667,51.06666666666667,32.86666666666667,17.4,6.8,4.0,9.466666666666667,69.13333333333334,44.2,3.933333333333333,2.66,0.15333333333333335,1.0,1.0666666666666667,-0.06666666666666665,0.4666666666666667,15,51.75,3.25,6.5,12.375,6.375,6.0,2.625,3.625,12.125,16.625,2.5,6.125,3.5,17.75,1.8181818181818181,0.25,425.625,346.125,28.625,4.75,16.625,8.75,21.375,8.0,50.125,37.5,15.625,5.875,1.875,10.875,54.25,51.75,2.0,,,1840.0,1342.0,498.0,598.0,0.969002622496188,1880.4594588693042,1418.608219419713,8.441695135640717,6.705007959333336,1.736687176307382,1.2590134399303616,1,0,50,1.0,0.0,2026-01-04,Morocco,Tanzania,host_home,1840.0,1342.0,True,0.0009608374121138327,0.0022582717632712284,1342.0
2.3333333333333335,1.7333333333333334,0.6000000000000001,0.6666666666666666,15,57.25,4.0,4.375,11.0,6.75,4.25,2.625,4.75,17.375,12.125,1.75,7.625,0.75,22.0,1.9230769230769231,0.25,426.375,352.5,30.0,4.875,11.625,6.25,22.25,8.25,46.5,29.75,16.75,7.125,2.5,7.75,63.5,44.75,2.5,0.8,1.13,0.9333333333333333,1.8666666666666667,-0.9333333333333333,0.3333333333333333,15,46.625,2.625,3.875,6.6,3.6,3.0,1.8,2.75,8.142857142857142,13.5,1.2857142857142858,10.4,5.6,20.2,1.0909090909090908,0.2,386.6,321.2,22.6,2.8,14.0,9.6,26.0,8.0,53.0,36.0,8.6,7.4,2.0,8.8,33.4,42.2,1.6,0.185,1.9899999999999998,1669.0,1387.0,282.0,282.0,0.8352528323139615,1660.0247711898064,1411.6332456214498,8.299158502792247,7.463190984099011,0.835967518693236,1.1120120763992694,0,1,50,4.0,0.0,2026-01-05,Nigeria,Mozambique,neutral,1669.0,1387.0,True,0.02714162926057168,0.03358167717053558,1387.0
1.2,0.6666666666666666,0.5333333333333333,0.7,15,61.142857142857146,5.428571428571429,6.428571428571429,14.714285714285714,9.0,5.714285714285714,2.857142857142857,4.5,12.0,13.0,1.7142857142857142,7.0,3.2857142857142856,21.714285714285715,2.272727272727273,0.42857142857142855,512.8571428571429,434.14285714285717,26.285714285714285,6.285714285714286,17.285714285714285,8.571428571428571,24.857142857142858,8.142857142857142,53.57142857142857,41.57142857142857,14.714285714285714,11.285714285714286,3.142857142857143,9.857142857142858,70.14285714285714,49.857142857142854,3.142857142857143,0.86,1.95,0.7333333333333333,1.4,-0.6666666666666666,0.36666666666666664,15,42.0,2.125,4.625,7.625,4.625,3.0,0.875,2.75,14.875,13.875,1.5,6.625,2.125,18.625,2.923076923076923,0.125,339.875,267.375,24.75,3.0,14.0,7.875,22.25,6.5,49.75,32.125,16.0,5.625,1.375,10.0,48.0,45.25,2.125,0.5725,0.9575,1622.0,1428.0,194.0,194.0,0.7533860777856145,1648.1997957335548,1421.2399813057386,8.047586353182124,7.088561311791215,0.9590250413909089,1.1352919159767516,0,1,50,3.0,1.0,2026-01-05,Egypt,Benin,neutral,1622.0,1428.0,True,0.06081842662996298,0.04712792322065356,1428.0
2.466666666666667,1.2,1.2666666666666668,0.7666666666666667,15,59.785714285714285,4.266666666666667,4.466666666666667,11.933333333333334,8.933333333333334,3.0,3.2,6.142857142857143,15.5,12.0,2.6923076923076925,7.071428571428571,1.7142857142857142,16.785714285714285,1.6428571428571428,0.3333333333333333,521.6428571428571,452.57142857142856,28.928571428571427,4.285714285714286,14.428571428571429,8.357142857142858,19.357142857142858,7.428571428571429,49.07142857142857,33.357142857142854,14.357142857142858,7.714285714285714,3.3846153846153846,8.857142857142858,60.57142857142857,49.785714285714285,3.2857142857142856,1.5,1.33,1.9333333333333333,0.9333333333333333,1.0,0.7666666666666667,15,42.125,3.625,7.5,14.375,8.375,6.0,3.25,4.125,16.0,12.5,1.625,8.875,2.25,16.875,1.3333333333333333,0.0,320.625,249.875,24.5,4.5,13.75,7.625,20.875,7.125,47.625,29.125,13.875,4.75,2.375,8.625,60.25,44.25,2.875,,,1757.0,1657.0,100.0,100.0,0.6400649998028851,1744.638737030108,1702.4465546096585,8.193430723726845,7.9204885594428,0.2729421642840446,1.0344602687366606,0,1,50,1.0,0.0,2026-01-06,Algeria,DR Congo,neutral,1757.0,1657.0,True,0.1295532043668971,0.17840959393982897,1657.0
2.066666666666667,0.6666666666666666,1.4000000000000004,0.8,15,56.75,3.25,7.0,14.75,9.5,5.25,4.5,6.75,18.5,14.5,2.5,8.5,1.25,16.0,1.7,0.75,454.25,399.75,19.0,6.75,14.25,8.75,15.5,5.75,51.25,38.75,12.75,11.5,3.3333333333333335,9.5,45.5,43.25,3.25,,,1.8,0.9333333333333333,0.8666666666666667,0.6333333333333333,15,51.42857142857143,4.428571428571429,6.428571428571429,14.714285714285714,9.0,5.714285714285714,3.857142857142857,5.285714285714286,16.428571428571427,14.285714285714286,1.7142857142857142,7.428571428571429,2.4285714285714284,23.0,1.9090909090909092,0.2857142857142857,371.42857142857144,288.7142857142857,29.285714285714285,4.285714285714286,15.142857142857142,7.714285714285714,13.285714285714286,5.857142857142857,53.42857142857143,36.42857142857143,23.285714285714285,8.285714285714286,3.142857142857143,9.142857142857142,66.14285714285714,47.57142857142857,2.4285714285714284,,,1627.0,1571.0,56.0,56.0,0.5798997603578815,1663.1995788754134,1546.0880630361464,8.403977963669355,8.0297083584591,0.3742696052102552,1.0466106100623158,0,1,50,3.0,0.0,2026-01-06,Côte d'Ivoire,Burkina Faso,neutral,1627.0,1571.0,True,0.1764842113473654,0.16517953197408217,1571.0
1.3333333333333333,0.6,0.7333333333333333,0.6666666666666666,15,43.5,3.75,6.0,13.5,9.0,4.5,3.75,5.75,16.0,12.0,0.6666666666666666,7.75,1.75,17.5,1.9090909090909092,1.25,313.75,242.75,19.25,4.75,17.25,8.0,27.5,9.5,44.25,31.25,13.25,2.5,2.75,11.5,44.75,42.75,2.5,,,1.8,0.26666666666666666,1.5333333333333334,0.9333333333333333,15,58.733333333333334,6.0,6.333333333333333,15.666666666666666,11.066666666666666,4.6,3.3333333333333335,7.066666666666666,11.76923076923077,12.866666666666667,1.9333333333333333,6.133333333333334,1.2,21.2,1.5384615384615385,0.3333333333333333,509.3333333333333,439.93333333333334,29.2,7.466666666666667,15.0,8.6,21.2,10.066666666666666,51.46666666666667,33.93333333333333,17.8,6.866666666666666,3.7857142857142856,9.666666666666666,68.8,44.2,3.8666666666666667,2.66,0.15333333333333335,1616.0,1842.0,-226.0,-326.0,0.13277910403245627,1626.1146662931621,1882.3542611776122,8.257822516034476,8.441695135640717,-0.18387261960624102,0.9782185193078184,0,0,50,0.0,2.0,2026-01-09,Cameroon,Morocco,host_away,1616.0,1842.0,True,0.017630290467661843,0.08702134767119381,1616.0
1.6,0.6,1.0,0.6,15,50.4,4.2,5.6,13.0,7.8,5.2,3.2,3.0,12.6,16.6,1.6,6.0,1.8,19.6,1.8,0.2,464.0,386.6,22.6,2.6,19.4,12.6,23.2,4.6,59.4,45.8,14.6,10.4,2.6,13.6,63.0,52.8,2.6,4.05,0.02,2.8666666666666667,1.0666666666666667,1.8,0.7666666666666667,15,60.0,6.2,4.666666666666667,13.6,9.533333333333333,4.066666666666666,2.7333333333333334,5.333333333333333,16.416666666666668,14.933333333333334,1.7142857142857142,6.6,1.8,19.4,1.6,0.26666666666666666,474.06666666666666,401.26666666666665,28.333333333333332,4.2,13.533333333333333,7.866666666666666,19.466666666666665,8.2,53.8,35.733333333333334,15.266666666666667,8.2,3.066666666666667,9.0,63.06666666666667,46.666666666666664,3.2,0.95,1.22,1600.0,1812.0,-212.0,-212.0,0.22787132653141615,1648.9361884748237,1798.814292726665,7.827659991463082,8.240723929318845,-0.413063937855763,0.9498752850600705,0,1,50,0.0,1.0,2026-01-09,Mali,Senegal,neutral,1600.0,1812.0,True,0.05192534145518728,0.13453250283411608,1600.0
2.533333333333333,1.2,1.3333333333333333,0.8,15,58.92857142857143,4.533333333333333,4.4,12.0,9.133333333333333,2.8666666666666667,3.066666666666667,5.785714285714286,16.1,13.285714285714286,2.5,6.928571428571429,1.7857142857142858,16.5,1.8571428571428572,0.3333333333333333,526.5,456.07142857142856,27.714285714285715,4.285714285714286,14.714285714285714,8.5,20.642857142857142,7.642857142857143,49.5,34.785714285714285,14.714285714285714,7.642857142857143,3.3846153846153846,8.857142857142858,60.57142857142857,50.57142857142857,3.5714285714285716,1.5,1.33,2.1333333333333333,1.3333333333333333,0.8,0.6666666666666666,15,57.77777777777778,4.555555555555555,4.777777777777778,12.222222222222221,7.555555555555555,4.666666666666667,2.888888888888889,4.777777777777778,17.88888888888889,12.222222222222221,1.7777777777777777,6.888888888888889,0.6666666666666666,20.88888888888889,2.0,0.2222222222222222,437.77777777777777,366.0,29.444444444444443,5.222222222222222,12.11111111111111,6.777777777777778,20.88888888888889,8.0,47.22222222222222,30.444444444444443,16.11111111111111,7.222222222222222,2.6666666666666665,7.666666666666667,63.55555555555556,46.0,2.6666666666666665,0.8,1.13,1775.0,1684.0,91.0,91.0,0.6280448056219418,1766.6176021702095,1678.1298682051722,8.182443185957242,8.299158502792247,-0.11671531683500547,0.985936487802259,0,1,50,0.0,2.0,2026-01-10,Algeria,Nigeria,neutral,1775.0,1684.0,True,0.3944402778687026,0.3032565593673026,1684.0
1.2666666666666666,0.7333333333333333,0.5333333333333333,0.7,15,60.375,5.625,6.0,14.375,8.75,5.625,2.75,4.555555555555555,12.375,13.666666666666666,2.0,6.625,3.25,22.25,2.4545454545454546,0.375,529.5,446.5,26.375,5.625,19.25,9.625,28.375,9.125,53.875,44.125,15.75,11.5,3.25,10.625,72.5,52.75,2.875,0.86,1.95,2.0,0.6,1.4,0.8,15,57.0,3.4,8.0,16.0,10.8,5.2,4.6,6.4,18.8,15.0,2.5,8.0,1.4,15.4,1.7272727272727273,0.6,459.0,405.6,19.6,6.4,15.0,7.8,18.4,5.8,53.0,40.2,14.0,11.4,3.25,10.2,44.6,44.0,3.2,,,1640.0,1664.0,-24.0,-24.0,0.46551605527316847,1664.1804586531578,1692.7368348961556,8.043421228022156,8.403977963669355,-0.36055673564719903,0.9570968965880329,0,1,50,3.0,2.0,2026-01-10,Egypt,Côte d'Ivoire,neutral,1640.0,1664.0,True,0.2856730871707546,0.28355791781375983,1640.0
2.8666666666666667,1.0,1.8666666666666667,0.8,15,60.06666666666667,6.466666666666667,4.8,14.133333333333333,9.733333333333333,4.4,2.8666666666666667,5.4,15.833333333333334,13.666666666666666,1.7857142857142858,6.266666666666667,1.8,18.333333333333332,1.8666666666666667,0.3333333333333333,477.6,408.1333333333333,27.666666666666668,4.066666666666666,13.466666666666667,7.733333333333333,20.8,7.666666666666667,53.86666666666667,34.13333333333333,14.866666666666667,7.8,3.066666666666667,8.533333333333333,61.733333333333334,46.6,3.2,0.95,1.22,1.4,0.8666666666666667,0.5333333333333332,0.7,15,56.888888888888886,5.444444444444445,5.444444444444445,13.444444444444445,8.222222222222221,5.222222222222222,2.5555555555555554,4.4,12.11111111111111,13.8,2.0,6.666666666666667,3.2222222222222223,21.77777777777778,2.4166666666666665,0.3333333333333333,497.3333333333333,417.22222222222223,25.11111111111111,5.111111111111111,20.11111111111111,9.666666666666666,29.77777777777778,8.88888888888889,53.888888888888886,44.44444444444444,15.333333333333334,10.777777777777779,3.111111111111111,11.333333333333334,66.88888888888889,51.44444444444444,2.6666666666666665,0.86,1.95,1823.0,1667.0,156.0,156.0,0.7105400123698378,1813.6523634186813,1691.2306405073787,8.327501972540084,8.043421228022156,0.28408074451792764,1.0353183970433166,0,1,50,1.0,0.0,2026-01-14,Senegal,Egypt,neutral,1823.0,1667.0,True,0.08378708443885367,0.08823455239952234,1667.0
2.2,1.2666666666666666,0.9333333333333336,0.7,15,59.333333333333336,4.666666666666667,5.333333333333333,13.0,8.444444444444445,4.555555555555555,3.0,4.777777777777778,18.22222222222222,13.0,1.6666666666666667,6.888888888888889,0.3333333333333333,19.88888888888889,2.142857142857143,0.3333333333333333,442.77777777777777,370.55555555555554,29.77777777777778,6.111111111111111,13.11111111111111,6.666666666666667,21.333333333333332,8.666666666666666,47.888888888888886,32.0,16.77777777777778,7.0,3.2222222222222223,8.555555555555555,63.0,47.44444444444444,3.0,,,1.8,0.26666666666666666,1.5333333333333334,0.9333333333333333,15,59.6,6.0,6.2,15.666666666666666,11.2,4.466666666666667,3.466666666666667,7.466666666666667,12.461538461538462,13.333333333333334,1.9333333333333333,5.733333333333333,0.9333333333333333,20.933333333333334,1.3846153846153846,0.3333333333333333,511.8666666666667,442.06666666666666,28.6,7.733333333333333,15.733333333333333,8.533333333333333,20.666666666666668,9.933333333333334,51.733333333333334,35.2,17.866666666666667,6.866666666666666,3.5714285714285716,10.266666666666667,68.73333333333333,43.8,4.066666666666666,2.66,0.15333333333333335,1731.0,1852.0,-121.0,-221.0,0.21888459727003834,1724.9793879525569,1890.9030382248454,8.329885805054426,8.441695135640717,-0.11180933058629172,0.986755109158795,0,0,50,2.0,4.0,2026-01-14,Nigeria,Morocco,host_away,1731.0,1852.0,True,0.04791046692206687,0.12098295095843875,1731.0
1.4,0.9333333333333333,0.46666666666666656,0.6666666666666666,15,54.9,5.0,5.0,12.4,7.5,4.9,2.4,4.090909090909091,12.0,13.454545454545455,1.9,7.0,3.2,21.9,2.4166666666666665,0.3,478.1,397.0,24.8,4.9,20.5,9.2,29.6,8.6,54.0,43.8,15.3,10.1,3.111111111111111,11.5,64.2,50.9,2.6,0.86,1.95,2.3333333333333335,1.4666666666666666,0.8666666666666669,0.7,15,58.55555555555556,4.666666666666667,5.222222222222222,12.555555555555555,8.11111111111111,4.444444444444445,2.6666666666666665,4.666666666666667,19.555555555555557,14.0,1.625,7.222222222222222,0.8888888888888888,18.666666666666668,2.0714285714285716,0.3333333333333333,460.44444444444446,388.77777777777777,30.0,6.0,14.0,7.666666666666667,23.11111111111111,8.88888888888889,48.77777777777778,33.888888888888886,16.444444444444443,7.0,3.2222222222222223,8.88888888888889,62.333333333333336,48.333333333333336,2.7777777777777777,,,1653.0,1745.0,-92.0,-92.0,0.37061145278249774,1674.6922684276656,1711.6384140377036,7.740717868169477,7.928600659844524,-0.1878827916750474,0.9763031586864243,0,1,50,2.0,4.0,2026-01-17,Egypt,Nigeria,neutral,1653.0,1745.0,True,0.13735284893355354,0.18876744615583005,1653.0
0.5333333333333333,2.0,-1.4666666666666668,0.3333333333333333,15,45.42857142857143,4.071428571428571,4.285714285714286,12.571428571428571,4.357142857142857,8.214285714285714,4.214285714285714,4.142857142857143,11.1,11.714285714285714,1.3076923076923077,6.785714285714286,4.0,17.285714285714285,1.1666666666666667,0.2857142857142857,339.14285714285717,282.5,20.142857142857142,2.7142857142857144,14.285714285714286,8.0,17.428571428571427,9.428571428571429,48.0,33.57142857142857,6.642857142857143,8.214285714285714,1.0,9.071428571428571,37.357142857142854,41.142857142857146,2.0,0.7949999999999999,2.145,1.9333333333333333,1.4,0.5333333333333334,0.6666666666666666,15,57.266666666666666,5.2,5.333333333333333,14.0,9.6,4.4,3.466666666666667,5.666666666666667,12.5,12.0,1.5,6.933333333333334,2.2666666666666666,18.2,1.4,0.4,465.2,394.26666666666665,27.333333333333332,4.0,14.733333333333333,7.2,19.266666666666666,9.6,50.8,32.86666666666667,13.6,6.733333333333333,2.533333333333333,10.0,62.53333333333333,42.86666666666667,2.8,1.4600000000000002,1.5999999999999999,1666.0,1742.0,-76.0,24.0,0.5344839447268315,1680.1153509196054,1704.3021918356906,6.705692696537703,6.600972895686748,0.10471980085095467,1.0158642979611963,1,0,20,1.0,1.0,2026-01-18,Bolivia,Panama,home,1666.0,1742.0,True,0.0011891424439231682,0.0026780739522124283,1666.0
1.8,1.6666666666666667,0.1333333333333333,0.5,15,51.18181818181818,5.454545454545454,4.818181818181818,12.6,7.4,5.2,2.8,5.363636363636363,13.1,13.0,1.9,7.9,3.8,22.6,1.0909090909090908,0.2,365.2,286.6,28.0,4.7,12.4,5.6,18.2,8.5,48.9,33.7,11.7,9.0,2.1,9.4,63.1,47.8,3.9,0.992,1.656,2.0,1.2666666666666666,0.7333333333333334,0.6,15,53.9,5.2,6.2,15.4,9.9,5.5,4.0,4.8,11.444444444444445,10.4,1.625,5.4,2.6,22.3,1.9,0.9,387.6,320.7,23.8,4.9,16.7,6.1,19.2,8.2,53.3,34.9,13.9,8.4,3.2,9.9,58.6,44.9,2.6666666666666665,1.2,1.135,1122.0,1528.0,-406.0,-306.0,0.14660537788811823,1136.0010472620586,1520.215095800628,4.690196080028514,6.278296208091274,-1.5881001280627602,0.7470491873231362,1,0,20,0.0,1.0,2026-01-18,Grenada,Jamaica,home,1122.0,1528.0,True,0.021493136825717945,0.016136792433387757,1122.0
2.2666666666666666,1.2666666666666666,1.0,0.6333333333333333,15,47.13333333333333,3.7333333333333334,4.4,10.533333333333333,7.066666666666666,3.466666666666667,2.4,4.733333333333333,15.909090909090908,16.533333333333335,2.2,4.533333333333333,1.6,20.066666666666666,2.4285714285714284,0.3333333333333333,342.0,271.3333333333333,17.666666666666668,3.4,20.333333333333332,8.866666666666667,15.333333333333334,8.066666666666666,53.8,41.53333333333333,11.6,5.6,2.857142857142857,12.933333333333334,54.93333333333333,43.0,3.6666666666666665,1.5685714285714287,1.0064285714285715,1.7333333333333334,1.6666666666666667,0.06666666666666665,0.5,15,47.76923076923077,4.0,4.615384615384615,12.25,6.916666666666667,5.333333333333333,3.4166666666666665,4.538461538461538,12.384615384615385,12.538461538461538,2.3333333333333335,8.333333333333334,3.3333333333333335,20.833333333333332,1.5384615384615385,0.16666666666666666,367.3333333333333,297.5833333333333,20.5,4.583333333333333,16.083333333333332,6.833333333333333,26.333333333333332,8.583333333333334,47.583333333333336,33.0,13.0,5.583333333333333,2.0,9.666666666666666,47.666666666666664,43.166666666666664,1.5833333333333333,1.0175,1.5150000000000001,1805.0,1526.0,279.0,379.0,0.8985940288909822,1776.5210653004192,1508.7708175302778,7.166430113843282,6.600972895686748,0.565457218156534,1.0856627086782948,1,0,20,1.0,0.0,2026-01-18,Canada,Guatemala,home,1805.0,1526.0,True,0.01028317097656296,0.02786356080576079,1526.0
2.933333333333333,1.0,1.9333333333333331,0.8333333333333334,15,60.06666666666667,6.666666666666667,4.866666666666666,14.4,9.666666666666666,4.733333333333333,2.8666666666666667,5.6,15.5,13.2,1.8571428571428572,5.733333333333333,1.8,17.8,1.8666666666666667,0.3333333333333333,485.3333333333333,417.53333333333336,28.466666666666665,3.933333333333333,13.666666666666666,7.866666666666666,20.333333333333332,7.466666666666667,53.13333333333333,33.86666666666667,14.4,7.8,3.2857142857142856,8.6,63.0,47.06666666666667,3.066666666666667,0.95,1.22,2.0,0.4,1.6,0.9333333333333333,15,57.46666666666667,5.666666666666667,5.933333333333334,14.8,10.2,4.6,3.2,6.266666666666667,13.153846153846153,14.533333333333333,2.0,5.933333333333334,1.0,21.466666666666665,1.2857142857142858,0.26666666666666666,501.26666666666665,431.2,29.533333333333335,6.733333333333333,16.533333333333335,8.4,21.2,10.133333333333333,51.13333333333333,36.666666666666664,16.266666666666666,6.533333333333333,3.2142857142857144,10.6,66.93333333333334,45.06666666666667,4.333333333333333,2.735,0.125,1837.0,1838.0,-1.0,-101.0,0.35860988804438204,1830.1907354983944,1904.2440121396987,,,,,0,0,50,0.0,3.0,2026-01-18,Senegal,Morocco,host_away,1837.0,1838.0,True,0.12860105180320422,0.18521671993794392,1837.0
1.8666666666666667,1.3333333333333333,0.5333333333333334,0.6666666666666666,15,57.5,5.0,5.214285714285714,13.785714285714286,9.428571428571429,4.357142857142857,3.5714285714285716,5.571428571428571,12.692307692307692,11.785714285714286,1.5384615384615385,6.714285714285714,2.357142857142857,17.928571428571427,1.4285714285714286,0.35714285714285715,469.7857142857143,398.57142857142856,27.928571428571427,4.071428571428571,14.928571428571429,7.5,19.642857142857142,9.5,50.714285714285715,32.92857142857143,13.5,6.785714285714286,2.7142857142857144,10.071428571428571,63.214285714285715,43.357142857142854,2.7857142857142856,1.455,1.6049999999999998,1.2666666666666666,1.1333333333333333,0.1333333333333333,0.6333333333333333,15,56.6,4.6,4.4,12.133333333333333,6.8,5.333333333333333,3.1333333333333333,3.857142857142857,13.333333333333334,13.4,1.3571428571428572,6.2,1.8666666666666667,19.6,2.0,0.3333333333333333,481.6,412.4,23.666666666666668,3.6666666666666665,19.4,8.533333333333333,21.0,9.2,52.0,37.6,12.266666666666667,5.333333333333333,2.5714285714285716,12.266666666666667,48.333333333333336,41.266666666666666,2.2666666666666666,1.302,0.9133333333333334,1733.0,1845.0,-112.0,-12.0,0.4827374755676238,1706.4502841412402,1794.337899114731,6.489114369378919,7.802773725291976,-1.3136593559130567,0.8316420029386536,1,0,20,0.0,1.0,2026-01-23,Panama,Mexico,home,1733.0,1845.0,True,0.23303547031740218,0.13007083738529385,1733.0
0.5333333333333333,2.066666666666667,-1.5333333333333337,0.3,15,46.23076923076923,3.769230769230769,4.384615384615385,12.461538461538462,4.461538461538462,8.0,4.3076923076923075,4.076923076923077,11.333333333333334,12.0,1.3333333333333333,6.384615384615385,3.6153846153846154,17.307692307692307,1.1818181818181819,0.23076923076923078,346.6923076923077,288.84615384615387,20.384615384615383,2.6923076923076925,14.76923076923077,8.307692307692308,16.76923076923077,9.615384615384615,48.53846153846154,34.61538461538461,6.923076923076923,8.538461538461538,1.0769230769230769,9.384615384615385,37.23076923076923,42.30769230769231,2.076923076923077,0.7949999999999999,2.145,1.2,1.0666666666666667,0.1333333333333333,0.6333333333333333,15,58.266666666666666,4.466666666666667,4.333333333333333,11.733333333333333,6.733333333333333,5.0,2.933333333333333,4.285714285714286,13.583333333333334,13.4,1.4285714285714286,6.2,1.7333333333333334,19.333333333333332,2.1333333333333333,0.3333333333333333,498.8,430.06666666666666,23.533333333333335,4.066666666666666,18.933333333333334,7.866666666666666,19.0,8.6,52.2,37.13333333333333,11.2,5.266666666666667,2.5714285714285716,12.466666666666667,49.6,41.2,2.3333333333333335,1.236,0.8480000000000001,1665.0,1845.0,-180.0,-80.0,0.3868631798468569,1677.9672586140557,1804.686380412573,6.659250468772661,7.825426117767823,-1.1661756489951625,0.8509760834177027,1,0,20,0.0,1.0,2026-01-25,Bolivia,Mexico,home,1665.0,1845.0,True,0.14966311992122155,0.11692589160538565,1665.0
1.7333333333333334,0.8,0.9333333333333333,0.7333333333333333,15,44.416666666666664,4.818181818181818,5.636363636363637,13.333333333333334,8.222222222222221,5.111111111111111,3.090909090909091,4.076923076923077,11.363636363636363,8.923076923076923,2.1666666666666665,7.2727272727272725,3.111111111111111,19.90909090909091,1.4,0.2727272727272727,427.8888888888889,347.3333333333333,26.88888888888889,4.777777777777778,13.0,9.11111111111111,20.11111111111111,7.777777777777778,48.55555555555556,26.555555555555557,15.333333333333334,5.444444444444445,2.7777777777777777,9.666666666666666,62.44444444444444,49.666666666666664,2.111111111111111,1.6866666666666665,0.9666666666666667,0.6,1.8,-1.2000000000000002,0.3,15,36.2,2.1333333333333333,3.2,8.266666666666667,5.2,3.066666666666667,2.933333333333333,3.533333333333333,12.0,8.333333333333334,2.142857142857143,9.8,2.933333333333333,18.933333333333334,2.066666666666667,0.13333333333333333,300.6666666666667,223.8,24.133333333333333,2.8666666666666667,14.066666666666666,10.933333333333334,25.733333333333334,7.466666666666667,47.666666666666664,32.733333333333334,17.133333333333333,7.0,1.1666666666666667,10.833333333333334,52.416666666666664,41.833333333333336,1.6363636363636365,0.8533333333333332,1.26,1735.0,1403.0,332.0,432.0,0.9232106803028998,1723.124061722131,1392.7549751145084,,,,,1,0,20,2.0,2.0,2026-01-26,Uzbekistan,China,home,1735.0,1403.0,True,0.17910727992244324,0.07720836845155553,1403.0
1.1333333333333333,0.8,0.33333333333333326,0.7,15,58.46666666666667,4.266666666666667,4.133333333333334,11.266666666666667,6.466666666666667,4.8,2.933333333333333,4.357142857142857,13.5,13.266666666666667,1.3571428571428572,6.6,1.8666666666666667,19.0,2.2,0.3333333333333333,500.1333333333333,431.8666666666667,24.266666666666666,4.266666666666667,18.8,7.866666666666666,18.733333333333334,9.0,52.333333333333336,36.53333333333333,11.533333333333333,4.933333333333334,2.357142857142857,12.466666666666667,48.733333333333334,40.733333333333334,2.3333333333333335,1.1953333333333334,0.7560000000000001,1.7333333333333334,2.066666666666667,-0.3333333333333335,0.3333333333333333,15,49.06666666666667,3.933333333333333,4.0,10.2,5.866666666666666,4.333333333333333,2.2666666666666666,3.6,11.6,10.933333333333334,0.9333333333333333,6.666666666666667,3.8666666666666667,15.733333333333333,2.1333333333333333,0.26666666666666666,438.6666666666667,358.8666666666667,23.133333333333333,3.8,13.933333333333334,7.933333333333334,26.6,5.266666666666667,50.06666666666667,29.8,14.0,5.733333333333333,1.9333333333333333,8.466666666666667,51.2,45.733333333333334,2.1333333333333333,1.1766666666666665,1.9,1857.0,1562.0,295.0,395.0,0.9066840316615196,1813.918854771134,1592.930483531186,7.854306041801081,6.45071087814692,1.4035951636541615,1.2175876721446504,1,0,20,4.0,0.0,2026-02-26,Mexico,Iceland,home,1857.0,1562.0,True,0.008707869946948284,0.010897490791077113,1562.0
0.5333333333333333,1.7333333333333334,-1.2000000000000002,0.3,15,47.69230769230769,4.0,4.769230769230769,13.153846153846153,5.0,8.153846153846153,4.384615384615385,4.384615384615385,11.11111111111111,12.153846153846153,1.3333333333333333,6.3076923076923075,3.3846153846153846,18.384615384615383,1.1818181818181819,0.3076923076923077,350.15384615384613,292.3076923076923,21.0,2.923076923076923,15.153846153846153,7.615384615384615,17.307692307692307,9.846153846153847,48.46153846153846,35.07692307692308,6.6923076923076925,8.461538461538462,1.0769230769230769,9.846153846153847,38.76923076923077,43.23076923076923,2.230769230769231,0.7466666666666666,1.67,1.6,1.6666666666666667,-0.06666666666666665,0.4666666666666667,15,49.72727272727273,5.636363636363637,5.7272727272727275,14.272727272727273,9.181818181818182,5.090909090909091,2.909090909090909,5.454545454545454,10.8,10.818181818181818,1.4545454545454546,7.636363636363637,3.4545454545454546,19.818181818181817,1.5454545454545454,0.6363636363636364,341.6363636363636,275.45454545454544,22.545454545454547,2.909090909090909,16.818181818181817,8.363636363636363,22.818181818181817,9.545454545454545,50.63636363636363,35.81818181818182,12.818181818181818,8.545454545454545,2.090909090909091,10.272727272727273,53.09090909090909,45.36363636363637,2.4,0.5333333333333333,2.56,1657.0,1403.0,254.0,354.0,0.8847078164911643,1668.7347842554948,1410.7470892908002,6.662757831681574,5.910090545594068,0.7526672860875063,1.127352919600972,1,0,20,3.0,0.0,2026-03-15,Bolivia,Trinidad and Tobago,home,1657.0,1403.0,True,0.013292287578235057,0.02136169364724302,1403.0
0.8,2.0,-1.2,0.26666666666666666,15,41.76923076923077,2.923076923076923,4.538461538461538,11.153846153846153,5.846153846153846,5.3076923076923075,3.6923076923076925,4.230769230769231,13.25,8.692307692307692,1.3,7.923076923076923,4.538461538461538,18.384615384615383,2.230769230769231,0.5384615384615384,360.61538461538464,290.46153846153845,30.46153846153846,2.8461538461538463,17.76923076923077,10.23076923076923,27.384615384615383,10.076923076923077,45.84615384615385,34.0,11.461538461538462,7.769230769230769,1.0,10.692307692307692,45.38461538461539,49.30769230769231,0.8461538461538461,0.9376923076923078,1.9284615384615384,0.8,1.2666666666666666,-0.46666666666666656,0.36666666666666664,15,50.375,2.625,6.625,12.4,7.4,5.0,2.4,4.5,12.0,14.625,1.5,10.0,2.0,25.4,2.0833333333333335,0.6,343.0,264.0,24.2,4.2,18.0,8.2,9.0,12.4,47.6,35.6,9.4,3.6,0.6,11.4,62.0,41.0,2.0,0.6725,1.1325,1410.0,1311.0,99.0,99.0,0.6387377491117249,1433.9200019632067,1338.6930858016867,6.995854479874565,6.314499227973152,0.6813552519014134,1.1079032916629428,0,1,30,2.0,0.0,2026-03-25,Kazakhstan,Namibia,neutral,1410.0,1311.0,True,0.13051041391686305,0.14766619691558192,1311.0
0.4,1.8,-1.4,0.1,5,,,,,,,,,,,,,,,,,,,,,,,,,,,,,,,,,,,,0.6666666666666666,2.0,-1.3333333333333335,0.26666666666666666,15,39.285714285714285,2.7142857142857144,5.285714285714286,6.8,2.2,4.6,0.8,3.2857142857142856,11.571428571428571,8.714285714285714,1.7142857142857142,12.8,4.2,17.4,1.2727272727272727,0.0,313.8,237.8,21.0,1.6,17.8,9.8,20.0,6.8,42.2,29.2,6.4,4.0,0.4,11.8,44.0,49.2,1.2,0.42800000000000005,2.07,1139.0,1286.0,-147.0,-47.0,0.4327711556570478,1094.3072387538632,1180.509585927446,,,,,1,0,50,2.0,0.0,2026-03-25,Eritrea,Eswatini,home,1139.0,1286.0,True,0.32174856185464107,0.3149801108211432,1139.0
1.0666666666666667,1.8,-0.7333333333333334,0.3,15,38.38461538461539,3.0,3.6666666666666665,9.454545454545455,4.0,5.454545454545454,2.4166666666666665,3.3846153846153846,11.846153846153847,9.846153846153847,1.0833333333333333,11.083333333333334,3.5454545454545454,19.083333333333332,1.5454545454545454,0.16666666666666666,360.27272727272725,276.90909090909093,28.363636363636363,3.272727272727273,14.818181818181818,10.272727272727273,21.272727272727273,7.181818181818182,46.72727272727273,29.90909090909091,13.272727272727273,5.636363636363637,0.5454545454545454,10.454545454545455,53.27272727272727,47.27272727272727,1.3636363636363635,,,0.8666666666666667,1.4,-0.5333333333333332,0.3333333333333333,15,50.0,2.0,3.4,7.0,3.8,3.2,1.6,2.75,13.5,15.25,2.0,11.25,2.25,18.0,2.0,0.0,365.75,294.25,20.0,0.75,11.5,6.5,19.0,9.0,45.25,30.75,8.25,4.25,1.0,7.75,45.25,39.25,3.0,0.29,2.05,1313.0,1382.0,-69.0,31.0,0.544494573083008,1325.4784433302118,1389.5208251833683,6.402777069610347,7.041747871723266,-0.6389708021129188,0.9092596307404359,1,0,20,0.0,1.0,2026-03-25,Kyrgyzstan,Equatorial Guinea,home,1313.0,1382.0,True,0.2964743401168471,0.20644771138330797,1313.0
1.7333333333333334,0.9333333333333333,0.8,0.7,15,42.22222222222222,3.4444444444444446,6.888888888888889,13.444444444444445,7.888888888888889,5.555555555555555,3.111111111111111,4.333333333333333,17.0,13.0,1.7777777777777777,9.11111111111111,2.5555555555555554,18.11111111111111,1.3846153846153846,0.0,329.8888888888889,259.77777777777777,25.555555555555557,4.333333333333333,14.333333333333334,7.666666666666667,22.555555555555557,7.555555555555555,47.55555555555556,30.555555555555557,13.666666666666666,4.888888888888889,2.375,8.666666666666666,60.333333333333336,45.0,2.7777777777777777,,,1.8,2.7333333333333334,-0.9333333333333333,0.43333333333333335,15,46.76923076923077,5.538461538461538,3.4615384615384617,11.23076923076923,7.153846153846154,4.076923076923077,2.230769230769231,4.153846153846154,12.75,12.384615384615385,1.3636363636363635,8.923076923076923,3.923076923076923,17.615384615384617,1.6923076923076923,0.46153846153846156,326.6923076923077,260.61538461538464,21.0,3.0,15.307692307692308,7.230769230769231,23.923076923076923,9.461538461538462,47.23076923076923,33.92307692307692,7.923076923076923,6.6923076923076925,2.3846153846153846,10.0,48.30769230769231,46.30769230769231,2.769230769230769,2.338,1.6780000000000002,1639.0,1119.0,520.0,620.0,0.9725887253726934,1680.467689469557,1122.698311973493,,,,,1,0,20,2.0,0.0,2026-03-25,DR Congo,Bermuda,home,1639.0,1119.0,True,0.0007513779766936245,0.010931993956330464,1119.0
2.0,1.2666666666666666,0.7333333333333334,0.6333333333333333,15,61.4,5.8,3.533333333333333,12.533333333333333,8.8,3.7333333333333334,3.2,5.533333333333333,10.466666666666667,11.666666666666666,0.8461538461538461,7.2,1.5333333333333334,18.4,2.066666666666667,0.26666666666666666,523.2666666666667,457.73333333333335,20.8,5.4,12.6,6.533333333333333,22.066666666666666,6.466666666666667,51.86666666666667,31.0,11.533333333333333,7.2,3.066666666666667,7.4,62.0,41.333333333333336,2.6666666666666665,1.9200000000000004,1.4913333333333334,1.6,1.4666666666666666,0.13333333333333353,0.5333333333333333,15,45.15384615384615,3.769230769230769,5.3076923076923075,12.153846153846153,8.23076923076923,3.923076923076923,3.076923076923077,3.3846153846153846,15.23076923076923,13.538461538461538,1.6666666666666667,8.23076923076923,2.4615384615384617,19.53846153846154,2.6153846153846154,0.38461538461538464,369.6923076923077,290.0769230769231,23.307692307692307,4.230769230769231,13.538461538461538,7.153846153846154,27.615384615384617,7.615384615384615,51.30769230769231,33.53846153846154,16.384615384615383,7.769230769230769,2.076923076923077,7.384615384615385,52.84615384615385,43.0,2.6923076923076925,1.47,1.7238461538461538,1715.0,1572.0,143.0,243.0,0.8019966441144332,1721.7205351431007,1579.8381853387161,8.23149507644823,7.898725176105978,0.3327699003422522,1.0421295706488052,1,0,40,3.0,5.0,2026-03-26,Wales,Bosnia & Herzegovina,home,1715.0,1572.0,True,0.6431986171708127,0.5608571588703325,1572.0
1.6,1.7333333333333334,-0.1333333333333333,0.5666666666666667,15,47.785714285714285,4.642857142857143,4.571428571428571,11.785714285714286,7.214285714285714,4.571428571428571,2.5714285714285716,4.357142857142857,11.785714285714286,10.0,1.6153846153846154,9.0,2.7142857142857144,17.428571428571427,2.3076923076923075,0.35714285714285715,419.92857142857144,343.85714285714283,23.642857142857142,3.642857142857143,18.642857142857142,7.928571428571429,22.142857142857142,6.571428571428571,50.142857142857146,33.142857142857146,11.5,5.142857142857143,2.5384615384615383,11.357142857142858,53.357142857142854,44.57142857142857,1.6428571428571428,1.3592857142857142,1.4799999999999998,2.066666666666667,1.3333333333333333,0.7333333333333336,0.5666666666666667,15,59.4,6.0,5.4,15.6,11.0,4.6,4.2,7.133333333333334,14.333333333333334,11.866666666666667,2.0,6.133333333333334,2.8666666666666667,21.133333333333333,1.9333333333333333,0.5333333333333333,536.7333333333333,453.3333333333333,20.0,4.266666666666667,13.733333333333333,8.333333333333334,16.066666666666666,9.733333333333333,48.333333333333336,33.733333333333334,10.866666666666667,8.533333333333333,2.7333333333333334,9.333333333333334,65.2,53.666666666666664,2.4,2.004,1.3773333333333335,1802.0,1660.0,142.0,242.0,0.8010809398289457,1792.9794024086195,1664.8270046904645,8.32715451240943,8.29598469921263,0.03116981319680079,1.0037572168135458,1,0,40,1.0,3.0,2026-03-26,Ukraine,Sweden,home,1802.0,1660.0,True,0.6417306721572269,0.5122944566510357,1660.0
2.2666666666666666,1.4,0.8666666666666667,0.7333333333333333,15,56.4,5.466666666666667,5.666666666666667,16.2,9.066666666666666,7.133333333333334,5.066666666666666,5.866666666666666,10.266666666666667,11.866666666666667,2.0,6.066666666666666,2.7333333333333334,18.2,2.2857142857142856,0.4,504.26666666666665,428.46666666666664,22.733333333333334,3.8666666666666667,14.6,8.333333333333334,18.2,8.066666666666666,53.666666666666664,35.2,12.666666666666666,9.266666666666667,2.4,9.733333333333333,57.6,45.8,2.6153846153846154,1.7206666666666666,1.1633333333333333,2.4,1.1333333333333333,1.2666666666666666,0.7,15,56.2,5.866666666666666,5.4,14.533333333333333,9.4,5.133333333333334,3.2666666666666666,5.133333333333334,12.538461538461538,13.666666666666666,1.2666666666666666,6.4,2.4,23.2,1.6666666666666667,0.4,480.6,400.06666666666666,25.666666666666668,3.7333333333333334,14.666666666666666,7.4,18.6,9.0,50.6,36.733333333333334,10.733333333333333,8.933333333333334,3.5714285714285716,7.933333333333334,53.0,47.2,2.8666666666666667,2.026,0.9846666666666668,1880.0,1642.0,238.0,338.0,0.8749753069983639,1884.9427007229406,1663.321207888497,8.488973524726509,7.851869600729766,0.6371039239967429,1.0811404106784364,1,0,40,1.0,0.0,2026-03-26,Türkiye,Romania,home,1880.0,1642.0,True,0.015631173860153356,0.03052464325387289,1642.0
0.8,1.7333333333333334,-0.9333333333333333,0.43333333333333335,15,47.0,3.0,3.4166666666666665,9.0,4.5,4.5,2.5833333333333335,2.5,13.25,15.0,1.4545454545454546,8.25,3.5,20.25,2.727272727272727,0.08333333333333333,394.8333333333333,313.3333333333333,25.0,2.5,15.916666666666666,7.916666666666667,22.583333333333332,7.166666666666667,48.666666666666664,36.833333333333336,13.833333333333334,7.25,1.4166666666666667,10.333333333333334,45.666666666666664,46.0,1.25,0.7975,2.0258333333333334,0.4,1.4666666666666666,-1.0666666666666664,0.2,15,48.714285714285715,2.857142857142857,3.857142857142857,9.285714285714286,4.928571428571429,4.357142857142857,2.5714285714285716,3.5,14.692307692307692,12.214285714285714,1.3333333333333333,7.071428571428571,2.9285714285714284,19.785714285714285,3.357142857142857,0.2857142857142857,410.5,332.07142857142856,24.785714285714285,2.2857142857142856,13.785714285714286,10.642857142857142,23.357142857142858,8.214285714285714,47.642857142857146,31.785714285714285,12.785714285714286,6.642857142857143,1.5714285714285714,7.714285714285714,49.142857142857146,45.42857142857143,1.7142857142857142,0.8700000000000002,1.3814285714285715,1278.0,1395.0,-117.0,-17.0,0.47555453887933863,1281.9833817444712,1409.8084287641716,6.991093108048887,7.465457210575713,-0.4743641025268257,0.9364588009620051,1,0,30,0.0,2.0,2026-03-26,Malta,Luxembourg,home,1278.0,1395.0,True,0.2261521194487404,0.153867075235519,1278.0
0.7333333333333333,2.533333333333333,-1.7999999999999998,0.26666666666666666,15,38.916666666666664,2.9166666666666665,4.083333333333333,9.75,5.666666666666667,4.083333333333333,2.75,3.4166666666666665,13.545454545454545,11.75,1.2727272727272727,9.166666666666666,4.545454545454546,17.416666666666668,2.1666666666666665,0.08333333333333333,320.9166666666667,239.33333333333334,22.416666666666668,3.75,14.416666666666666,10.416666666666666,30.5,6.916666666666667,49.0,31.083333333333332,17.416666666666668,5.416666666666667,1.0909090909090908,7.833333333333333,42.083333333333336,46.083333333333336,1.5833333333333333,0.8458333333333335,2.7108333333333334,0.6666666666666666,2.0,-1.3333333333333335,0.13333333333333333,15,44.53333333333333,3.0,4.2,8.8,4.666666666666667,4.133333333333334,1.6,2.2,15.866666666666667,14.333333333333334,1.6363636363636365,7.133333333333334,3.2,18.933333333333334,2.1333333333333333,0.26666666666666666,359.53333333333336,278.2,24.6,2.6,14.4,9.2,29.8,7.533333333333333,47.46666666666667,33.4,16.266666666666666,5.0,0.9333333333333333,9.0,51.266666666666666,46.666666666666664,2.6666666666666665,0.7433333333333335,1.6346666666666667,1288.0,1277.0,11.0,111.0,0.654519994382466,1294.8510023492124,1264.3842851834486,6.719331286983727,7.101403350555331,-0.38207206357160395,0.9461976676002039,1,0,20,0.0,2.0,2026-03-26,Moldova,Lithuania,home,1288.0,1277.0,True,0.42839642304642334,0.29482005287242546,1277.0
1.0666666666666667,1.2666666666666666,-0.19999999999999996,0.5333333333333333,15,49.857142857142854,4.357142857142857,4.142857142857143,11.785714285714286,8.142857142857142,3.642857142857143,3.2857142857142856,4.642857142857143,11.461538461538462,14.642857142857142,1.75,8.0,3.7142857142857144,17.928571428571427,1.4615384615384615,0.5,459.92857142857144,384.85714285714283,22.642857142857142,3.2857142857142856,14.857142857142858,9.428571428571429,23.785714285714285,5.642857142857143,51.642857142857146,35.642857142857146,8.857142857142858,6.785714285714286,2.4285714285714284,8.571428571428571,49.5,46.785714285714285,2.9285714285714284,1.5935714285714282,1.6335714285714287,2.0,1.0,1.0,0.8,15,45.61538461538461,4.461538461538462,4.846153846153846,11.923076923076923,7.461538461538462,4.461538461538462,2.6153846153846154,3.4615384615384617,11.384615384615385,11.538461538461538,1.5833333333333333,7.6923076923076925,3.0,18.46153846153846,2.230769230769231,0.15384615384615385,408.38461538461536,329.7692307692308,28.153846153846153,3.5384615384615383,13.307692307692308,8.923076923076923,22.846153846153847,6.3076923076923075,50.23076923076923,32.61538461538461,12.153846153846153,8.076923076923077,1.5384615384615385,8.384615384615385,52.92307692307692,51.61538461538461,1.6666666666666667,1.2061538461538461,0.9615384615384616,1687.0,1714.0,-27.0,73.0,0.6035363185261781,1708.5738929268034,1708.331463333238,7.9855387383932825,7.850247898240141,0.1352908401531412,1.0172339576924023,1,0,40,3.0,4.0,2026-03-26,Slovakia,Kosovo,home,1687.0,1714.0,True,0.36425608778013224,0.28110999946386406,1687.0
2.3333333333333335,1.6,0.7333333333333334,0.6666666666666666,15,57.13333333333333,6.066666666666666,6.133333333333334,16.933333333333334,11.6,5.333333333333333,4.733333333333333,5.533333333333333,11.285714285714286,13.0,1.3333333333333333,5.933333333333334,2.2,17.0,1.6428571428571428,0.4,531.0,466.73333333333335,26.266666666666666,6.933333333333334,13.2,5.933333333333334,15.666666666666666,6.6,51.86666666666667,30.666666666666668,10.2,4.866666666666666,3.3333333333333335,7.8,54.8,40.6,3.2,2.05,1.1026666666666667,1.3333333333333333,1.1333333333333333,0.19999999999999996,0.5,15,40.13333333333333,3.4,4.4,9.8,6.266666666666667,3.533333333333333,2.0,4.466666666666667,13.533333333333333,15.066666666666666,1.2666666666666666,6.8,1.6666666666666667,20.866666666666667,2.2,0.4,320.73333333333335,241.53333333333333,20.0,3.2666666666666666,16.8,8.6,23.2,6.8,51.86666666666667,38.2,14.666666666666666,7.0,2.066666666666667,10.666666666666666,46.86666666666667,43.733333333333334,2.8666666666666667,0.9766666666666667,1.1646666666666667,1859.0,1603.0,256.0,356.0,0.8858769425858495,1882.8328894287383,1618.008087452501,8.665580991017952,7.802842112739074,0.8627388782788783,1.1105672607254675,1,0,40,2.0,0.0,2026-03-26,Italy,Northern Ireland,home,1859.0,1603.0,True,0.013024072233553495,0.02815542257241265,1603.0
0.5333333333333333,2.3333333333333335,-1.8000000000000003,0.2,15,34.083333333333336,1.5,2.75,5.083333333333333,2.6666666666666665,2.4166666666666665,0.8333333333333334,2.4166666666666665,10.583333333333334,14.0,2.0833333333333335,9.916666666666666,3.9166666666666665,18.666666666666668,2.727272727272727,0.3333333333333333,246.0,164.16666666666666,20.916666666666668,1.4166666666666667,13.5,8.5,35.75,7.416666666666667,47.916666666666664,32.416666666666664,13.916666666666666,5.833333333333333,0.8333333333333334,7.333333333333333,44.166666666666664,42.5,2.9166666666666665,0.5925,2.648333333333333,0.5333333333333333,1.4666666666666666,-0.9333333333333332,0.3,15,43.30769230769231,2.3846153846153846,3.4615384615384617,8.384615384615385,5.538461538461538,2.8461538461538463,2.5384615384615383,3.076923076923077,11.076923076923077,10.076923076923077,1.3846153846153846,9.76923076923077,3.5,19.0,1.9230769230769231,0.07692307692307693,399.15384615384613,324.3076923076923,23.307692307692307,3.3076923076923075,15.23076923076923,7.153846153846154,28.307692307692307,5.461538461538462,50.38461538461539,28.53846153846154,14.076923076923077,4.461538461538462,1.5,8.615384615384615,43.84615384615385,41.46153846153846,1.3846153846153846,0.9046153846153846,1.7923076923076917,1017.0,1286.0,-269.0,-169.0,0.27431435372821295,978.8158912216716,1301.191065113962,5.912753303671323,6.723455672035186,-0.810702368363863,0.8794217723877008,1,0,30,0.0,1.0,2026-03-26,Gibraltar,Latvia,home,1017.0,1286.0,True,0.07524836466132713,0.13186107737413535,1017.0
1.4,1.4666666666666666,-0.06666666666666665,0.4,15,55.53846153846154,3.8461538461538463,5.461538461538462,12.692307692307692,7.384615384615385,5.3076923076923075,3.3846153846153846,5.153846153846154,10.0,11.846153846153847,1.0909090909090908,7.230769230769231,1.9230769230769231,19.23076923076923,1.9230769230769231,0.5384615384615384,543.3846153846154,474.53846153846155,25.846153846153847,3.230769230769231,13.692307692307692,8.615384615384615,16.0,9.153846153846153,49.23076923076923,35.38461538461539,9.0,10.384615384615385,2.0833333333333335,8.153846153846153,54.76923076923077,46.61538461538461,2.0,1.2653846153846153,1.176923076923077,1.6,2.0,-0.3999999999999999,0.4666666666666667,15,47.42857142857143,4.571428571428571,3.7142857142857144,11.142857142857142,6.142857142857143,5.0,2.857142857142857,4.071428571428571,10.076923076923077,10.857142857142858,1.7857142857142858,8.428571428571429,3.142857142857143,14.214285714285714,1.3076923076923077,0.35714285714285715,432.85714285714283,367.0,19.642857142857142,1.6428571428571428,17.428571428571427,6.785714285714286,22.571428571428573,6.214285714285714,50.857142857142854,34.357142857142854,7.5,6.285714285714286,2.0714285714285716,11.285714285714286,39.57142857142857,42.5,1.7142857142857142,1.3249999999999997,1.7828571428571427,1650.0,1631.0,19.0,119.0,0.6648579785547648,1666.246969465926,1608.1962523772365,8.222170008681765,7.739018245883481,0.48315176279828354,1.06243062717358,1,0,20,2.0,2.0,2026-03-26,Georgia,Israel,home,1650.0,1631.0,True,0.027178153093163293,0.025976421858534455,1631.0
1.8666666666666667,0.8666666666666667,1.0,0.7333333333333333,15,53.42857142857143,5.714285714285714,5.714285714285714,15.571428571428571,10.428571428571429,5.071428571428571,4.142857142857143,6.285714285714286,14.428571428571429,9.714285714285714,2.3333333333333335,5.571428571428571,2.357142857142857,20.357142857142858,1.8571428571428572,0.42857142857142855,434.7857142857143,352.14285714285717,27.428571428571427,7.571428571428571,14.571428571428571,9.071428571428571,20.071428571428573,6.571428571428571,49.92857142857143,28.857142857142858,18.214285714285715,5.357142857142857,3.0714285714285716,8.357142857142858,61.785714285714285,51.785714285714285,2.0714285714285716,1.8307142857142857,0.9571428571428572,1.1333333333333333,1.3333333333333333,-0.19999999999999996,0.5666666666666667,15,43.53333333333333,3.8,4.533333333333333,10.666666666666666,7.8,2.8666666666666667,2.3333333333333335,3.533333333333333,11.428571428571429,10.533333333333333,2.3333333333333335,8.533333333333333,3.466666666666667,19.333333333333332,2.7142857142857144,0.3333333333333333,387.93333333333334,312.0,21.6,5.6,13.866666666666667,6.266666666666667,21.266666666666666,8.2,51.266666666666666,29.2,18.0,5.466666666666667,2.2857142857142856,8.6,51.46666666666667,42.06666666666667,1.7333333333333334,1.2966666666666666,1.5186666666666668,1844.0,1688.0,156.0,256.0,0.8136122105055869,1749.1150976963606,1696.43082206042,7.9565045903166975,8.126537252055469,-0.1700326617387713,0.979076861833647,1,0,40,6.0,5.0,2026-03-26,Czechia,Ireland,home,1844.0,1688.0,True,0.034740408072613665,0.06504540915655921,1688.0
1.2,2.1333333333333333,-0.9333333333333333,0.3,15,47.38461538461539,4.384615384615385,5.230769230769231,13.076923076923077,8.76923076923077,4.3076923076923075,3.4615384615384617,5.076923076923077,12.461538461538462,14.846153846153847,2.076923076923077,6.538461538461538,3.3846153846153846,20.076923076923077,2.769230769230769,0.46153846153846156,393.38461538461536,316.61538461538464,23.0,5.3076923076923075,17.153846153846153,9.923076923076923,22.076923076923077,7.769230769230769,51.92307692307692,40.0,12.846153846153847,8.538461538461538,2.3076923076923075,10.692307692307692,53.0,48.92307692307692,2.75,1.6461538461538463,1.6146153846153846,1.2666666666666666,1.7333333333333334,-0.4666666666666668,0.43333333333333335,15,40.06666666666667,3.8,3.6666666666666665,10.5,6.5,4.0,3.357142857142857,4.266666666666667,14.857142857142858,12.357142857142858,1.6428571428571428,9.214285714285714,4.285714285714286,18.214285714285715,2.2666666666666666,0.14285714285714285,344.92857142857144,266.35714285714283,24.357142857142858,3.5,17.357142857142858,9.714285714285714,25.428571428571427,6.928571428571429,49.642857142857146,35.357142857142854,14.428571428571429,6.785714285714286,0.9285714285714286,8.857142857142858,45.857142857142854,44.0,2.076923076923077,0.9846666666666665,1.8219999999999998,1302.0,1496.0,-194.0,-94.0,0.3679299878999264,1304.4713999370515,1472.5531320937225,6.941511432634403,6.982949288574499,-0.04143785594009586,0.9940658518016311,1,0,20,0.0,1.0,2026-03-26,Cyprus,Belarus,home,1302.0,1496.0,True,0.13537247599604,0.18703094707863166,1302.0
2.066666666666667,1.2,0.8666666666666669,0.6,15,56.86666666666667,5.866666666666666,5.0,16.2,10.133333333333333,6.066666666666666,5.333333333333333,7.666666666666667,10.333333333333334,13.0,1.0666666666666667,7.266666666666667,2.2,17.866666666666667,1.6666666666666667,0.4666666666666667,551.4666666666667,479.26666666666665,22.6,5.533333333333333,17.0,8.066666666666666,20.133333333333333,9.066666666666666,52.733333333333334,36.46666666666667,13.333333333333334,7.0,2.533333333333333,10.4,62.06666666666667,49.8,2.6666666666666665,1.9213333333333333,1.3813333333333333,1.5333333333333334,0.8,0.7333333333333334,0.7,15,47.42857142857143,4.285714285714286,3.5714285714285716,11.142857142857142,6.428571428571429,4.714285714285714,3.2857142857142856,4.0,10.538461538461538,12.642857142857142,2.4615384615384617,8.857142857142858,2.9285714285714284,18.214285714285715,2.5,0.14285714285714285,387.92857142857144,312.07142857142856,25.142857142857142,3.0714285714285716,14.857142857142858,6.857142857142857,25.071428571428573,8.571428571428571,49.857142857142854,33.857142857142854,11.071428571428571,7.857142857142857,2.2142857142857144,9.928571428571429,53.285714285714285,45.5,1.9285714285714286,1.1646153846153846,1.3461538461538463,1865.0,1518.0,347.0,447.0,0.9291127058412668,1872.2681981067522,1608.2759133797772,8.385606273598313,7.431604971875214,0.9540013017230988,1.1283708304375033,1,0,40,4.0,0.0,2026-03-26,Denmark,North Macedonia,home,1865.0,1518.0,True,0.0050250084731467675,0.011178039520620908,1518.0
1.6666666666666667,0.9333333333333333,0.7333333333333334,0.6,15,61.666666666666664,4.4,4.666666666666667,13.066666666666666,8.2,4.866666666666666,4.0,5.133333333333334,11.916666666666666,14.0,1.25,5.266666666666667,2.066666666666667,17.866666666666667,1.9285714285714286,0.4666666666666667,518.2,456.8666666666667,21.266666666666666,3.3333333333333335,16.0,6.0,15.4,6.666666666666667,53.13333333333333,37.53333333333333,10.4,8.0,2.2142857142857144,9.933333333333334,53.8,42.06666666666667,3.2666666666666666,1.8775,0.8999999999999999,2.6666666666666665,1.2,1.4666666666666666,0.8,15,61.46666666666667,7.2,7.533333333333333,19.933333333333334,13.4,6.533333333333333,5.2,7.133333333333334,10.866666666666667,12.6,0.8571428571428571,4.4,1.8666666666666667,19.2,2.0,0.5333333333333333,606.0666666666667,543.3333333333334,24.2,5.0,15.6,7.333333333333333,12.333333333333334,10.6,51.93333333333333,38.266666666666666,12.4,10.333333333333334,3.933333333333333,9.666666666666666,70.13333333333334,49.4,3.7333333333333334,2.2800000000000002,1.022,1978.0,2063.0,-85.0,15.0,0.5215733330511455,1962.5354814105813,2088.788273637337,8.698274576674368,8.917610525749867,-0.21933594907549825,0.9754041793547544,1,0,20,1.0,2.0,2026-03-26,Brazil,France,home,1978.0,2063.0,True,0.27203874175008114,0.11597057184693085,1978.0
0.4,1.4666666666666666,-1.0666666666666664,0.23333333333333334,15,43.142857142857146,2.8,2.4,6.6,3.4,3.2,1.4,3.142857142857143,10.0,8.142857142857142,1.8571428571428572,8.4,2.2,16.0,2.5714285714285716,0.0,316.8,252.8,14.8,3.4,8.6,10.8,17.2,7.6,38.4,36.2,9.6,8.6,0.0,10.5,36.5,49.0,1.0,0.4825,1.2149999999999999,1.0,2.6666666666666665,-1.6666666666666665,0.3333333333333333,15,46.0,3.75,5.25,12.0,5.875,6.125,3.0,1.75,12.125,6.75,1.8571428571428572,12.75,3.625,22.25,1.75,0.25,327.375,252.0,24.625,3.75,11.75,10.0,16.75,9.0,42.5,31.375,12.25,6.875,1.8,12.2,54.8,49.2,1.4,1.22,1.2566666666666666,1034.0,1228.0,-194.0,-94.0,0.3679299878999264,1006.4578998430808,932.15783639683,5.585460729508501,6.240798771117332,-0.6553380416088306,0.8949913199185717,1,0,50,1.0,2.0,2026-03-26,Afghanistan,Myanmar,home,1034.0,1228.0,True,0.13537247599604,0.17110611317440705,1034.0
2.533333333333333,0.6,1.9333333333333331,0.9333333333333333,15,56.5,6.75,7.666666666666667,18.25,12.416666666666666,5.833333333333333,3.4166666666666665,7.333333333333333,9.416666666666666,8.083333333333334,2.3333333333333335,5.833333333333333,1.9166666666666667,22.25,1.3333333333333333,0.75,475.0833333333333,392.8333333333333,27.333333333333332,8.5,10.083333333333334,10.0,15.083333333333334,7.416666666666667,50.166666666666664,33.833333333333336,20.333333333333332,10.666666666666666,3.4285714285714284,9.375,56.75,47.25,2.5,2.6325,0.205,0.8666666666666667,1.2666666666666666,-0.3999999999999999,0.4,15,47.42857142857143,2.7142857142857144,4.428571428571429,8.166666666666666,4.333333333333333,3.8333333333333335,2.5,3.7142857142857144,10.571428571428571,2.4285714285714284,1.5714285714285714,10.5,2.1666666666666665,22.0,1.7142857142857142,0.16666666666666666,315.1666666666667,242.83333333333334,16.333333333333332,3.3333333333333335,4.833333333333333,11.0,19.0,4.666666666666667,35.833333333333336,28.166666666666668,11.0,9.333333333333334,0.0,8.0,15.0,36.0,0.0,1.0216666666666667,1.3,1329.0,940.0,389.0,489.0,0.9434762493459331,1391.5563170508526,939.6242482659583,6.494850021680094,6.827885982789856,-0.3330359611097622,0.9512241472764481,1,0,20,3.0,0.0,2026-03-26,Vietnam,Bangladesh,home,1329.0,940.0,True,0.003194934388003128,0.0376331673081492,940.0
1.8,1.9333333333333333,-0.1333333333333333,0.5,15,43.75,4.230769230769231,3.3846153846153846,9.75,5.75,4.0,2.1666666666666665,3.6923076923076925,16.272727272727273,11.272727272727273,1.2222222222222223,9.454545454545455,3.4545454545454546,17.90909090909091,2.230769230769231,0.3333333333333333,291.72727272727275,229.9090909090909,33.09090909090909,2.5454545454545454,18.0,7.0,17.818181818181817,5.7272727272727275,48.45454545454545,33.36363636363637,4.181818181818182,4.2727272727272725,1.9090909090909092,12.454545454545455,43.18181818181818,38.27272727272727,2.6363636363636362,0.992,2.4619999999999997,0.4666666666666667,2.2,-1.7333333333333334,0.1,15,32.0,3.0,3.0,,,,,0.5,13.0,10.0,1.0,,,,0.5,,,,,,,,,,,,,,,,,,,0.87,3.83,949.0,596.0,353.0,353.0,0.8841193563384137,974.0015959046156,561.6468932308941,5.313867220369153,5.155336037465061,0.15853118290409185,1.030750892231274,0,1,30,4.0,1.0,2026-03-26,Aruba,Macau,neutral,949.0,596.0,True,0.013428323575423552,0.05593853228010625,596.0
0.4,2.6666666666666665,-2.2666666666666666,0.1,15,,,,,,,,,,,,,,,1.5,,,,,,,,,,,,,,,,,,,,,0.8666666666666667,1.9333333333333333,-1.0666666666666667,0.26666666666666666,15,31.833333333333332,2.5,3.0,6.5,4.666666666666667,1.8333333333333333,1.0,1.3333333333333333,8.8,8.666666666666666,1.5,16.333333333333332,4.5,19.0,2.0,0.0,255.0,180.0,22.5,2.1666666666666665,15.0,9.333333333333334,23.666666666666668,8.5,44.666666666666664,27.833333333333332,9.5,4.666666666666667,1.1666666666666667,10.5,40.833333333333336,38.0,1.0,0.9340000000000002,2.278,915.0,1134.0,-219.0,-119.0,0.3351420214452352,920.105412930977,1146.2313423374549,,,,,1,0,50,0.0,4.0,2026-03-26,Djibouti,South Sudan,home,915.0,1134.0,True,0.11232017453839849,0.1864190940017729,915.0
2.0,1.8,0.19999999999999996,0.5,15,52.0,5.0,4.538461538461538,13.0,7.75,5.25,2.9166666666666665,3.5384615384615383,13.545454545454545,16.166666666666668,1.8181818181818181,7.416666666666667,2.8333333333333335,19.416666666666668,2.0,0.6666666666666666,397.3333333333333,327.4166666666667,29.166666666666668,2.75,15.833333333333334,6.666666666666667,16.916666666666668,6.166666666666667,52.416666666666664,37.166666666666664,5.666666666666667,5.5,2.0,12.083333333333334,53.5,43.916666666666664,3.5833333333333335,1.085,2.28,0.7333333333333333,2.933333333333333,-2.1999999999999997,0.13333333333333333,15,32.833333333333336,1.4285714285714286,1.8333333333333333,3.857142857142857,2.6,1.8,1.0,1.8571428571428572,13.833333333333334,9.333333333333334,2.3333333333333335,11.5,4.333333333333333,17.0,2.142857142857143,0.0,254.6,172.4,19.8,1.4,5.0,21.2,22.6,24.2,35.8,32.4,12.6,9.4,0.0,3.0,31.333333333333332,,1.3333333333333333,0.85,1.03,1136.0,711.0,425.0,425.0,0.9203048806723595,1194.029593811359,671.7522117356658,,,,,0,1,30,4.0,0.0,2026-03-26,Puerto Rico,Guam,neutral,1136.0,711.0,True,0.00635131204464686,0.027170870554784253,711.0
0.9333333333333333,1.1333333333333333,-0.19999999999999996,0.4,15,49.22222222222222,3.0,6.0,11.444444444444445,5.888888888888889,5.555555555555555,2.4444444444444446,3.2222222222222223,12.88888888888889,16.11111111111111,2.3333333333333335,6.666666666666667,3.4444444444444446,17.444444444444443,2.0833333333333335,0.2222222222222222,405.8888888888889,328.44444444444446,27.0,4.222222222222222,16.666666666666668,8.666666666666666,22.333333333333332,8.88888888888889,49.22222222222222,36.55555555555556,15.666666666666666,5.444444444444445,1.8888888888888888,10.666666666666666,51.888888888888886,50.44444444444444,2.0,,,0.3333333333333333,2.933333333333333,-2.5999999999999996,0.13333333333333333,15,32.666666666666664,1.25,1.5833333333333333,3.5833333333333335,1.8333333333333333,1.75,0.75,1.0833333333333333,12.75,10.5,1.2727272727272727,10.416666666666666,4.0,18.5,2.5,0.08333333333333333,252.08333333333334,177.33333333333334,14.0,1.0,16.666666666666668,6.916666666666667,33.666666666666664,5.75,43.166666666666664,30.333333333333332,7.416666666666667,4.583333333333333,0.5,9.75,31.666666666666668,41.666666666666664,0.8333333333333334,0.30166666666666664,2.3725,1340.0,900.0,440.0,440.0,0.9264124438824264,1416.7134171114049,858.3868987901143,6.727053011353857,5.7363965022766426,0.9906565090772146,1.1726966587271375,0,1,30,0.0,1.0,2026-03-26,Tanzania,Liechtenstein,neutral,1340.0,900.0,True,0.8582400161802098,0.7800001289164465,900.0
1.2666666666666666,4.266666666666667,-3.0,0.13333333333333333,15,38.45454545454545,3.076923076923077,2.1538461538461537,7.3076923076923075,3.769230769230769,3.5384615384615383,2.076923076923077,3.230769230769231,10.181818181818182,10.454545454545455,1.8181818181818181,12.909090909090908,5.818181818181818,17.181818181818183,1.1538461538461537,0.07692307692307693,272.0,201.45454545454547,23.636363636363637,2.090909090909091,19.09090909090909,7.818181818181818,23.0,7.181818181818182,48.36363636363637,34.63636363636363,7.090909090909091,5.363636363636363,1.4545454545454546,12.909090909090908,41.36363636363637,44.0,2.0,1.8075,2.79,0.8666666666666667,2.6666666666666665,-1.7999999999999998,0.3,15,33.888888888888886,2.111111111111111,1.8888888888888888,5.75,3.0,2.75,1.625,1.6666666666666667,9.75,10.5,0.42857142857142855,14.5,5.0,17.875,1.4545454545454546,0.0,223.125,145.5,17.25,0.875,18.375,11.25,29.125,6.5,48.625,34.625,6.875,6.125,0.2857142857142857,11.75,35.375,44.5,2.142857142857143,1.0075,1.7275,719.0,645.0,74.0,174.0,0.7313778578393882,707.0926463624415,585.8065091363309,,,,,1,0,20,1.0,3.0,2026-03-26,Bahamas,Anguilla,home,719.0,645.0,True,0.5349135709377324,0.43905659543445,645.0
1.5333333333333334,1.4,0.13333333333333353,0.5666666666666667,15,46.357142857142854,5.5,5.642857142857143,16.0,9.142857142857142,6.857142857142857,4.857142857142857,5.5,11.461538461538462,12.5,1.5833333333333333,7.714285714285714,3.0714285714285716,16.5,1.6923076923076923,0.07142857142857142,413.92857142857144,346.07142857142856,23.0,3.9285714285714284,17.428571428571427,8.357142857142858,22.285714285714285,6.285714285714286,52.5,36.857142857142854,12.571428571428571,7.642857142857143,2.3846153846153846,10.785714285714286,47.642857142857146,44.642857142857146,1.8571428571428572,1.4221428571428574,1.5164285714285712,0.9333333333333333,0.8,0.1333333333333333,0.5666666666666667,15,49.76923076923077,2.6923076923076925,4.3076923076923075,9.307692307692308,4.846153846153846,4.461538461538462,2.3076923076923075,3.230769230769231,9.461538461538462,14.076923076923077,0.7777777777777778,7.6923076923076925,2.769230769230769,17.615384615384617,1.3076923076923077,0.15384615384615385,491.46153846153845,427.6923076923077,27.153846153846153,2.230769230769231,13.0,7.230769230769231,20.615384615384617,8.307692307692308,49.30769230769231,33.53846153846154,10.384615384615385,7.384615384615385,1.1538461538461537,7.615384615384615,53.76923076923077,39.92307692307692,2.230769230769231,0.7723076923076924,1.1746153846153846,1735.0,1664.0,71.0,171.0,0.7279715135441962,1750.4196163262357,1675.4806638809473,8.081347307804133,7.655858458986096,0.4254888488180377,1.055576895928453,1,0,40,2.0,1.0,2026-03-26,Poland,Albania,home,1735.0,1664.0,True,0.07399949744343542,0.09419076613379587,1664.0
0.7333333333333333,1.4666666666666666,-0.7333333333333333,0.36666666666666664,15,49.916666666666664,4.25,5.166666666666667,14.166666666666666,5.416666666666667,8.75,4.75,4.666666666666667,11.875,12.083333333333334,1.4545454545454546,5.833333333333333,2.75,18.916666666666668,1.2,0.3333333333333333,364.3333333333333,306.9166666666667,21.833333333333332,3.1666666666666665,14.5,7.5,16.666666666666668,10.25,48.25,34.5,7.166666666666667,8.5,1.1666666666666667,9.666666666666666,40.75,43.333333333333336,2.3333333333333335,0.7466666666666666,1.67,1.3333333333333333,1.2666666666666666,0.06666666666666665,0.4666666666666667,15,51.733333333333334,3.6666666666666665,3.8,9.533333333333333,6.333333333333333,3.2,2.066666666666667,3.466666666666667,12.933333333333334,15.0,1.5384615384615385,8.066666666666666,2.7333333333333334,17.2,1.7333333333333334,0.4666666666666667,416.93333333333334,346.6666666666667,25.066666666666666,3.3333333333333335,12.6,8.133333333333333,23.266666666666666,7.266666666666667,51.93333333333333,34.4,10.066666666666666,8.066666666666666,2.2857142857142856,7.333333333333333,57.733333333333334,42.266666666666666,1.8,1.4614285714285715,1.8914285714285715,1661.0,1440.0,221.0,321.0,0.8638714763418578,1672.688782242661,1414.207316614814,7.09968064110925,7.37263588058172,-0.2729552394724699,0.9629772521125873,1,0,40,2.0,1.0,2026-03-26,Bolivia,Suriname,home,1661.0,1440.0,True,0.018530974953345384,0.05429215060572619,1440.0
0.5333333333333333,4.4,-3.866666666666667,0.03333333333333333,15,,,,,,,,,,,,,,,2.5,,,,,,,,,,,,,,,,,,,,,0.6,1.8,-1.2000000000000002,0.4,15,42.333333333333336,2.142857142857143,4.0,6.5,2.75,3.75,1.5,2.3333333333333335,13.833333333333334,13.0,2.0,9.666666666666666,1.6666666666666667,14.666666666666666,1.8181818181818181,0.0,303.0,225.66666666666666,25.666666666666668,2.3333333333333335,16.0,10.333333333333334,22.0,6.0,50.333333333333336,30.666666666666668,9.333333333333334,5.666666666666667,0.3333333333333333,10.0,54.666666666666664,52.0,1.0,0.73,2.865,842.0,1216.0,-374.0,-274.0,0.17118235224572423,856.8447762879747,1271.7577468641255,,,,,1,0,50,0.0,0.0,2026-03-26,Seychelles,Lesotho,home,842.0,1216.0,True,0.108121045474655,0.04353187872142742,842.0
0.4,2.466666666666667,-2.066666666666667,0.1,15,40.53846153846154,2.3846153846153846,3.076923076923077,7.384615384615385,4.3076923076923075,3.076923076923077,1.9230769230769231,4.153846153846154,11.538461538461538,11.384615384615385,1.6923076923076923,10.153846153846153,4.0,16.692307692307693,2.6153846153846154,0.3076923076923077,359.7692307692308,284.38461538461536,21.384615384615383,2.3076923076923075,16.46153846153846,7.846153846153846,25.384615384615383,7.846153846153846,48.61538461538461,33.69230769230769,9.615384615384615,6.384615384615385,1.3846153846153846,10.153846153846153,41.15384615384615,44.38461538461539,1.6153846153846154,0.926923076923077,2.2153846153846155,1.2666666666666666,1.8,-0.5333333333333334,0.5333333333333333,15,41.44444444444444,3.8,3.6,9.5,5.8,3.7,2.1,4.083333333333333,11.11111111111111,13.333333333333334,1.5555555555555556,9.444444444444445,4.0,16.88888888888889,0.8181818181818182,0.1,307.1111111111111,227.55555555555554,24.77777777777778,4.333333333333333,15.11111111111111,7.222222222222222,18.11111111111111,6.555555555555555,50.333333333333336,34.111111111111114,10.0,5.888888888888889,1.6666666666666667,11.0,55.888888888888886,48.666666666666664,3.3333333333333335,1.0150000000000001,1.8224999999999998,1339.0,1008.0,331.0,331.0,0.8705002577432696,1351.560921510995,1062.1364632000775,6.884512159190394,5.328379603438738,1.556132555751656,1.2920461137467356,0,1,30,6.0,1.0,2026-03-27,Azerbaijan,Saint Lucia,neutral,1339.0,1008.0,True,0.016770183244559617,0.022025774744700553,1008.0
1.0666666666666667,2.0,-0.9333333333333333,0.4,15,40.77777777777778,3.3636363636363638,2.909090909090909,7.818181818181818,4.2727272727272725,3.5454545454545454,1.5454545454545454,3.3,12.222222222222221,13.666666666666666,1.1111111111111112,10.666666666666666,3.5555555555555554,20.88888888888889,1.5454545454545454,0.09090909090909091,268.77777777777777,190.66666666666666,23.0,2.3333333333333335,19.444444444444443,5.888888888888889,23.11111111111111,8.222222222222221,49.77777777777778,39.22222222222222,10.777777777777779,6.333333333333333,0.8571428571428571,13.666666666666666,50.55555555555556,44.22222222222222,2.111111111111111,0.81,0.74,1.0666666666666667,1.8666666666666667,-0.8,0.26666666666666666,15,33.375,1.375,2.0,5.0,2.5,2.5,1.625,1.625,12.5,10.625,1.2857142857142858,11.625,3.25,16.75,1.9,0.25,207.875,136.5,22.375,1.0,19.375,6.875,25.75,5.0,51.75,35.5,11.0,6.125,0.5,13.125,41.5,36.625,2.25,0.3925,1.3375000000000001,798.0,701.0,97.0,197.0,0.7565805942950526,796.250500569905,671.5702175765333,,,,,1,0,20,1.0,1.0,2026-03-27,Cayman Islands,British Virgin Islands,home,798.0,701.0,True,0.0658336013688024,0.03765204393706899,701.0
2.0,1.9333333333333333,0.06666666666666665,0.4666666666666667,15,52.888888888888886,6.111111111111111,6.0,15.444444444444445,10.11111111111111,5.333333333333333,3.3333333333333335,5.5,13.88888888888889,13.444444444444445,2.5555555555555554,7.777777777777778,3.111111111111111,19.0,1.4,0.6666666666666666,410.1111111111111,347.1111111111111,27.88888888888889,4.444444444444445,13.666666666666666,7.666666666666667,12.333333333333334,6.222222222222222,52.22222222222222,34.666666666666664,7.444444444444445,7.888888888888889,3.4444444444444446,8.777777777777779,53.22222222222222,48.666666666666664,4.0,1.6666666666666667,2.3433333333333333,1.0666666666666667,2.2666666666666666,-1.2,0.4,15,41.38461538461539,3.6153846153846154,5.923076923076923,11.615384615384615,6.769230769230769,4.846153846153846,2.076923076923077,3.5384615384615383,13.0,14.0,1.2307692307692308,10.461538461538462,5.076923076923077,18.307692307692307,1.8461538461538463,0.23076923076923078,255.15384615384616,179.53846153846155,26.53846153846154,3.3846153846153846,18.615384615384617,7.384615384615385,21.384615384615383,7.3076923076923075,51.15384615384615,38.92307692307692,9.692307692307692,6.769230769230769,1.4166666666666667,13.538461538461538,49.38461538461539,47.92307692307692,2.923076923076923,1.0316666666666667,2.7783333333333338,1275.0,938.0,337.0,437.0,0.9252264436735518,1262.73255681471,892.069704135893,,,,,1,0,20,2.0,0.0,2026-03-27,Guyana,Dominica,home,1275.0,938.0,True,0.005591084725704525,0.013250499902822257,938.0
2.6666666666666665,1.1333333333333333,1.5333333333333332,0.6,15,49.23076923076923,8.153846153846153,8.0,21.90909090909091,13.181818181818182,8.727272727272727,4.0,6.923076923076923,13.75,11.333333333333334,2.4166666666666665,6.583333333333333,2.0,19.75,2.0,0.75,385.8181818181818,325.72727272727275,24.09090909090909,6.909090909090909,15.545454545454545,6.181818181818182,14.545454545454545,6.818181818181818,48.54545454545455,30.818181818181817,10.818181818181818,5.181818181818182,3.3,10.727272727272727,58.09090909090909,46.81818181818182,2.6363636363636362,2.3490909090909087,0.7954545454545454,0.8,1.4,-0.5999999999999999,0.36666666666666664,15,47.8,3.066666666666667,4.733333333333333,11.857142857142858,6.5,5.357142857142857,4.071428571428571,4.866666666666666,16.428571428571427,14.266666666666667,1.7142857142857142,8.071428571428571,2.0,22.5,2.466666666666667,0.35714285714285715,355.7142857142857,281.5,19.0,3.5714285714285716,15.428571428571429,7.571428571428571,19.857142857142858,7.857142857142857,48.0,33.07142857142857,13.785714285714286,4.928571428571429,1.5,10.071428571428571,56.785714285714285,39.57142857142857,2.2142857142857144,1.255,0.9316666666666666,1290.0,1326.0,-36.0,64.0,0.5910755963149433,1285.1838285699512,1338.3849921796902,,,,,1,0,20,2.0,2.0,2026-03-27,Dominican Republic,El Salvador,home,1290.0,1326.0,True,0.008294764244122519,6.651513634666427e-05,1290.0
2.8,1.6666666666666667,1.133333333333333,0.7,15,,0.0,5.0,,,,,1.0,,,,,,,1.0,,,,,,,,,,,,,,,,,,,,,2.0,1.2,0.8,0.6333333333333333,15,53.9,5.2,6.2,15.4,9.9,5.5,4.0,4.8,11.444444444444445,10.4,1.625,5.4,2.6,22.3,1.9,0.9,387.6,320.7,23.8,4.9,16.7,6.1,19.2,8.2,53.3,34.9,13.9,8.4,3.2,9.9,58.6,44.9,2.6666666666666665,1.2,1.135,1286.0,1550.0,-264.0,-164.0,0.2800809940528481,1362.1138215976532,1523.4751129670178,6.782973994944048,7.433049411616613,-0.6500754166725651,0.9125425675690241,1,0,40,0.0,1.0,2026-03-27,New Caledonia,Jamaica,home,1286.0,1550.0,True,0.07844536322963153,0.09759192185853396,1286.0
3.4,0.4666666666666667,2.933333333333333,0.8333333333333334,15,60.666666666666664,7.066666666666666,6.666666666666667,17.666666666666668,12.6,5.066666666666666,3.933333333333333,5.466666666666667,12.333333333333334,9.066666666666666,2.0,4.666666666666667,2.0,18.666666666666668,1.5384615384615385,0.6666666666666666,557.8666666666667,480.93333333333334,32.53333333333333,4.2,13.666666666666666,10.133333333333333,11.666666666666666,6.733333333333333,49.53333333333333,27.533333333333335,10.333333333333334,5.2,3.6,10.333333333333334,69.33333333333333,49.4,2.642857142857143,1.9266666666666667,0.6144444444444445,1.0,1.5333333333333334,-0.5333333333333334,0.36666666666666664,15,53.30769230769231,3.5384615384615383,6.461538461538462,12.923076923076923,6.615384615384615,6.3076923076923075,2.923076923076923,4.5,13.307692307692308,13.153846153846153,1.2307692307692308,9.153846153846153,3.0,20.153846153846153,1.8571428571428572,0.15384615384615385,359.6923076923077,294.7692307692308,27.384615384615383,4.076923076923077,12.307692307692308,8.0,23.46153846153846,9.846153846153847,46.23076923076923,30.53846153846154,11.384615384615385,5.923076923076923,0.9230769230769231,7.769230769230769,46.38461538461539,41.23076923076923,3.1538461538461537,1.045,1.21,1922.0,1328.0,594.0,694.0,0.9819249995331694,1793.8756182232075,1344.3856080543358,7.8394780473741985,6.246498580795801,1.5929794665783978,1.2550195835272973,1,0,20,3.0,1.0,2026-03-27,Russia,Nicaragua,home,1922.0,1328.0,True,0.0003267056418759278,0.006381430909393524,1328.0
0.9333333333333333,1.8,-0.8666666666666667,0.3,15,39.8,4.0,3.466666666666667,10.4,5.733333333333333,4.666666666666667,2.933333333333333,3.2,12.923076923076923,13.133333333333333,2.2,7.0,3.6,17.133333333333333,2.3333333333333335,0.2,322.6666666666667,252.06666666666666,22.533333333333335,2.8,15.2,9.866666666666667,20.8,8.533333333333333,49.4,32.8,13.8,5.533333333333333,1.4666666666666666,9.6,49.2,41.333333333333336,1.4,1.1800000000000002,1.815,1.4666666666666666,1.8,-0.3333333333333335,0.4,15,49.72727272727273,5.636363636363637,5.7272727272727275,14.272727272727273,9.181818181818182,5.090909090909091,2.909090909090909,5.454545454545454,10.8,10.818181818181818,1.4545454545454546,7.636363636363637,3.4545454545454546,19.818181818181817,1.5,0.6363636363636364,341.6363636363636,275.45454545454544,22.545454545454547,2.909090909090909,16.818181818181817,8.363636363636363,22.818181818181817,9.545454545454545,50.63636363636363,35.81818181818182,12.818181818181818,8.545454545454545,2.090909090909091,10.272727272727273,53.09090909090909,45.36363636363637,2.4,0.5333333333333333,2.56,1715.0,1399.0,316.0,316.0,0.8604511617577122,1714.4063729661816,1406.793091303634,7.314499227973152,7.078855402979768,0.23564382499338432,1.033288407740917,0,1,30,4.0,1.0,2026-03-27,Venezuela,Trinidad and Tobago,neutral,1715.0,1399.0,True,0.019473878254772207,0.06445270884424448,1399.0
1.6,2.1333333333333333,-0.5333333333333332,0.26666666666666666,15,,,,,,,,,,,,,,,1.5,,,,,,,,,,,,,,,,,,,,,0.6666666666666666,2.3333333333333335,-1.666666666666667,0.3,15,40.0,2.142857142857143,2.357142857142857,5.928571428571429,3.642857142857143,2.2857142857142856,1.4285714285714286,2.2142857142857144,12.5,11.5,2.1818181818181817,8.857142857142858,3.142857142857143,17.214285714285715,2.5384615384615383,0.35714285714285715,361.14285714285717,283.07142857142856,21.785714285714285,1.8571428571428572,15.285714285714286,9.714285714285714,29.0,7.285714285714286,49.142857142857146,32.142857142857146,12.857142857142858,6.285714285714286,0.7857142857142857,8.642857142857142,39.857142857142854,42.714285714285715,1.6923076923076923,0.6050000000000001,1.7764285714285715,1090.0,1453.0,-363.0,-363.0,0.11011215781886716,1150.6156011370942,1465.3681427336005,5.546542663478131,7.129367595722986,-1.582824932244855,0.7779852264604205,0,1,30,2.0,10.0,2026-03-27,Solomon Islands,Bulgaria,neutral,1090.0,1453.0,True,0.012124687299527108,0.028799456831138256,1090.0
1.9333333333333333,1.2,0.7333333333333334,0.6333333333333333,15,52.733333333333334,5.533333333333333,6.466666666666667,16.2,10.533333333333333,5.666666666666667,4.2,4.866666666666666,12.266666666666667,12.2,1.7142857142857142,5.666666666666667,2.6,15.066666666666666,2.0,0.4,509.46666666666664,439.0,25.4,4.066666666666666,15.0,8.333333333333334,16.333333333333332,5.866666666666666,49.6,32.53333333333333,10.733333333333333,6.133333333333334,2.4285714285714284,9.2,52.333333333333336,48.2,1.7142857142857142,1.8286666666666667,1.2093333333333331,1.2,0.9333333333333333,0.2666666666666666,0.6333333333333333,15,36.53333333333333,3.6,3.2666666666666666,10.066666666666666,5.866666666666666,4.2,3.2,4.2,12.833333333333334,11.0,1.6153846153846154,7.2,2.5,18.866666666666667,2.1538461538461537,0.26666666666666666,290.73333333333335,216.13333333333333,21.066666666666666,3.6666666666666665,19.666666666666668,9.333333333333334,24.066666666666666,7.8,51.4,35.0,15.266666666666667,4.933333333333334,1.8461538461538463,12.4,42.53333333333333,41.13333333333333,2.4285714285714284,1.2533333333333332,1.68,1761.0,1833.0,-72.0,28.0,0.5402082283237456,1763.0079781286677,1844.2600818490914,8.133698546115777,7.9369658971078705,0.19673264900790688,1.0247868834965757,1,0,20,0.0,1.0,2026-03-27,Greece,Paraguay,home,1761.0,1833.0,True,0.29182492994868003,0.2504302488666409,1761.0
2.6666666666666665,0.4,2.2666666666666666,0.8666666666666667,15,70.8,6.666666666666667,5.533333333333333,17.066666666666666,11.533333333333333,5.466666666666667,4.866666666666666,7.333333333333333,9.266666666666667,10.8,1.4615384615384615,3.3333333333333335,1.4666666666666666,15.0,1.4615384615384615,0.4666666666666667,689.0,633.2,20.266666666666666,5.133333333333334,12.466666666666667,6.333333333333333,9.533333333333333,6.133333333333334,53.8,32.2,9.8,9.4,3.642857142857143,8.066666666666666,82.2,42.333333333333336,2.857142857142857,2.2086666666666663,0.5506666666666665,0.8666666666666667,0.8666666666666667,0.0,0.5333333333333333,15,54.0,2.8666666666666667,3.933333333333333,9.666666666666666,5.533333333333333,4.133333333333334,2.8666666666666667,4.857142857142857,11.23076923076923,12.0,1.5454545454545454,7.933333333333334,3.066666666666667,17.2,2.142857142857143,0.2,438.93333333333334,366.46666666666664,26.133333333333333,3.533333333333333,17.2,8.133333333333333,20.733333333333334,7.333333333333333,50.0,35.53333333333333,11.533333333333333,6.733333333333333,0.7857142857142857,11.666666666666666,52.333333333333336,48.666666666666664,1.7333333333333334,0.72,0.8074999999999999,2042.0,1890.0,152.0,252.0,0.8100951586047567,2075.003135277486,1930.7994084988702,8.569841899403762,8.395824191880472,0.1740177075232907,1.0207266974088836,1,0,20,1.0,1.0,2026-03-27,England,Uruguay,home,2042.0,1890.0,True,0.0961590073901092,0.040596395708336765,1890.0
2.6,0.9333333333333333,1.6666666666666667,0.5333333333333333,15,41.0,3.5714285714285716,3.4285714285714284,9.428571428571429,5.285714285714286,4.142857142857143,2.4285714285714284,3.4285714285714284,13.333333333333334,11.714285714285714,1.5,8.714285714285714,4.142857142857143,18.714285714285715,1.7142857142857142,0.14285714285714285,372.2857142857143,296.0,20.0,1.7142857142857142,16.857142857142858,9.142857142857142,21.714285714285715,10.0,45.0,31.714285714285715,7.857142857142857,3.5714285714285716,1.5,11.0,50.42857142857143,45.57142857142857,1.2857142857142858,0.8550000000000001,1.4949999999999999,0.9333333333333333,1.6666666666666667,-0.7333333333333334,0.3,15,47.06666666666667,3.7333333333333334,2.933333333333333,9.266666666666667,6.666666666666667,2.6,2.6,3.533333333333333,11.642857142857142,9.466666666666667,1.3846153846153846,7.933333333333334,3.4,16.533333333333335,1.1666666666666667,0.26666666666666666,458.4,389.8666666666667,20.333333333333332,2.466666666666667,14.4,7.866666666666666,26.133333333333333,7.666666666666667,46.13333333333333,28.866666666666667,10.4,5.533333333333333,2.0714285714285716,8.6,47.4,41.666666666666664,1.6428571428571428,1.3813333333333333,1.4393333333333331,1585.0,1509.0,76.0,76.0,0.6076610641268197,1576.424566512271,1515.116458063945,7.143014800254095,7.447080471831002,-0.30406567157690745,0.9591698152414153,0,1,30,0.0,2.0,2026-03-27,New Zealand,Finland,neutral,1585.0,1509.0,True,0.36925196885573897,0.26860161850168224,1509.0
1.6666666666666667,1.1333333333333333,0.5333333333333334,0.6333333333333333,15,60.06666666666667,4.466666666666667,4.933333333333334,12.153846153846153,6.923076923076923,5.230769230769231,2.6153846153846154,4.8,11.285714285714286,15.733333333333333,2.3846153846153846,8.23076923076923,1.5384615384615385,21.53846153846154,2.4,0.23076923076923078,465.15384615384613,395.38461538461536,25.53846153846154,3.1538461538461537,14.23076923076923,6.3076923076923075,19.53846153846154,6.461538461538462,51.07692307692308,32.46153846153846,10.0,4.846153846153846,2.4615384615384617,8.923076923076923,59.92307692307692,39.84615384615385,2.5384615384615383,0.96,0.24,1.8,1.0,0.8,0.6666666666666666,15,57.214285714285715,5.0,4.928571428571429,13.285714285714286,9.214285714285714,4.071428571428571,3.357142857142857,5.5,12.615384615384615,11.785714285714286,1.5384615384615385,7.285714285714286,2.2142857142857144,18.642857142857142,1.2857142857142858,0.35714285714285715,468.7857142857143,397.2142857142857,27.857142857142858,4.142857142857143,14.142857142857142,6.928571428571429,20.357142857142858,9.642857142857142,50.0,31.928571428571427,13.928571428571429,6.642857142857143,2.642857142857143,9.428571428571429,62.5,42.357142857142854,2.5,1.2366666666666666,1.2633333333333334,1528.0,1733.0,-205.0,-105.0,0.35333115767438533,1578.1025626763544,1696.1018028433982,7.380934463330702,7.016071816734024,0.364862646596678,1.0520038357826447,1,0,20,1.0,1.0,2026-03-27,South Africa,Panama,home,1528.0,1733.0,True,0.021511749309136016,0.0004611086871217547,1528.0
1.0666666666666667,1.8,-0.7333333333333334,0.36666666666666664,15,47.07692307692308,4.384615384615385,6.538461538461538,14.076923076923077,8.76923076923077,5.3076923076923075,3.1538461538461537,5.461538461538462,13.307692307692308,13.076923076923077,2.076923076923077,9.538461538461538,3.6923076923076925,18.923076923076923,2.923076923076923,0.5384615384615384,344.38461538461536,267.46153846153845,28.53846153846154,6.0,14.153846153846153,6.846153846153846,26.153846153846153,5.384615384615385,50.69230769230769,31.76923076923077,14.846153846153847,6.0,2.0,8.23076923076923,49.69230769230769,46.15384615384615,2.4615384615384617,1.4453846153846153,1.7092307692307693,0.3333333333333333,1.6,-1.2666666666666668,0.16666666666666666,15,30.692307692307693,1.2307692307692308,2.769230769230769,5.0,2.8461538461538463,2.1538461538461537,1.0,1.5384615384615385,16.545454545454547,10.538461538461538,0.9230769230769231,11.0,3.727272727272727,18.307692307692307,2.6666666666666665,0.23076923076923078,257.61538461538464,171.84615384615384,20.23076923076923,1.3076923076923077,14.0,9.923076923076923,29.384615384615383,7.384615384615385,42.84615384615385,28.46153846153846,14.076923076923077,4.923076923076923,0.5454545454545454,8.692307692307692,43.38461538461539,42.53846153846154,1.0833333333333333,0.31153846153846154,1.426153846153846,1443.0,1083.0,360.0,460.0,0.9338859386628043,1453.7797563088914,1082.2427616525026,7.146128035678238,6.049218022670182,1.0969100130080562,1.1813308776270341,1,0,20,2.0,0.0,2026-03-27,Montenegro,Andorra,home,1443.0,1083.0,True,0.004371069106498471,0.012557608888013848,1083.0
2.1333333333333333,1.2,0.9333333333333333,0.6333333333333333,15,60.0,5.0,3.6666666666666665,12.4,8.266666666666667,4.133333333333334,3.7333333333333334,5.666666666666667,11.266666666666667,11.266666666666667,1.4666666666666666,5.733333333333333,2.0,19.666666666666668,1.5333333333333334,0.4,561.4,493.4,26.333333333333332,3.8666666666666667,13.866666666666667,7.266666666666667,14.333333333333334,8.4,48.733333333333334,32.06666666666667,8.866666666666667,6.733333333333333,2.8,8.266666666666667,57.13333333333333,45.6,2.066666666666667,1.8493333333333335,1.1460000000000001,2.3333333333333335,1.0,1.3333333333333335,0.7,15,66.06666666666666,6.0,5.866666666666666,16.333333333333332,12.133333333333333,4.2,4.466666666666667,5.666666666666667,11.866666666666667,10.6,1.7142857142857142,5.4,2.533333333333333,17.466666666666665,2.0,0.4,624.4,558.0,22.733333333333334,4.866666666666666,13.8,7.466666666666667,15.6,7.733333333333333,49.53333333333333,29.933333333333334,12.2,6.133333333333334,3.6,8.0,60.266666666666666,44.4,2.6,2.2433333333333336,1.09,1897.0,1910.0,-13.0,87.0,0.6226501957872621,1895.441590070385,1942.574802043163,8.172398575019285,8.615844882874702,-0.4434463078554174,0.948531303211269,1,0,20,3.0,4.0,2026-03-27,Switzerland,Germany,home,1897.0,1910.0,True,0.3876932663139158,0.18140048361796887,1897.0
2.933333333333333,1.2666666666666666,1.6666666666666665,0.6666666666666666,15,61.333333333333336,5.8,5.666666666666667,15.266666666666667,10.666666666666666,4.6,3.8,5.4,10.066666666666666,11.866666666666667,1.9285714285714286,5.0,2.4,14.666666666666666,1.0714285714285714,0.8,591.4,531.8,18.733333333333334,5.8,11.133333333333333,6.133333333333334,16.533333333333335,8.866666666666667,53.86666666666667,32.06666666666667,12.133333333333333,8.933333333333334,3.533333333333333,6.4,67.8,42.333333333333336,3.533333333333333,2.1713333333333336,1.1139999999999999,3.6,0.8666666666666667,2.7333333333333334,0.9,15,55.4,6.933333333333334,5.933333333333334,17.933333333333334,13.2,4.733333333333333,5.066666666666666,5.266666666666667,8.714285714285714,10.866666666666667,1.0833333333333333,5.066666666666666,2.1333333333333333,15.533333333333333,1.0714285714285714,0.6666666666666666,522.4,461.53333333333336,21.8,5.0,12.466666666666667,6.4,14.8,8.6,52.86666666666667,33.8,13.466666666666667,10.733333333333333,4.333333333333333,8.2,59.4,45.53333333333333,2.5,2.6126666666666667,0.7873333333333333,1959.0,1922.0,37.0,137.0,0.6875382482123418,1952.5092998725756,1930.0129086207658,8.673481697073347,8.310969304250811,0.362512392822536,1.0436185455091407,1,0,20,2.0,1.0,2026-03-27,Netherlands,Norway,home,1959.0,1922.0,True,0.09763234633021214,0.15801454853084382,1922.0
3.6,1.7333333333333334,1.8666666666666667,0.8666666666666667,15,61.06666666666667,8.333333333333334,6.666666666666667,19.933333333333334,14.866666666666667,5.066666666666666,4.933333333333334,5.733333333333333,11.6,9.733333333333333,1.9333333333333333,4.866666666666666,2.2,15.333333333333334,1.6923076923076923,0.5333333333333333,640.6,576.9333333333333,23.4,4.0,14.266666666666667,7.8,14.933333333333334,7.133333333333334,51.06666666666667,31.066666666666666,8.333333333333334,7.266666666666667,5.466666666666667,8.8,65.06666666666666,47.06666666666667,2.357142857142857,3.0319999999999996,0.9886666666666666,1.0,1.1333333333333333,-0.1333333333333333,0.5333333333333333,15,46.6,3.6,5.4,12.0,7.866666666666666,4.133333333333334,3.0,5.133333333333334,12.0,11.0,1.2307692307692308,6.933333333333334,3.4,16.6,2.0,0.26666666666666666,414.93333333333334,350.8,26.4,5.2,15.333333333333334,6.2,23.8,8.866666666666667,50.2,32.2,13.733333333333333,6.4,2.066666666666667,9.133333333333333,50.93333333333333,43.93333333333333,1.5333333333333334,1.327333333333333,1.5493333333333332,2172.0,1813.0,359.0,459.0,0.9335296284754416,2164.322489816135,1773.9572559563385,8.902764143924086,8.168497483523034,0.7342666604010528,1.0898900516137966,1,0,20,3.0,0.0,2026-03-27,Spain,Serbia,home,2172.0,1813.0,True,0.00441831029061282,0.007330337189421439,1813.0
2.0,1.0,1.0,0.6,15,58.06666666666667,5.666666666666667,4.933333333333334,13.6,8.8,4.8,3.0,3.8666666666666667,13.333333333333334,12.466666666666667,2.3333333333333335,5.666666666666667,2.466666666666667,19.533333333333335,1.4666666666666666,0.4,465.2,403.6,25.533333333333335,4.333333333333333,13.733333333333333,7.266666666666667,16.933333333333334,9.0,50.266666666666666,32.733333333333334,11.466666666666667,7.2,3.2,8.866666666666667,53.733333333333334,41.13333333333333,2.6,1.565,0.5125,2.6,1.1333333333333333,1.4666666666666668,0.7666666666666667,15,59.333333333333336,6.933333333333334,6.8,18.4,12.866666666666667,5.466666666666667,4.666666666666667,6.866666666666666,10.266666666666667,10.533333333333333,2.1333333333333333,6.666666666666667,2.533333333333333,16.8,1.8571428571428572,0.6,533.0,466.73333333333335,27.8,5.533333333333333,15.533333333333333,8.533333333333333,19.466666666666665,8.933333333333334,52.53333333333333,34.266666666666666,14.466666666666667,8.933333333333334,3.8666666666666667,9.666666666666666,58.6,48.733333333333334,2.0714285714285716,2.2393333333333336,0.9973333333333332,1986.0,1944.0,42.0,142.0,0.6936879164219654,2015.9770711936633,1955.2173938138365,8.352404434139514,8.176380689349903,0.17602374478961025,1.021528320595308,1,0,20,1.0,2.0,2026-03-27,Colombia,Croatia,home,1986.0,1944.0,True,0.4812029253898476,0.25350842612068764,1944.0
0.8666666666666667,1.4666666666666666,-0.5999999999999999,0.36666666666666664,15,53.0,2.5714285714285716,4.857142857142857,11.0,6.0,5.0,3.1666666666666665,5.142857142857143,14.2,12.285714285714286,1.5,6.833333333333333,2.5,21.666666666666668,2.1666666666666665,0.16666666666666666,379.0,317.5,24.833333333333332,4.333333333333333,12.666666666666666,6.5,12.5,9.0,44.0,28.833333333333332,10.666666666666666,4.833333333333333,0.6666666666666666,6.333333333333333,46.0,44.333333333333336,2.6666666666666665,1.1475000000000002,0.9125,1.8,1.4666666666666666,0.3333333333333335,0.5,15,52.4,5.7,5.0,13.222222222222221,7.888888888888889,5.333333333333333,3.0,5.6,13.333333333333334,13.0,2.0,8.222222222222221,3.6666666666666665,23.11111111111111,1.0,0.2222222222222222,369.1111111111111,288.55555555555554,27.22222222222222,5.0,13.0,5.777777777777778,18.88888888888889,7.888888888888889,49.55555555555556,34.666666666666664,12.666666666666666,9.444444444444445,2.3333333333333335,9.88888888888889,63.666666666666664,48.55555555555556,3.7777777777777777,0.992,1.656,1308.0,1119.0,189.0,189.0,0.7479995411960544,1340.4743993652091,1132.7410300956687,,,,,0,1,30,4.0,0.0,2026-03-27,Rwanda,Grenada,neutral,1308.0,1119.0,True,0.0635042312373991,0.07013258077230519,1119.0
1.1333333333333333,1.1333333333333333,0.0,0.5,15,45.6,2.0,2.2,5.2,3.2,2.0,1.0,2.4,13.8,16.6,1.0,11.6,4.0,21.2,2.923076923076923,0.0,326.4,246.6,20.4,2.4,16.8,8.2,32.6,7.8,50.8,38.6,13.4,5.6,1.2,9.4,46.0,43.0,1.6,0.516,1.314,1.0,1.5333333333333334,-0.5333333333333334,0.43333333333333335,15,38.166666666666664,1.6666666666666667,3.8333333333333335,7.0,4.333333333333333,2.6666666666666665,1.5,4.666666666666667,11.666666666666666,14.333333333333334,1.8,11.666666666666666,3.5,21.5,2.5555555555555554,0.3333333333333333,287.6666666666667,211.83333333333334,27.0,3.5,15.833333333333334,11.166666666666666,21.0,7.833333333333333,51.166666666666664,33.666666666666664,12.333333333333334,5.0,0.4,9.666666666666666,51.833333333333336,41.333333333333336,2.0,,,1425.0,1404.0,21.0,121.0,0.667418421873223,1420.115274470552,1435.7192618514878,,,,,1,0,20,0.0,0.0,2026-03-27,Libya,Niger,home,1425.0,1404.0,True,0.028028927982520466,0.009937581896745068,1404.0
0.5333333333333333,2.2,-1.666666666666667,0.13333333333333333,15,33.0,0.0,2.0,5.0,0.0,5.0,3.0,5.5,10.0,11.5,2.0,10.0,3.0,8.0,1.7272727272727273,0.0,235.0,183.0,22.0,1.0,16.0,7.0,28.0,1.0,60.0,41.0,7.0,14.0,0.0,8.0,29.0,36.0,2.0,,,0.5333333333333333,1.2666666666666666,-0.7333333333333333,0.26666666666666666,15,42.0,2.6666666666666665,5.0,,,,,3.0,12.333333333333334,12.0,0.6666666666666666,,,,1.3636363636363635,,,,,,,,,,,,,,,,,,,,,961.0,1091.0,-130.0,-30.0,0.4569335079777882,925.5192114126501,1050.5278426212499,,,,,1,0,50,0.0,0.0,2026-03-27,Somalia,Mauritius,home,961.0,1091.0,True,0.0018547227350992326,0.007477795414465466,961.0
1.4666666666666666,0.8666666666666667,0.5999999999999999,0.6666666666666666,15,43.8,3.2666666666666666,3.4,8.666666666666666,6.4,2.2666666666666666,2.0,3.466666666666667,8.818181818181818,11.533333333333333,1.8571428571428572,7.2,2.8666666666666667,23.4,1.4615384615384615,0.3333333333333333,400.2,325.3333333333333,21.6,3.3333333333333335,12.533333333333333,9.2,22.533333333333335,8.933333333333334,49.666666666666664,27.866666666666667,17.133333333333333,4.533333333333333,2.0,7.933333333333334,42.0,41.733333333333334,2.2142857142857144,0.7833333333333333,1.5366666666666664,1.2666666666666666,0.7333333333333333,0.5333333333333333,0.6,15,46.6,3.0,5.4,11.8,8.2,3.6,3.4,5.4,16.6,14.4,0.5,8.2,1.6,19.4,1.9166666666666667,1.0,319.4,247.6,20.6,4.6,16.4,7.4,25.8,9.0,45.2,33.2,14.2,2.8,2.4,11.0,45.6,38.6,2.8,,,1774.0,1606.0,168.0,168.0,0.7245382428425361,1792.145384378748,1617.565889245929,7.448397103457768,7.745191941557655,-0.2967948380998875,0.9616801184090219,0,1,30,1.0,0.0,2026-03-27,Australia,Cameroon,neutral,1774.0,1606.0,True,0.07587917965627762,0.11350176670728251,1606.0
1.2,1.7333333333333334,-0.5333333333333334,0.4,15,47.53846153846154,3.923076923076923,4.076923076923077,11.307692307692308,6.846153846153846,4.461538461538462,3.3076923076923075,4.6923076923076925,12.615384615384615,9.384615384615385,1.8333333333333333,7.615384615384615,2.6153846153846154,21.46153846153846,2.3636363636363638,0.3076923076923077,358.61538461538464,285.9230769230769,22.153846153846153,3.6923076923076925,16.0,8.461538461538462,20.53846153846154,8.615384615384615,46.23076923076923,30.692307692307693,10.461538461538462,5.615384615384615,1.75,10.538461538461538,47.07692307692308,42.38461538461539,2.0,,,1.6,2.3333333333333335,-0.7333333333333334,0.4666666666666667,15,53.583333333333336,4.833333333333333,5.5,13.454545454545455,8.2,6.2,3.0,5.333333333333333,12.666666666666666,13.5,1.1666666666666667,8.272727272727273,3.5454545454545454,23.0,2.5833333333333335,0.5,378.0,303.4,29.8,3.6,12.2,7.1,14.2,8.7,48.7,32.4,10.7,7.6,1.75,9.3,63.5,46.5,3.6,1.5175,0.6425000000000001,1341.0,1005.0,336.0,336.0,0.8737104209450813,1338.1594862157308,1047.174514351936,7.360971883725936,5.437750562820388,1.9232213209055482,1.3536795773706902,0,1,30,4.0,0.0,2026-03-27,Indonesia,Saint Kitts and Nevis,neutral,1341.0,1005.0,True,0.01594905777786855,0.017580961779471483,1005.0
2.4,1.4666666666666666,0.9333333333333333,0.6666666666666666,15,56.81818181818182,6.111111111111111,5.555555555555555,14.666666666666666,9.0,5.555555555555555,3.0,4.583333333333333,11.333333333333334,10.833333333333334,1.6666666666666667,6.888888888888889,1.4444444444444444,22.22222222222222,1.4545454545454546,0.2222222222222222,463.6666666666667,381.3333333333333,27.77777777777778,4.777777777777778,13.222222222222221,9.222222222222221,18.333333333333332,4.111111111111111,53.333333333333336,27.666666666666668,17.444444444444443,5.444444444444445,2.7777777777777777,8.222222222222221,56.77777777777778,46.77777777777778,1.3333333333333333,0.61,0.78,2.6,1.3333333333333333,1.2666666666666668,0.7666666666666667,15,56.888888888888886,5.0,4.333333333333333,11.777777777777779,8.11111111111111,3.6666666666666665,2.5555555555555554,4.333333333333333,19.22222222222222,14.333333333333334,1.875,7.333333333333333,1.0,18.0,2.2142857142857144,0.2222222222222222,454.8888888888889,388.3333333333333,28.666666666666668,5.888888888888889,14.222222222222221,8.333333333333334,22.77777777777778,9.222222222222221,49.0,35.22222222222222,14.666666666666666,7.777777777777778,3.3333333333333335,9.11111111111111,60.22222222222222,49.111111111111114,2.4444444444444446,,,1755.0,1739.0,16.0,116.0,0.6609990912463583,1772.7695300055188,1745.1656442696026,7.185117001142592,8.116076171728611,-0.9309591705860196,0.8852944266554686,1,0,20,1.0,2.0,2026-03-27,Iran,Nigeria,home,1755.0,1739.0,True,0.43691979862851144,0.2720562456034746,1739.0
2.1333333333333333,0.4,1.7333333333333334,0.9333333333333333,15,56.07142857142857,5.714285714285714,5.857142857142857,14.571428571428571,10.214285714285714,4.357142857142857,3.0,6.0,13.5,14.357142857142858,2.076923076923077,6.142857142857143,1.0714285714285714,21.5,1.3076923076923077,0.2857142857142857,483.5,412.0,28.785714285714285,6.5,17.071428571428573,8.142857142857142,22.285714285714285,10.285714285714286,51.214285714285715,37.142857142857146,16.857142857142858,6.5,3.230769230769231,10.928571428571429,62.714285714285715,45.214285714285715,4.071428571428571,2.735,0.125,0.8666666666666667,0.2,0.6666666666666667,0.7,15,56.53333333333333,4.4,3.2666666666666666,11.0,5.733333333333333,5.266666666666667,3.3333333333333335,4.266666666666667,12.583333333333334,10.533333333333333,1.8571428571428572,7.2,2.8666666666666667,16.733333333333334,1.7857142857142858,0.2,470.8,404.26666666666665,23.533333333333335,2.6,14.466666666666667,8.133333333333333,18.733333333333334,9.066666666666666,47.733333333333334,31.533333333333335,11.2,7.066666666666666,1.9230769230769231,8.333333333333334,56.46666666666667,45.2,2.6,1.1525,1.0625,1806.0,1933.0,-127.0,-27.0,0.46122190794282847,1927.7431778460132,1931.787704677629,8.39898106665813,8.459844642388207,-0.06086357573007639,0.9928055917924168,1,0,20,1.0,1.0,2026-03-27,Morocco,Ecuador,home,1806.0,1933.0,True,0.0015037404235944698,0.0031870774894416595,1806.0
1.0666666666666667,1.0,0.06666666666666665,0.5666666666666667,15,57.642857142857146,3.7142857142857144,4.785714285714286,10.642857142857142,6.142857142857143,4.5,2.142857142857143,3.857142857142857,10.307692307692308,13.785714285714286,1.6428571428571428,5.928571428571429,2.0,24.428571428571427,1.7857142857142858,0.5714285714285714,459.07142857142856,375.0,29.142857142857142,2.5714285714285716,20.928571428571427,9.0,23.214285714285715,10.357142857142858,52.214285714285715,40.142857142857146,15.214285714285714,6.0,2.642857142857143,13.857142857142858,64.85714285714286,49.357142857142854,2.9285714285714284,1.0133333333333334,1.0516666666666665,1.3333333333333333,1.2,0.1333333333333333,0.6,15,54.72727272727273,4.636363636363637,4.7272727272727275,11.727272727272727,7.0,4.7272727272727275,2.3636363636363638,4.181818181818182,12.0,14.090909090909092,2.2,6.909090909090909,3.272727272727273,21.181818181818183,2.0833333333333335,0.2727272727272727,476.3636363636364,396.54545454545456,24.727272727272727,4.545454545454546,20.545454545454547,8.909090909090908,29.181818181818183,8.181818181818182,53.90909090909091,43.45454545454545,14.272727272727273,9.545454545454545,3.0,11.636363636363637,62.72727272727273,50.90909090909091,2.4545454545454546,0.86,1.95,1592.0,1659.0,-67.0,33.0,0.5473485180458647,1600.8321711128863,1641.1650381957666,7.267289089431131,7.947139512737764,-0.6798504233066334,0.9144534430008481,1,0,20,0.0,4.0,2026-03-27,Saudi Arabia,Egypt,home,1592.0,1659.0,True,0.2995904002070043,0.23395905268084433,1592.0
1.7333333333333334,0.7333333333333333,1.0,0.7666666666666667,15,43.54545454545455,4.5,5.6,12.625,8.25,4.375,2.9,4.083333333333333,11.7,8.833333333333334,2.090909090909091,7.5,2.875,19.8,1.4444444444444444,0.2,420.75,339.375,25.875,4.375,11.75,9.125,20.75,7.375,48.25,25.625,15.125,5.625,2.625,8.75,61.125,48.625,2.0,1.6866666666666665,0.9666666666666667,1.9333333333333333,1.6,0.33333333333333326,0.5666666666666667,15,51.714285714285715,6.285714285714286,5.285714285714286,13.166666666666666,7.833333333333333,5.333333333333333,2.0,4.428571428571429,13.571428571428571,13.857142857142858,1.0,7.666666666666667,1.6666666666666667,19.0,1.7142857142857142,0.16666666666666666,396.0,320.3333333333333,22.0,3.1666666666666665,20.166666666666668,9.5,19.833333333333332,8.666666666666666,52.666666666666664,39.833333333333336,13.333333333333334,7.0,2.3333333333333335,12.333333333333334,52.5,53.0,3.2,1.9266666666666667,1.4333333333333333,1728.0,1405.0,323.0,323.0,0.8652197052285583,1714.6732123483882,1438.0455100923607,7.2734642726213465,6.750045312011768,0.5234189606095789,1.0775430291820633,0,1,30,3.0,1.0,2026-03-27,Uzbekistan,Gabon,neutral,1728.0,1405.0,True,0.018165727858676716,0.035952977938727614,1405.0
1.4666666666666666,1.0666666666666667,0.3999999999999999,0.5333333333333333,15,34.72727272727273,4.545454545454546,4.545454545454546,11.6,6.7,4.9,2.6363636363636362,3.6363636363636362,12.9,9.363636363636363,1.4,8.090909090909092,2.6,22.0,1.2727272727272727,0.09090909090909091,319.3,249.2,20.1,3.6,18.6,10.6,32.1,11.2,47.4,34.0,13.0,6.9,2.5,12.1,50.8,50.2,2.2222222222222223,1.225,1.185,2.8,1.4,1.4,0.6333333333333333,15,48.76923076923077,6.461538461538462,5.461538461538462,16.0,8.76923076923077,7.230769230769231,4.076923076923077,6.230769230769231,12.461538461538462,13.692307692307692,2.1666666666666665,8.23076923076923,2.3076923076923075,23.76923076923077,2.0714285714285716,0.38461538461538464,358.15384615384613,291.46153846153845,22.53846153846154,4.076923076923077,15.692307692307692,8.615384615384615,19.307692307692307,7.6923076923076925,49.92307692307692,35.84615384615385,14.461538461538462,7.230769230769231,2.8461538461538463,10.0,56.38461538461539,40.92307692307692,3.3076923076923075,1.7616666666666667,1.7783333333333333,1689.0,1632.0,57.0,157.0,0.7117225243427553,1688.482188364656,1597.2709058337273,7.010299956639812,7.134081437462512,-0.12378148082270002,0.9826492756064295,1,0,20,2.0,2.0,2026-03-27,Jordan,Costa Rica,home,1689.0,1632.0,True,0.044826427314068606,0.0016569598523022517,1632.0
0.7333333333333333,1.4666666666666666,-0.7333333333333333,0.36666666666666664,15,43.375,2.125,4.625,8.0,4.625,3.375,1.25,3.25,15.375,14.75,1.4285714285714286,6.5,2.125,19.5,3.076923076923077,0.125,379.0,300.5,26.0,2.875,15.125,9.125,21.875,8.0,48.75,33.75,16.0,5.25,1.5,10.375,51.5,49.75,2.125,0.5266666666666667,0.7066666666666667,0.8666666666666667,1.8,-0.9333333333333333,0.3333333333333333,15,38.0,3.142857142857143,4.428571428571429,10.857142857142858,4.714285714285714,6.142857142857143,3.2857142857142856,2.5714285714285716,11.857142857142858,12.857142857142858,2.7142857142857144,9.142857142857142,3.4285714285714284,17.0,1.5833333333333333,0.0,267.57142857142856,193.85714285714286,21.857142857142858,2.0,15.142857142857142,10.285714285714286,18.571428571428573,9.714285714285714,47.0,32.142857142857146,11.857142857142858,5.142857142857143,0.42857142857142855,9.0,49.0,44.142857142857146,2.5714285714285716,0.7933333333333333,1.9366666666666668,1410.0,1299.0,111.0,211.0,0.7711142606875975,1405.2593183861356,1325.4644043575092,7.003977241845537,7.231800766590562,-0.2278235247450251,0.9684969854538135,1,0,20,1.0,0.0,2026-03-27,Benin,Liberia,home,1410.0,1299.0,True,0.052388681660585086,0.09513333896812065,1299.0
0.8,2.1333333333333333,-1.3333333333333333,0.16666666666666666,15,33.5,1.0,3.0,5.0,2.0,3.0,1.0,2.0,13.0,15.5,0.0,6.0,5.0,12.5,1.875,0.0,265.5,208.5,31.5,1.5,12.0,7.5,30.0,7.5,43.5,33.5,6.5,6.0,0.5,7.5,43.0,42.0,2.0,0.83,2.785,0.4666666666666667,1.2,-0.7333333333333333,0.2,15,43.0,2.1666666666666665,3.8333333333333335,8.0,3.0,5.0,2.2,3.8333333333333335,12.5,13.5,1.3333333333333333,9.0,3.8,16.833333333333332,1.9166666666666667,0.2,305.6,232.8,15.8,1.4,16.4,7.8,21.6,8.2,46.2,36.0,12.0,4.8,0.5,10.6,42.4,47.8,2.4,0.4959999999999999,2.0159999999999996,1120.0,1239.0,-119.0,-19.0,0.4726840269935071,1117.5871301141801,1256.4238508468088,,,,,1,0,50,0.0,4.0,2026-03-27,Chad,Burundi,home,1120.0,1239.0,True,0.22343018937479853,0.21429390030870749,1120.0
1.2,1.3333333333333333,-0.1333333333333333,0.43333333333333335,15,52.06666666666667,3.8666666666666667,4.733333333333333,11.066666666666666,5.733333333333333,5.333333333333333,2.466666666666667,4.733333333333333,11.538461538461538,11.6,1.8571428571428572,6.4,2.533333333333333,19.4,2.4285714285714284,0.4,436.06666666666666,362.8666666666667,23.2,3.4,15.333333333333334,8.8,14.733333333333333,9.4,47.2,33.06666666666667,9.533333333333333,6.4,1.7142857142857142,9.666666666666666,51.06666666666667,45.06666666666667,2.2,1.6400000000000001,1.0325,1.6666666666666667,1.0,0.6666666666666667,0.6,15,63.0,3.25,6.5,13.5,6.25,7.25,3.75,9.5,13.25,14.0,2.5,3.5,3.75,21.25,1.6,0.0,484.75,414.5,25.25,4.75,13.25,5.0,11.0,11.0,47.75,35.75,11.25,9.75,1.75,8.5,81.5,52.75,3.5,1.05,0.8350000000000002,1731.0,1561.0,170.0,170.0,0.726830072276731,1743.0936118068857,1540.9822529137627,7.492550871704174,7.258230090449129,0.23432078125504496,1.0322834600632709,0,1,30,4.0,2.0,2026-03-27,Chile,Cabo Verde,neutral,1731.0,1561.0,True,0.074621809412336,0.0945823066238838,1561.0
0.4,2.4,-2.0,0.13333333333333333,15,35.5,1.4,2.25,5.4,4.25,2.25,2.75,2.4,14.0,18.0,1.0,10.0,2.0,19.75,1.4285714285714286,0.0,252.5,183.25,17.5,2.0,18.5,7.5,20.75,10.0,49.0,42.25,6.25,6.0,0.5,11.25,40.25,36.333333333333336,0.75,,,0.8666666666666667,1.8,-0.9333333333333333,0.26666666666666666,15,52.166666666666664,2.8333333333333335,5.333333333333333,10.5,5.666666666666667,4.833333333333333,2.3333333333333335,2.1666666666666665,14.0,16.0,2.6666666666666665,9.0,2.5,20.0,1.5384615384615385,0.16666666666666666,498.6666666666667,413.3333333333333,22.0,2.1666666666666665,19.5,8.166666666666666,14.166666666666666,10.833333333333334,48.333333333333336,43.666666666666664,6.333333333333333,8.5,1.8333333333333333,12.666666666666666,53.166666666666664,50.833333333333336,1.8333333333333333,0.9499999999999998,1.4216666666666666,1056.0,1264.0,-208.0,-108.0,0.3493953720661275,1018.9584360548284,1223.7492391481592,,,,,1,0,50,0.0,3.0,2026-03-27,São Tomé and Príncipe,Ethiopia,home,1056.0,1264.0,True,0.12207712602122765,0.18367097066582583,1056.0
2.4,0.7333333333333333,1.6666666666666665,0.7,15,64.53333333333333,6.4,6.333333333333333,16.133333333333333,11.066666666666666,5.066666666666666,3.4,4.4,11.642857142857142,10.333333333333334,2.1333333333333333,5.0,1.3333333333333333,21.866666666666667,1.5,0.6666666666666666,556.6,475.6,25.133333333333333,5.466666666666667,18.4,6.133333333333334,17.0,8.466666666666667,50.266666666666666,35.6,14.066666666666666,7.066666666666666,3.857142857142857,11.066666666666666,69.8,53.13333333333333,2.3333333333333335,2.342666666666667,0.7706666666666667,1.6,0.9333333333333333,0.6666666666666667,0.5,15,47.2,1.6,4.8,9.0,4.8,4.2,2.6,2.8,15.666666666666666,16.0,1.8,8.2,2.8,17.4,1.9,0.4,377.4,300.2,20.0,3.2,11.6,13.2,12.6,11.6,50.6,35.6,10.8,8.4,0.8,8.2,52.8,44.8,3.0,0.9259999999999999,1.682,1818.0,1509.0,309.0,409.0,0.9132827941566174,1835.0728730002716,1544.855609896948,8.078456818053292,8.136720567156408,-0.058263749103115714,0.9928394064141399,1,0,20,5.0,1.0,2026-03-27,Austria,Ghana,home,1818.0,1509.0,True,0.007519873789283591,0.045423932625957036,1509.0
1.1333333333333333,0.8666666666666667,0.2666666666666666,0.5333333333333333,15,54.0,2.2,4.8,8.6,4.6,4.0,1.6,5.0,11.25,13.5,1.0,9.25,2.5,25.5,1.3,0.4,425.0,332.75,26.5,4.0,15.75,11.25,23.5,11.0,51.75,33.25,18.5,4.5,0.5,10.0,68.75,45.25,1.5,,,0.8666666666666667,1.2666666666666666,-0.3999999999999999,0.36666666666666664,15,48.166666666666664,5.0,8.5,16.833333333333332,11.0,5.833333333333333,3.3333333333333335,4.833333333333333,12.166666666666666,15.166666666666666,2.6666666666666665,8.166666666666666,3.3333333333333335,20.5,1.5384615384615385,0.3333333333333333,312.6666666666667,235.5,25.0,5.333333333333333,14.833333333333334,10.166666666666666,12.0,9.0,54.0,36.5,13.666666666666666,6.833333333333333,1.8333333333333333,9.5,57.833333333333336,37.5,2.8333333333333335,1.6350000000000005,1.5866666666666667,1485.0,1342.0,143.0,243.0,0.8019966441144332,1486.191757940218,1402.7514713083558,6.75396586586516,7.330576096087729,-0.5766102302225686,0.9213417577739489,1,0,20,2.0,2.0,2026-03-27,Guinea,Togo,home,1485.0,1342.0,True,0.0912019730563796,0.029405641650173498,1342.0
1.4,1.8,-0.40000000000000013,0.5,15,41.166666666666664,3.0,3.3333333333333335,9.666666666666666,5.0,4.666666666666667,3.3333333333333335,4.333333333333333,12.666666666666666,12.333333333333334,1.5,11.0,3.5,17.833333333333332,1.75,0.0,339.1666666666667,261.8333333333333,23.166666666666668,3.5,13.833333333333334,8.333333333333334,24.666666666666668,8.0,46.833333333333336,31.166666666666668,10.833333333333334,5.833333333333333,1.4,10.0,53.166666666666664,48.0,2.1666666666666665,,,1.0,2.066666666666667,-1.0666666666666669,0.3,15,37.61538461538461,2.3846153846153846,2.3846153846153846,6.923076923076923,3.3846153846153846,3.5384615384615383,2.1538461538461537,2.076923076923077,13.846153846153847,8.76923076923077,1.4545454545454546,9.384615384615385,5.538461538461538,16.153846153846153,2.75,0.46153846153846156,332.53846153846155,258.15384615384613,23.46153846153846,1.6153846153846154,15.23076923076923,9.153846153846153,32.38461538461539,5.6923076923076925,45.69230769230769,28.846153846153847,12.0,5.6923076923076925,0.8461538461538461,9.076923076923077,43.23076923076923,42.61538461538461,1.25,0.7669230769230769,2.539230769230769,1344.0,1359.0,-15.0,-15.0,0.47842666694885455,1388.0863101588577,1371.0845804695973,6.226342087163631,6.483301952358167,-0.2569598651945366,0.9603658957915615,0,1,30,5.0,6.0,2026-03-27,Kenya,Estonia,neutral,1344.0,1359.0,True,0.22889207564779018,0.2030481074689289,1344.0
2.3333333333333335,1.0,1.3333333333333335,0.8,15,57.714285714285715,4.266666666666667,4.266666666666667,11.4,8.8,2.6,2.8666666666666667,5.5,16.6,12.928571428571429,2.5714285714285716,6.5,1.7142857142857142,15.428571428571429,2.0,0.3333333333333333,509.7857142857143,444.0,25.857142857142858,3.857142857142857,15.214285714285714,9.0,20.0,7.5,48.714285714285715,34.714285714285715,12.857142857142858,7.357142857142857,3.3076923076923075,9.285714285714286,55.857142857142854,50.5,3.4285714285714284,1.5,1.33,1.6,1.5333333333333334,0.06666666666666665,0.5,15,47.357142857142854,3.9285714285714284,4.357142857142857,11.76923076923077,6.461538461538462,5.3076923076923075,3.3076923076923075,4.571428571428571,12.357142857142858,12.642857142857142,2.4615384615384617,8.153846153846153,3.5384615384615383,20.692307692307693,1.5714285714285714,0.15384615384615385,362.15384615384613,292.3076923076923,20.53846153846154,4.461538461538462,16.76923076923077,6.538461538461538,26.923076923076923,8.153846153846153,48.38461538461539,33.69230769230769,12.538461538461538,5.384615384615385,1.8333333333333333,10.538461538461538,46.61538461538461,42.23076923076923,1.6153846153846154,1.0175,1.5150000000000001,1728.0,1526.0,202.0,302.0,0.8504903015468027,1719.7680824228248,1506.621594416971,8.148602654806094,6.5165353738958,1.6320672809102943,1.250450152921458,1,0,20,7.0,0.0,2026-03-27,Algeria,Guatemala,home,1728.0,1526.0,True,0.022353149931565983,0.02554063286848359,1526.0
2.8666666666666667,1.2,1.6666666666666667,0.7666666666666667,15,61.357142857142854,6.928571428571429,5.0,14.928571428571429,10.071428571428571,4.857142857142857,3.0,5.642857142857143,16.272727272727273,13.0,2.0,5.571428571428571,1.5714285714285714,17.5,1.8571428571428572,0.35714285714285715,500.0,433.5,28.928571428571427,4.0,13.571428571428571,7.785714285714286,19.714285714285715,7.5,52.57142857142857,33.5,14.214285714285714,7.785714285714286,3.5384615384615383,8.642857142857142,63.714285714285715,46.785714285714285,3.2142857142857144,0.95,1.22,0.6,1.1333333333333333,-0.5333333333333333,0.3333333333333333,15,42.53333333333333,2.8666666666666667,3.533333333333333,8.4,4.933333333333334,3.466666666666667,2.0,2.6666666666666665,12.25,13.133333333333333,1.7142857142857142,7.133333333333334,3.2,18.933333333333334,2.2857142857142856,0.06666666666666667,352.6,274.3333333333333,22.466666666666665,2.8,18.0,9.466666666666667,20.6,7.666666666666667,50.666666666666664,34.93333333333333,11.666666666666666,5.133333333333334,1.0,12.466666666666667,50.0,44.666666666666664,1.2142857142857142,0.8166666666666668,1.4666666666666668,1869.0,1708.0,161.0,261.0,0.8179376310581157,1806.69156979208,1724.5870754979708,8.32132911339302,7.244400809062293,1.0769283043307265,1.1486566429322294,1,0,20,2.0,0.0,2026-03-28,Senegal,Peru,home,1869.0,1708.0,True,0.033146706184730805,0.0403170634163146,1708.0
1.2,1.6666666666666667,-0.4666666666666668,0.43333333333333335,15,43.666666666666664,4.6,5.933333333333334,13.866666666666667,9.2,4.666666666666667,3.3333333333333335,5.066666666666666,12.642857142857142,11.933333333333334,1.5,7.066666666666666,3.1333333333333333,17.333333333333332,1.8666666666666667,0.4,376.3333333333333,302.6,21.466666666666665,6.333333333333333,15.733333333333333,9.933333333333334,27.733333333333334,5.2,50.46666666666667,31.533333333333335,16.066666666666666,4.933333333333334,2.466666666666667,10.866666666666667,46.8,42.93333333333333,1.6666666666666667,1.4793333333333334,1.7260000000000002,0.8666666666666667,1.1333333333333333,-0.2666666666666666,0.5333333333333333,15,44.0,3.3076923076923075,3.5384615384615383,9.923076923076923,6.384615384615385,3.5384615384615383,3.076923076923077,3.076923076923077,12.307692307692308,10.076923076923077,1.3076923076923077,8.076923076923077,3.3076923076923075,20.307692307692307,1.7692307692307692,0.15384615384615385,427.46153846153845,346.38461538461536,30.307692307692307,3.0,14.461538461538462,9.846153846153847,21.846153846153847,6.538461538461538,48.84615384615385,29.692307692307693,14.692307692307692,5.6923076923076925,1.4615384615384615,8.384615384615385,43.76923076923077,46.46153846153846,1.2307692307692308,1.0615384615384615,1.473846153846154,1698.0,1695.0,3.0,103.0,0.6440338538222926,1727.0985239100141,1685.910155320292,8.244239997554152,7.7360776370039455,0.5081623605502061,1.0656873398115236,1,0,20,1.0,0.0,2026-03-28,Hungary,Slovenia,home,1698.0,1695.0,True,0.12671189722460893,0.17515875557699456,1695.0
0.4666666666666667,3.2666666666666666,-2.8,0.1,15,34.81818181818182,1.8181818181818181,3.1818181818181817,6.636363636363637,4.2727272727272725,2.3636363636363638,1.6363636363636365,2.727272727272727,15.181818181818182,14.0,0.7272727272727273,10.181818181818182,4.363636363636363,18.727272727272727,3.090909090909091,0.18181818181818182,274.27272727272725,199.1818181818182,18.09090909090909,2.090909090909091,17.272727272727273,8.181818181818182,29.181818181818183,9.272727272727273,47.18181818181818,36.54545454545455,9.545454545454545,6.0,1.4545454545454546,11.272727272727273,34.0,46.0,1.4545454545454546,0.7881818181818182,3.2763636363636364,1.0666666666666667,1.0,0.06666666666666665,0.4666666666666667,15,41.53846153846154,3.4615384615384617,3.4615384615384617,8.923076923076923,5.923076923076923,3.0,2.0,4.076923076923077,9.76923076923077,9.461538461538462,1.6923076923076923,9.461538461538462,3.4615384615384617,19.46153846153846,1.6153846153846154,0.3076923076923077,348.0769230769231,265.38461538461536,24.384615384615383,4.153846153846154,12.923076923076923,9.307692307692308,36.0,6.3076923076923075,48.23076923076923,25.23076923076923,17.384615384615383,4.153846153846154,1.8461538461538463,7.3076923076923075,55.38461538461539,45.15384615384615,1.3076923076923077,0.9984615384615384,1.3446153846153843,833.0,1381.0,-548.0,-448.0,0.07050909562522961,782.3528471654992,1380.5467044725256,5.884228769632604,6.48572142648158,-0.6014926568489756,0.9072589435628478,1,0,20,1.0,2.0,2026-03-28,San Marino,Faroe Islands,home,833.0,1381.0,True,0.004971532565887774,0.005943629754258745,833.0
2.066666666666667,1.5333333333333334,0.5333333333333334,0.6333333333333333,15,57.8,5.066666666666666,3.8,12.133333333333333,8.666666666666666,3.466666666666667,3.2666666666666666,4.733333333333333,10.307692307692308,10.533333333333333,2.0714285714285716,5.533333333333333,2.6666666666666665,17.866666666666667,1.6666666666666667,0.5333333333333333,523.2666666666667,453.1333333333333,22.2,3.2,14.8,7.333333333333333,19.933333333333334,9.933333333333334,50.0,31.533333333333335,12.2,6.333333333333333,2.8,9.4,54.8,41.666666666666664,1.9333333333333333,1.8326666666666667,1.153333333333333,2.4,1.2,1.2,0.5333333333333333,15,63.13333333333333,6.4,6.266666666666667,17.933333333333334,12.0,5.933333333333334,5.266666666666667,9.133333333333333,10.0,10.266666666666667,1.4285714285714286,4.866666666666666,2.2666666666666666,18.933333333333334,1.6,0.4,553.9333333333333,487.46666666666664,25.866666666666667,5.8,12.6,5.6,14.8,9.2,52.266666666666666,32.6,11.066666666666666,10.133333333333333,3.066666666666667,7.4,66.6,44.93333333333333,3.7333333333333334,2.2886666666666664,0.9520000000000001,1747.0,1849.0,-102.0,-2.0,0.4971218004251891,1774.8508880208126,1864.2409875114236,8.34985037934753,8.431202884556516,-0.08135250520898651,0.9903510203321046,1,0,20,2.0,5.0,2026-03-28,USA,Belgium,home,1747.0,1849.0,True,0.24713008445798154,0.13411154427121796,1747.0
2.1333333333333333,1.2666666666666666,0.8666666666666667,0.6333333333333333,15,47.333333333333336,3.933333333333333,4.266666666666667,10.666666666666666,7.0,3.6666666666666665,2.466666666666667,5.2,15.272727272727273,16.4,2.1333333333333333,4.866666666666666,1.7333333333333334,20.533333333333335,2.5714285714285716,0.26666666666666666,341.06666666666666,271.73333333333335,17.8,3.2666666666666666,20.266666666666666,9.066666666666666,15.6,8.866666666666667,53.4,41.4,11.266666666666667,5.733333333333333,2.642857142857143,12.866666666666667,56.266666666666666,42.266666666666666,3.8666666666666667,1.4684615384615385,1.0561538461538462,1.6666666666666667,2.1333333333333333,-0.46666666666666656,0.3333333333333333,15,49.53333333333333,4.0,4.0,10.066666666666666,5.933333333333334,4.133333333333334,2.066666666666667,3.533333333333333,11.6,11.0,0.8666666666666667,6.8,4.066666666666666,15.8,2.066666666666667,0.26666666666666666,443.73333333333335,364.6,23.533333333333335,3.7333333333333334,13.533333333333333,7.8,27.6,5.666666666666667,49.733333333333334,29.533333333333335,14.2,5.8,2.066666666666667,8.4,50.2,45.0,2.0,1.1546666666666665,1.938,1805.0,1562.0,243.0,343.0,0.8780900739425958,1778.670288413726,1587.8253686852584,7.87154374810799,7.780353321798304,0.09119042630968544,1.0117206022063543,1,0,20,2.0,2.0,2026-03-28,Canada,Iceland,home,1805.0,1562.0,True,0.14295210401391753,0.05831718859324081,1562.0
2.1333333333333333,0.5333333333333333,1.6,0.7333333333333333,15,64.66666666666667,5.266666666666667,4.933333333333334,12.8,8.4,4.4,2.6,4.266666666666667,10.538461538461538,13.2,2.076923076923077,4.266666666666667,1.9285714285714286,14.933333333333334,1.5,0.26666666666666666,621.0,557.1333333333333,26.8,2.933333333333333,15.066666666666666,9.6,12.933333333333334,7.666666666666667,52.733333333333334,33.733333333333334,8.333333333333334,6.2,3.1333333333333333,9.8,60.333333333333336,44.86666666666667,2.8666666666666667,2.4899999999999998,0.6666666666666666,0.5333333333333333,1.0,-0.4666666666666667,0.4,15,45.666666666666664,2.3333333333333335,4.333333333333333,7.833333333333333,2.8333333333333335,5.0,1.1666666666666667,3.3333333333333335,11.8,20.166666666666668,2.0,7.166666666666667,2.3333333333333335,14.166666666666666,1.7272727272727273,0.0,361.5,278.5,24.0,1.8333333333333333,12.333333333333334,13.166666666666666,24.333333333333332,6.666666666666667,51.833333333333336,36.5,16.333333333333332,5.833333333333333,0.6666666666666666,7.666666666666667,57.0,43.666666666666664,3.1666666666666665,,,2113.0,1311.0,802.0,902.0,0.9944716895404954,2173.930046758414,1382.9458893533506,8.67632773388132,7.330413773349191,1.3459139605321297,1.183606819771266,1,0,20,2.0,1.0,2026-03-28,Argentina,Mauritania,home,2113.0,1311.0,True,3.0562216536668373e-05,0.002909722857331109,1311.0
1.8,1.0,0.8,0.6333333333333333,15,50.25,4.125,6.125,13.875,8.125,5.75,3.625,4.875,16.5,15.0,1.7142857142857142,7.875,2.25,21.875,1.8333333333333333,0.375,369.375,288.875,27.75,3.875,14.625,7.875,14.25,6.125,51.75,36.375,21.25,7.875,2.75,9.125,64.125,46.5,2.25,,,0.6666666666666666,1.4,-0.7333333333333333,0.23333333333333334,15,54.375,3.375,5.375,11.5,6.5,5.0,2.6666666666666665,3.25,13.5,11.875,1.375,7.333333333333333,3.0,19.571428571428573,1.3846153846153846,0.0,409.6666666666667,342.8333333333333,28.0,6.333333333333333,16.666666666666668,7.833333333333333,15.333333333333334,11.0,50.666666666666664,37.333333333333336,10.0,8.0,1.8333333333333333,11.166666666666666,62.333333333333336,46.5,2.3333333333333335,1.1583333333333332,1.1366666666666667,1534.0,1244.0,290.0,390.0,0.904220144369614,1516.5508070154042,1255.3688014000895,8.02659453535284,6.99056082999402,1.0360337053588209,1.1482046620513717,1,0,20,5.0,0.0,2026-03-28,Burkina Faso,Guinea-Bissau,home,1534.0,1244.0,True,0.009173780744577593,0.020365158469710806,1244.0
0.8666666666666667,1.6666666666666667,-0.8,0.3,15,38.22222222222222,2.2222222222222223,3.4444444444444446,7.285714285714286,3.4285714285714284,3.857142857142857,1.1428571428571428,2.7777777777777777,12.555555555555555,14.222222222222221,2.111111111111111,12.857142857142858,5.0,14.857142857142858,2.1538461538461537,0.42857142857142855,317.0,243.14285714285714,27.0,3.7142857142857144,15.428571428571429,5.857142857142857,27.0,8.285714285714286,50.57142857142857,32.714285714285715,14.0,4.142857142857143,0.7142857142857143,9.571428571428571,44.0,41.0,3.0,0.6666666666666666,1.58,0.8,1.3333333333333333,-0.5333333333333332,0.3,15,37.22222222222222,2.7777777777777777,4.555555555555555,9.166666666666666,5.333333333333333,3.8333333333333335,2.0,4.0,14.833333333333334,12.375,1.875,10.0,4.5,18.166666666666668,2.1666666666666665,0.16666666666666666,245.66666666666666,171.33333333333334,18.5,2.3333333333333335,13.333333333333334,8.5,24.0,6.666666666666667,48.666666666666664,31.833333333333332,13.333333333333334,5.5,0.8333333333333334,7.333333333333333,44.666666666666664,41.833333333333336,1.3333333333333333,0.42,0.7,1285.0,1342.0,-57.0,43.0,0.5615679389736461,1307.0572132097261,1353.956852875204,5.152288344383057,6.784973709954401,-1.6326853655713442,0.7593674735723749,1,0,20,0.0,3.0,2026-03-28,Botswana,Zimbabwe,home,1285.0,1342.0,True,0.3153585500831087,0.1482928949974576,1285.0
1.7333333333333334,0.8,0.9333333333333333,0.7333333333333333,15,62.13333333333333,4.266666666666667,4.666666666666667,11.8,8.2,3.6,2.8,6.133333333333334,10.75,8.666666666666666,2.142857142857143,4.733333333333333,1.5333333333333334,18.266666666666666,1.1333333333333333,0.5333333333333333,575.2,503.8666666666667,31.666666666666668,4.666666666666667,11.466666666666667,9.133333333333333,12.533333333333333,5.266666666666667,48.333333333333336,28.6,13.333333333333334,6.533333333333333,2.3636363636363638,9.583333333333334,69.75,41.833333333333336,2.1666666666666665,1.335,1.0575,2.0,0.8,1.2,0.7333333333333333,15,59.333333333333336,3.5,7.166666666666667,15.5,10.666666666666666,4.833333333333333,4.833333333333333,6.5,18.166666666666668,14.166666666666666,2.0,6.833333333333333,1.3333333333333333,16.833333333333332,1.5833333333333333,0.5,477.8333333333333,423.8333333333333,19.833333333333332,6.666666666666667,15.333333333333334,7.5,16.833333333333332,6.666666666666667,51.833333333333336,39.833333333333336,13.666666666666666,11.5,3.2,10.0,48.833333333333336,44.666666666666664,3.1666666666666665,,,1784.0,1637.0,147.0,247.0,0.8056276940436502,1814.9478008861704,1665.6866530419347,7.799857259189612,8.20737850793268,-0.40752124874306705,0.9503469654349211,1,0,20,0.0,4.0,2026-03-28,South Korea,Côte d'Ivoire,home,1784.0,1637.0,True,0.6490359814100892,0.4642893598865631,1637.0
1.0,1.8,-0.8,0.26666666666666666,15,38.38461538461539,3.0,3.6666666666666665,9.454545454545455,4.0,5.454545454545454,2.4166666666666665,3.3846153846153846,11.846153846153847,9.846153846153847,1.0833333333333333,11.083333333333334,3.5454545454545454,19.083333333333332,1.5454545454545454,0.16666666666666666,360.27272727272725,276.90909090909093,28.363636363636363,3.272727272727273,14.818181818181818,10.272727272727273,21.272727272727273,7.181818181818182,46.72727272727273,29.90909090909091,13.272727272727273,5.636363636363637,0.5454545454545454,10.454545454545455,53.27272727272727,47.27272727272727,1.3636363636363635,,,1.6666666666666667,1.4666666666666666,0.20000000000000018,0.6,15,48.4,4.2,5.5,11.857142857142858,5.0,6.857142857142857,3.5714285714285716,3.3,12.1,19.8,1.2,10.285714285714286,4.0,24.857142857142858,2.4285714285714284,0.0,381.0,286.7142857142857,20.285714285714285,3.5714285714285716,15.428571428571429,9.142857142857142,27.857142857142858,11.428571428571429,46.42857142857143,36.857142857142854,16.857142857142858,7.285714285714286,1.4285714285714286,11.857142857142858,54.857142857142854,53.0,2.142857142857143,,,1305.0,1368.0,-63.0,37.0,0.5530468951694625,1314.4471792434458,1435.580505159969,6.446381812222442,6.621799224002667,-0.1754174117802254,0.9735091014018707,1,0,20,2.0,5.0,2026-03-28,Kyrgyzstan,Madagascar,home,1305.0,1368.0,True,0.30586086825658243,0.21481218037255895,1305.0
1.6,1.2,0.40000000000000013,0.6,15,48.333333333333336,4.133333333333334,4.066666666666666,10.8,7.933333333333334,2.8666666666666667,2.6,4.6,11.2,12.866666666666667,1.5333333333333334,8.466666666666667,2.8,16.266666666666666,1.7333333333333334,0.3333333333333333,456.93333333333334,386.06666666666666,24.466666666666665,5.4,12.266666666666667,6.933333333333334,24.866666666666667,8.8,51.8,31.933333333333334,15.733333333333333,7.6,2.3333333333333335,7.933333333333334,50.333333333333336,45.266666666666666,2.1538461538461537,1.2713333333333334,1.4526666666666666,2.2666666666666666,0.6,1.6666666666666665,0.7666666666666667,15,57.733333333333334,5.2,4.6,12.733333333333333,8.866666666666667,3.8666666666666667,2.933333333333333,5.866666666666666,12.833333333333334,7.866666666666666,1.4666666666666666,4.666666666666667,1.8666666666666667,18.666666666666668,1.1818181818181819,0.3333333333333333,526.5333333333333,455.8,22.0,5.666666666666667,12.0,9.2,15.666666666666666,6.0,49.53333333333333,31.333333333333332,19.533333333333335,8.666666666666666,2.8181818181818183,10.0,67.25,47.75,1.6363636363636365,1.475,1.15875,1790.0,1878.0,-88.0,12.0,0.5172625244323762,1809.6969318773147,1864.737973407962,8.07618516059908,8.116275587580544,-0.04009042698146459,0.9950604896853416,1,0,20,0.0,1.0,2026-03-28,Scotland,Japan,home,1790.0,1878.0,True,0.26756051918215457,0.19851589967915684,1790.0
0.8,1.3333333333333333,-0.5333333333333332,0.36666666666666664,15,49.57142857142857,2.2857142857142856,5.714285714285714,10.75,6.5,4.25,2.75,4.571428571428571,12.0,15.0,1.4285714285714286,10.75,1.5,22.75,2.090909090909091,0.5,335.25,257.25,24.25,3.0,17.25,7.5,11.0,11.5,46.75,35.25,8.5,3.5,0.75,10.75,58.75,39.25,1.75,0.5533333333333333,1.0766666666666669,1.4,1.6666666666666667,-0.26666666666666683,0.4,15,43.125,1.875,3.875,7.5,3.3333333333333335,4.166666666666667,1.8333333333333333,3.25,13.75,14.5,2.25,10.166666666666666,2.6,18.166666666666668,2.0,0.0,389.0,314.6666666666667,24.833333333333332,1.1666666666666667,13.5,11.333333333333334,29.5,8.0,46.166666666666664,32.666666666666664,11.333333333333334,6.333333333333333,1.1666666666666667,8.666666666666666,49.833333333333336,49.833333333333336,1.1666666666666667,,,1300.0,1374.0,-74.0,-74.0,0.3950870979920432,1322.2100789086223,1416.6035512124815,,,,,0,1,30,5.0,4.0,2026-03-28,Namibia,Comoros,neutral,1300.0,1374.0,True,0.3659196190156879,0.2844783118656403,1300.0
0.7333333333333333,1.8,-1.0666666666666669,0.2,15,44.285714285714285,2.7857142857142856,4.357142857142857,8.857142857142858,4.642857142857143,4.214285714285714,1.7142857142857142,2.0,16.071428571428573,14.5,1.5,7.142857142857143,3.2142857142857144,18.714285714285715,2.0714285714285716,0.2857142857142857,359.92857142857144,278.5,24.928571428571427,2.7142857142857144,14.285714285714286,9.214285714285714,30.285714285714285,7.285714285714286,47.357142857142854,33.42857142857143,16.428571428571427,5.0,1.0,8.857142857142858,51.0,46.714285714285715,2.642857142857143,0.7192857142857144,1.6485714285714288,1.4666666666666666,1.6,-0.13333333333333353,0.36666666666666664,15,54.69230769230769,3.8461538461538463,5.153846153846154,12.23076923076923,7.416666666666667,5.083333333333333,3.230769230769231,5.3076923076923075,9.846153846153847,11.846153846153847,1.0909090909090908,7.384615384615385,2.0,18.53846153846154,1.8461538461538463,0.5833333333333334,540.1666666666666,471.6666666666667,25.666666666666668,3.1666666666666665,13.666666666666666,8.833333333333334,15.833333333333334,9.333333333333334,49.25,35.5,8.833333333333334,10.416666666666666,2.1818181818181817,8.0,55.0,46.416666666666664,1.9,1.2115384615384615,1.2353846153846153,1297.0,1647.0,-350.0,-250.0,0.19168232745054142,1284.7663569294486,1661.9877313041557,7.1156105116743,8.233808063189542,-1.1181975515152427,0.8641943626893235,1,0,20,0.0,2.0,2026-03-29,Lithuania,Georgia,home,1297.0,1647.0,True,0.03674211465685659,0.05088010892062447,1297.0
0.8,2.8666666666666667,-2.0666666666666664,0.2,15,46.76923076923077,3.923076923076923,4.230769230769231,11.461538461538462,5.230769230769231,6.230769230769231,3.3076923076923075,4.461538461538462,9.846153846153847,9.307692307692308,1.6923076923076923,8.692307692307692,2.769230769230769,19.846153846153847,1.5384615384615385,0.3076923076923077,419.53846153846155,346.2307692307692,21.307692307692307,2.230769230769231,15.538461538461538,9.384615384615385,21.53846153846154,7.153846153846154,46.38461538461539,32.92307692307692,8.461538461538462,8.384615384615385,1.3076923076923077,9.615384615384615,46.0,44.84615384615385,1.5384615384615385,0.9369230769230767,1.7923076923076924,1.2666666666666666,1.7333333333333334,-0.4666666666666668,0.43333333333333335,15,39.733333333333334,3.6666666666666665,4.0,10.5,6.3076923076923075,4.0,3.142857142857143,4.133333333333334,15.071428571428571,11.571428571428571,1.5,9.142857142857142,4.357142857142857,17.857142857142858,2.3333333333333335,0.15384615384615385,345.46153846153845,267.0,23.692307692307693,3.3076923076923075,17.153846153846153,9.384615384615385,25.76923076923077,6.615384615384615,49.15384615384615,34.53846153846154,14.23076923076923,6.461538461538462,1.0,8.76923076923077,45.23076923076923,43.76923076923077,2.1666666666666665,0.9933333333333334,1.8446666666666665,1389.0,1503.0,-114.0,-14.0,0.47986327796418354,1407.6976271384879,1480.6182841508341,6.991447598003803,6.907948521612273,0.0834990763915302,1.0120873912320414,1,0,20,1.0,2.0,2026-03-29,Armenia,Belarus,home,1389.0,1503.0,True,0.2302687655385313,0.21396056325352786,1389.0
1.9333333333333333,1.0666666666666667,0.8666666666666667,0.5333333333333333,15,58.8,5.666666666666667,5.066666666666666,13.933333333333334,9.066666666666666,4.866666666666666,3.2,4.133333333333334,13.25,13.066666666666666,2.4,5.333333333333333,2.533333333333333,20.0,1.3333333333333333,0.4666666666666667,484.73333333333335,423.06666666666666,26.6,4.333333333333333,13.866666666666667,7.133333333333334,16.6,8.933333333333334,51.333333333333336,33.46666666666667,11.4,7.133333333333334,3.1333333333333333,8.533333333333333,56.53333333333333,41.86666666666667,2.6666666666666665,1.51,0.6359999999999999,2.6666666666666665,1.2666666666666666,1.4,0.8,15,61.93333333333333,6.8,7.133333333333334,18.733333333333334,12.666666666666666,6.066666666666666,4.8,6.933333333333334,11.133333333333333,12.8,0.7857142857142857,4.8,1.8,18.733333333333334,2.0714285714285716,0.5333333333333333,609.9333333333333,546.0666666666667,24.6,4.933333333333334,15.2,7.4,12.266666666666667,10.666666666666666,51.8,38.13333333333333,12.6,10.466666666666667,3.933333333333333,9.333333333333334,70.2,49.13333333333333,3.933333333333333,2.2419999999999995,1.072,1986.0,2071.0,-85.0,15.0,0.5215733330511455,2001.6542200801127,2098.0340923379194,8.321184027302314,8.633468455579587,-0.3122844282772732,0.9638286246270522,1,0,20,1.0,3.0,2026-03-29,Colombia,France,home,1986.0,2071.0,True,0.27203874175008114,0.10105673941525407,1986.0
1.8,2.8666666666666667,-1.0666666666666667,0.3,15,35.857142857142854,4.142857142857143,3.142857142857143,9.571428571428571,5.142857142857143,4.428571428571429,2.2857142857142856,4.555555555555555,10.428571428571429,12.428571428571429,1.1666666666666667,10.142857142857142,5.0,24.142857142857142,1.9090909090909092,0.0,236.14285714285714,159.28571428571428,22.0,3.142857142857143,17.285714285714285,7.142857142857143,20.714285714285715,8.571428571428571,50.285714285714285,35.857142857142854,8.571428571428571,6.142857142857143,1.3333333333333333,12.857142857142858,47.0,43.57142857142857,2.4285714285714284,1.1125,2.4525,2.2,1.6,0.6000000000000001,0.5666666666666667,15,51.75,4.916666666666667,4.583333333333333,13.090909090909092,7.909090909090909,5.181818181818182,3.0,3.4166666666666665,13.8,15.272727272727273,1.8,7.2727272727272725,2.727272727272727,18.818181818181817,2.0,0.7272727272727273,391.1818181818182,321.3636363636364,29.545454545454547,2.909090909090909,15.818181818181818,6.545454545454546,17.90909090909091,6.0,52.18181818181818,35.90909090909091,6.0,5.181818181818182,1.8181818181818181,12.0,53.63636363636363,43.72727272727273,3.6363636363636362,1.085,2.28,627.0,1137.0,-510.0,-510.0,0.050412142212975915,617.7712911991496,1196.6809050342752,,,,,0,1,30,0.0,2.0,2026-03-29,US Virgin Islands,Puerto Rico,neutral,627.0,1137.0,True,0.002541384082501308,0.012126277924337838,627.0
1.3333333333333333,0.8,0.5333333333333332,0.7,15,59.46666666666667,4.8,4.466666666666667,12.466666666666667,7.2,5.266666666666667,3.2666666666666666,4.928571428571429,13.0,13.333333333333334,1.4285714285714286,5.733333333333333,1.9333333333333333,19.533333333333335,2.2,0.2,511.1333333333333,441.6,23.6,4.533333333333333,17.933333333333334,8.0,17.8,8.533333333333333,52.6,35.6,11.733333333333333,4.866666666666666,2.857142857142857,11.933333333333334,50.53333333333333,40.93333333333333,2.466666666666667,1.2980000000000003,0.7286666666666668,3.0,1.3333333333333333,1.6666666666666667,0.7666666666666667,15,63.333333333333336,6.533333333333333,7.866666666666666,19.266666666666666,12.933333333333334,6.333333333333333,4.866666666666666,6.6,11.461538461538462,9.933333333333334,2.6,4.733333333333333,2.8666666666666667,17.6,2.066666666666667,0.8666666666666667,626.4,566.8666666666667,22.466666666666665,5.933333333333334,14.333333333333334,6.533333333333333,16.066666666666666,5.733333333333333,51.733333333333334,32.13333333333333,11.066666666666666,8.466666666666667,4.066666666666666,9.0,63.06666666666667,45.6,2.6,2.6540000000000004,1.2500000000000002,1858.0,1975.0,-117.0,-17.0,0.47555453887933863,1819.0239696170615,2028.8561980083177,7.876217840591642,8.528016341189202,-0.6517985005975602,0.9235697406617928,1,0,20,0.0,0.0,2026-03-29,Mexico,Portugal,home,1858.0,1975.0,True,0.0005975805694017667,0.024404392509610434,1858.0
1.8,2.2666666666666666,-0.46666666666666656,0.36666666666666664,15,48.583333333333336,6.416666666666667,4.0,14.416666666666666,8.833333333333334,5.583333333333333,4.0,5.916666666666667,13.416666666666666,14.75,1.2727272727272727,8.333333333333334,3.3333333333333335,19.333333333333332,2.4166666666666665,0.16666666666666666,336.25,265.9166666666667,27.333333333333332,3.5833333333333335,13.5,7.916666666666667,15.916666666666666,8.25,48.75,34.833333333333336,7.166666666666667,6.666666666666667,1.9090909090909092,9.916666666666666,50.333333333333336,46.25,3.3333333333333335,3.385,1.0625,2.2,1.1333333333333333,1.0666666666666669,0.6333333333333333,15,47.666666666666664,5.666666666666667,5.0,12.8,8.2,4.6,2.2,6.0,13.0,14.5,1.8333333333333333,5.8,3.0,26.4,1.8333333333333333,0.2,304.2,224.6,22.4,5.4,13.4,8.6,22.2,8.8,51.2,34.8,10.4,6.4,2.6,9.6,56.6,41.4,5.0,1.4733333333333334,1.57,904.0,1135.0,-231.0,-131.0,0.31992932426277854,892.3868522816869,1187.9709545377307,,,,,1,0,20,2.0,3.0,2026-03-29,Barbados,Saint Vincent and the Grenadines,home,904.0,1135.0,True,0.10235477252323809,0.07785746569829656,904.0
1.9333333333333333,1.9333333333333333,0.0,0.5,15,43.75,4.583333333333333,3.6666666666666665,10.636363636363637,6.2727272727272725,4.363636363636363,2.3636363636363638,3.0,16.272727272727273,11.272727272727273,1.2222222222222223,9.454545454545455,3.4545454545454546,17.90909090909091,2.0833333333333335,0.36363636363636365,291.72727272727275,229.9090909090909,33.09090909090909,2.5454545454545454,18.0,7.0,17.818181818181817,5.7272727272727275,48.45454545454545,33.36363636363637,4.181818181818182,4.2727272727272725,1.9090909090909092,12.454545454545455,43.18181818181818,38.27272727272727,2.6363636363636362,0.992,2.4619999999999997,0.26666666666666666,2.8,-2.533333333333333,0.16666666666666666,15,30.454545454545453,1.0909090909090908,1.5454545454545454,3.3636363636363638,1.7272727272727273,1.6363636363636365,0.7272727272727273,0.9090909090909091,11.727272727272727,10.363636363636363,1.3,10.727272727272727,4.090909090909091,17.636363636363637,2.0,0.09090909090909091,243.0,168.54545454545453,14.0,0.7272727272727273,16.363636363636363,6.818181818181818,34.36363636363637,5.545454545454546,42.90909090909091,30.0,7.0,4.636363636363637,0.36363636363636365,9.727272727272727,29.272727272727273,42.0,0.45454545454545453,0.22545454545454546,2.4090909090909087,955.0,928.0,27.0,27.0,0.5387780920571715,978.4745940624714,887.2276150461156,5.545307116465824,5.7363965022766426,-0.1910893858108187,0.9666882535516889,0,1,30,4.0,1.0,2026-03-29,Aruba,Liechtenstein,neutral,955.0,928.0,True,0.21272564836642294,0.2527312957007347,928.0
1.0666666666666667,1.8666666666666667,-0.8,0.26666666666666666,15,33.375,1.375,2.0,5.0,2.5,2.5,1.625,1.625,12.5,10.625,1.2857142857142858,11.625,3.25,16.75,2.111111111111111,0.25,207.875,136.5,22.375,1.0,19.375,6.875,25.75,5.0,51.75,35.5,11.0,6.125,0.5,13.125,41.5,36.625,2.25,0.3925,1.3375000000000001,1.0666666666666667,2.7333333333333334,-1.6666666666666667,0.3333333333333333,15,33.888888888888886,2.111111111111111,1.8888888888888888,5.75,3.0,2.75,1.625,1.6666666666666667,9.75,10.5,0.42857142857142855,14.5,5.0,17.875,1.5,0.0,223.125,145.5,17.25,0.875,18.375,11.25,29.125,6.5,48.625,34.625,6.875,6.125,0.2857142857142857,11.75,35.375,44.5,2.142857142857143,1.0075,1.7275,701.0,672.0,29.0,129.0,0.6775605800851006,677.2645372170069,609.2484158471956,,,,,1,0,20,4.0,0.0,2026-03-29,British Virgin Islands,Anguilla,home,701.0,672.0,True,0.10396717951505685,0.16116721689332103,672.0
2.066666666666667,1.2666666666666666,0.8000000000000003,0.6333333333333333,15,54.357142857142854,5.571428571428571,5.214285714285714,14.071428571428571,8.642857142857142,5.428571428571429,3.2857142857142856,5.285714285714286,14.0,13.642857142857142,2.142857142857143,6.5,3.0,19.357142857142858,1.8461538461538463,0.42857142857142855,392.07142857142856,324.7142857142857,23.0,4.142857142857143,15.571428571428571,8.642857142857142,18.642857142857142,8.357142857142858,50.92857142857143,34.642857142857146,10.285714285714286,5.785714285714286,2.2142857142857144,10.5,54.714285714285715,46.142857142857146,3.642857142857143,1.9466666666666665,1.1166666666666667,2.066666666666667,1.3333333333333333,0.7333333333333336,0.6,15,56.083333333333336,4.153846153846154,4.846153846153846,11.461538461538462,7.615384615384615,3.8461538461538463,2.4615384615384617,5.923076923076923,16.555555555555557,12.76923076923077,2.3846153846153846,6.583333333333333,1.9166666666666667,20.5,1.7857142857142858,0.15384615384615385,447.8333333333333,377.5,25.5,6.25,13.833333333333334,6.833333333333333,18.5,8.666666666666666,46.833333333333336,33.5,13.166666666666666,7.75,2.4166666666666665,8.583333333333334,55.583333333333336,46.416666666666664,3.0,0.58,2.69,1530.0,1626.0,-96.0,4.0,0.5057562084111449,1522.1602959757527,1600.1830656411255,7.507275525641765,7.394714279533342,0.11256124610842289,1.0152218519679608,1,0,20,0.0,1.0,2026-03-29,Haiti,Tunisia,home,1530.0,1626.0,True,0.2557893423464174,0.18833646191972356,1530.0
0.5333333333333333,1.8,-1.2666666666666666,0.36666666666666664,15,42.4,1.6666666666666667,3.6666666666666665,3.6666666666666665,1.0,2.6666666666666665,0.6666666666666666,2.2,14.8,13.4,1.6,9.0,1.5,13.0,2.0,0.0,289.0,218.5,18.0,2.0,16.0,9.5,23.5,8.0,45.5,30.0,7.5,5.0,0.0,10.0,46.0,47.0,1.0,0.28,3.19,0.5333333333333333,4.266666666666667,-3.7333333333333334,0.06666666666666667,15,,,,,,,,,,,,,,,2.5,,,,,,,,,,,,,,,,,,,,,1200.0,858.0,342.0,442.0,0.9271934651024006,1253.7728416987654,874.8296814533347,,,,,1,0,50,2.0,1.0,2026-03-29,Lesotho,Seychelles,home,1200.0,858.0,True,0.0053007915237953535,0.04239861534536861,858.0
1.0,1.7333333333333334,-0.7333333333333334,0.3333333333333333,15,32.6,2.4,3.0,6.6,4.4,2.2,1.2,1.4,8.25,9.0,1.4,15.4,4.4,20.0,2.111111111111111,0.0,264.6,187.0,22.2,2.2,14.8,10.4,23.8,8.8,44.6,27.6,9.2,4.2,1.0,10.6,39.8,40.2,1.0,0.7925,1.975,0.4,2.533333333333333,-2.1333333333333333,0.1,15,,,,,,,,,,,,,,,1.4444444444444444,,,,,,,,,,,,,,,,,,,,,1144.0,905.0,239.0,339.0,0.8756036686409934,1176.7998888461248,889.5368664223072,,,,,1,0,50,0.0,1.0,2026-03-29,South Sudan,Djibouti,home,1144.0,905.0,True,0.7666817845375665,0.524627898617632,905.0
0.4666666666666667,2.2,-1.7333333333333334,0.1,15,32.0,3.0,3.0,,,,,0.5,13.0,10.0,1.0,,,,0.5,,,,,,,,,,,,,,,,,,,0.87,3.83,0.8,1.1333333333333333,-0.33333333333333326,0.3333333333333333,15,49.22222222222222,3.0,6.0,11.444444444444445,5.888888888888889,5.555555555555555,2.4444444444444446,3.2222222222222223,12.88888888888889,16.11111111111111,2.3333333333333335,6.666666666666667,3.4444444444444446,17.444444444444443,2.0833333333333335,0.2222222222222222,405.8888888888889,328.44444444444446,27.0,4.222222222222222,16.666666666666668,8.666666666666666,22.333333333333332,8.88888888888889,49.22222222222222,36.55555555555556,15.666666666666666,5.444444444444445,1.8888888888888888,10.666666666666666,51.888888888888886,50.44444444444444,2.0,,,590.0,1312.0,-722.0,-722.0,0.015425826400872792,557.1738950730382,1387.8727008554035,4.431363764158987,5.812244696800369,-1.3808809326413822,0.7624186515406768,0,1,30,0.0,6.0,2026-03-29,Macau,Tanzania,neutral,590.0,1312.0,True,0.000237956120149864,0.0004991904778028623,590.0
1.2,1.9333333333333333,-0.7333333333333334,0.3,15,49.15384615384615,4.384615384615385,5.153846153846154,12.76923076923077,8.916666666666666,4.25,3.230769230769231,4.846153846153846,12.076923076923077,15.23076923076923,1.8461538461538463,6.846153846153846,3.3076923076923075,20.0,2.6923076923076925,0.5,394.9166666666667,317.75,23.5,5.333333333333333,17.5,9.75,22.583333333333332,8.0,52.083333333333336,40.333333333333336,13.166666666666666,8.333333333333334,2.5,10.833333333333334,54.5,48.333333333333336,2.727272727272727,1.670769230769231,1.552307692307692,0.6666666666666666,2.6666666666666665,-2.0,0.2,15,38.916666666666664,2.9166666666666665,4.083333333333333,9.75,5.666666666666667,4.083333333333333,2.75,3.4166666666666665,13.545454545454545,11.75,1.2727272727272727,9.166666666666666,4.545454545454546,17.416666666666668,2.1666666666666665,0.08333333333333333,320.9166666666667,239.33333333333334,22.416666666666668,3.75,14.416666666666666,10.416666666666666,30.5,6.916666666666667,49.0,31.083333333333332,17.416666666666668,5.416666666666667,1.0909090909090908,7.833333333333333,42.083333333333336,46.083333333333336,1.5833333333333333,0.8458333333333335,2.7108333333333334,1295.0,1268.0,27.0,127.0,0.6750402010402987,1296.4062478799399,1274.4689306032124,7.090434416175122,6.630427875025024,0.460006541150098,1.0693781079925195,1,0,20,3.0,2.0,2026-03-30,Cyprus,Moldova,home,1295.0,1268.0,True,0.10559887093992948,0.11412960756736718,1268.0
2.533333333333333,1.0,1.5333333333333332,0.5,15,43.285714285714285,3.4285714285714284,4.0,9.857142857142858,5.714285714285714,4.142857142857143,2.4285714285714284,3.7142857142857144,12.0,11.0,1.6666666666666667,7.285714285714286,3.7142857142857144,21.0,1.4285714285714286,0.14285714285714285,386.85714285714283,311.0,20.428571428571427,1.7142857142857142,15.857142857142858,8.714285714285714,19.857142857142858,9.857142857142858,45.714285714285715,30.0,9.0,3.7142857142857144,1.5,10.285714285714286,50.714285714285715,44.0,1.2857142857142858,0.8371428571428573,1.4014285714285712,1.4,1.3333333333333333,0.06666666666666665,0.5,15,50.53333333333333,3.8666666666666667,4.266666666666667,10.4,5.4,5.0,2.2666666666666666,4.133333333333334,11.583333333333334,11.533333333333333,1.9285714285714286,6.4,2.6,17.933333333333334,2.2142857142857144,0.4,427.26666666666665,355.0,23.533333333333335,2.7333333333333334,15.8,8.666666666666666,15.8,9.333333333333334,47.53333333333333,33.333333333333336,9.466666666666667,6.333333333333333,1.7142857142857142,10.333333333333334,49.666666666666664,45.0,1.9333333333333333,1.75,1.004,1552.0,1743.0,-191.0,-191.0,0.24983651817135802,1549.9949429256844,1753.8054838675039,7.199069196251742,7.621228227768985,-0.42215903151724365,0.9446074807235073,0,1,30,4.0,1.0,2026-03-30,New Zealand,Chile,neutral,1552.0,1743.0,True,0.5627452494692713,0.3498321264493188,1552.0
2.6666666666666665,1.2666666666666666,1.4,0.5666666666666667,15,47.75,8.333333333333334,8.083333333333334,22.1,13.3,8.8,3.727272727272727,7.083333333333333,13.272727272727273,11.363636363636363,2.5454545454545454,6.818181818181818,2.2,20.0,2.0,0.7272727272727273,381.3,320.5,24.2,7.2,16.2,6.2,14.5,6.7,48.9,31.7,10.6,5.5,3.3,11.1,57.7,47.2,2.4,2.3229999999999995,0.874,1.2666666666666666,1.8,-0.5333333333333334,0.36666666666666664,15,52.77777777777778,3.5,5.3,11.5,5.8,5.7,2.7,4.0,14.88888888888889,14.0,2.0,7.888888888888889,3.0,17.555555555555557,2.272727272727273,0.6,379.6666666666667,310.8888888888889,29.333333333333332,3.0,13.222222222222221,7.666666666666667,15.333333333333334,10.444444444444445,48.666666666666664,32.666666666666664,10.444444444444445,5.777777777777778,2.0,9.222222222222221,54.111111111111114,46.55555555555556,2.888888888888889,1.2,1.6549999999999998,1284.0,1239.0,45.0,145.0,0.6973450785898532,1283.8449374033773,1239.6208201759873,,,,,1,0,20,1.0,1.0,2026-03-30,Dominican Republic,Cuba,home,1284.0,1239.0,True,0.038945080043635324,0.01603696421711494,1239.0
1.8666666666666667,1.8666666666666667,0.0,0.4666666666666667,15,52.888888888888886,6.111111111111111,6.0,15.444444444444445,10.11111111111111,5.333333333333333,3.3333333333333335,5.333333333333333,13.88888888888889,13.444444444444445,2.5555555555555554,7.777777777777778,3.111111111111111,19.0,1.4444444444444444,0.6666666666666666,410.1111111111111,347.1111111111111,27.88888888888889,4.444444444444445,13.666666666666666,7.666666666666667,12.333333333333334,6.222222222222222,52.22222222222222,34.666666666666664,7.444444444444445,7.888888888888889,3.4444444444444446,8.777777777777779,53.22222222222222,48.666666666666664,4.0,1.6666666666666667,2.3433333333333333,1.2666666666666666,2.066666666666667,-0.8000000000000003,0.4,15,54.54545454545455,4.818181818181818,4.909090909090909,11.818181818181818,6.363636363636363,5.454545454545454,2.090909090909091,4.0,11.727272727272727,13.0,2.4,8.454545454545455,3.4545454545454546,20.727272727272727,1.3333333333333333,0.45454545454545453,401.45454545454544,329.0,26.272727272727273,3.727272727272727,17.0,7.636363636363637,13.818181818181818,6.545454545454546,50.54545454545455,36.18181818181818,6.090909090909091,6.7272727272727275,0.9,12.727272727272727,60.36363636363637,51.45454545454545,3.727272727272727,1.584,1.094,1281.0,1084.0,197.0,297.0,0.8467934030726807,1264.6052677431253,985.7133012242775,,,,,1,0,20,3.0,1.0,2026-03-30,Guyana,Belize,home,1281.0,1084.0,True,0.023472261342050084,0.03824868937876919,1084.0
1.0,1.9333333333333333,-0.9333333333333333,0.4,15,40.77777777777778,3.3636363636363638,2.909090909090909,7.818181818181818,4.2727272727272725,3.5454545454545454,1.5454545454545454,3.3,12.222222222222221,13.666666666666666,1.1111111111111112,10.666666666666666,3.5555555555555554,20.88888888888889,1.5454545454545454,0.09090909090909091,268.77777777777777,190.66666666666666,23.0,2.3333333333333335,19.444444444444443,5.888888888888889,23.11111111111111,8.222222222222221,49.77777777777778,39.22222222222222,10.777777777777779,6.333333333333333,0.8571428571428571,13.666666666666666,50.55555555555556,44.22222222222222,2.111111111111111,0.81,0.74,1.2666666666666666,4.066666666666666,-2.8,0.13333333333333333,15,38.45454545454545,3.3333333333333335,2.3333333333333335,7.916666666666667,4.083333333333333,3.8333333333333335,2.25,3.1666666666666665,10.181818181818182,10.454545454545455,1.8181818181818181,12.909090909090908,5.818181818181818,17.181818181818183,1.0833333333333333,0.08333333333333333,272.0,201.45454545454547,23.636363636363637,2.090909090909091,19.09090909090909,7.818181818181818,23.0,7.181818181818182,48.36363636363637,34.63636363636363,7.090909090909091,5.363636363636363,1.4545454545454546,12.909090909090908,41.36363636363637,44.0,2.0,1.8075,2.79,805.0,685.0,120.0,220.0,0.7801296039931584,790.5561809294313,683.6507396515768,,,,,1,0,20,1.0,0.0,2026-03-30,Cayman Islands,Bahamas,home,805.0,685.0,True,0.04834299104020533,0.07236649223032682,685.0
0.8,2.4,-1.5999999999999999,0.16666666666666666,15,39.916666666666664,2.3333333333333335,3.25,7.416666666666667,4.25,3.1666666666666665,1.8333333333333333,4.0,11.416666666666666,11.166666666666666,1.8333333333333333,10.5,3.8333333333333335,17.0,2.5,0.3333333333333333,354.0833333333333,277.3333333333333,21.0,2.25,16.916666666666668,8.25,26.333333333333332,8.166666666666666,48.166666666666664,33.5,9.75,6.0,1.5,10.166666666666666,41.916666666666664,44.583333333333336,1.5,0.945,2.2016666666666667,1.2,1.4,-0.19999999999999996,0.4666666666666667,15,51.5,3.3333333333333335,2.8333333333333335,7.333333333333333,4.666666666666667,2.6666666666666665,1.1666666666666667,3.3333333333333335,14.833333333333334,12.666666666666666,0.8333333333333334,7.666666666666667,1.6666666666666667,16.333333333333332,1.5714285714285714,0.3333333333333333,387.8333333333333,322.0,26.5,3.0,14.666666666666666,8.833333333333334,17.0,7.333333333333333,49.666666666666664,34.833333333333336,6.666666666666667,8.0,1.25,11.333333333333334,48.666666666666664,46.5,2.5,0.8283333333333331,1.3183333333333334,1344.0,1344.0,0.0,0.0,0.5,1361.0979240436116,1327.5308624567062,6.909823369650912,6.982180745596403,-0.07235737594549096,0.9896368514964144,0,1,30,10.0,9.0,2026-03-30,Azerbaijan,Sierra Leone,neutral,1344.0,1344.0,True,0.25,0.3089529497198934,1344.0
1.6,2.6,-1.0,0.43333333333333335,15,53.72727272727273,5.181818181818182,5.7272727272727275,14.4,8.2,6.2,3.3,5.545454545454546,12.909090909090908,12.909090909090908,1.1818181818181819,8.4,3.6,21.8,2.5454545454545454,0.5,378.0,303.4,29.8,3.6,12.2,7.1,14.2,8.7,48.7,32.4,10.7,7.6,1.75,9.3,63.5,46.5,3.6,1.5175,0.6425000000000001,1.6,2.8,-1.1999999999999997,0.2,15,,,,,,,,,,,,,,,1.5,,,,,,,,,,,,,,,,,,,,,1001.0,1082.0,-81.0,-81.0,0.3854986389914422,1038.3009181506204,1140.6111517901713,5.482873583608754,5.481442628502305,0.0014309551064490833,1.0002610544711366,0,1,30,4.0,2.0,2026-03-30,Saint Kitts and Nevis,Solomon Islands,neutral,1001.0,1082.0,True,0.3776119226813699,0.3682127672150493,1001.0
1.8,1.5333333333333334,0.2666666666666666,0.5,15,52.4,5.7,5.0,13.222222222222221,7.888888888888889,5.333333333333333,3.0,5.6,13.333333333333334,13.0,2.0,8.222222222222221,3.6666666666666665,23.11111111111111,1.0,0.2222222222222222,369.1111111111111,288.55555555555554,27.22222222222222,5.0,13.0,5.777777777777778,18.88888888888889,7.888888888888889,49.55555555555556,34.666666666666664,12.666666666666666,9.444444444444445,2.3333333333333335,9.88888888888889,63.666666666666664,48.55555555555556,3.7777777777777777,0.992,1.656,1.5333333333333334,2.0,-0.46666666666666656,0.4666666666666667,15,41.166666666666664,3.0,3.3333333333333335,9.666666666666666,5.0,4.666666666666667,3.3333333333333335,4.333333333333333,12.666666666666666,12.333333333333334,1.5,11.0,3.5,17.833333333333332,1.7272727272727273,0.0,339.1666666666667,261.8333333333333,23.166666666666668,3.5,13.833333333333334,8.333333333333334,24.666666666666668,8.0,46.833333333333336,31.166666666666668,10.833333333333334,5.833333333333333,1.4,10.0,53.166666666666664,48.0,2.1666666666666665,,,1110.0,1345.0,-235.0,-235.0,0.2054180849637705,1119.6785684738836,1372.352871827069,5.26245108973043,5.676693609624866,-0.4142425198944366,0.9270275007986892,0,1,30,0.0,3.0,2026-03-30,Grenada,Kenya,neutral,1110.0,1345.0,True,0.042196589630182836,0.08683277690274442,1110.0
2.466666666666667,1.0666666666666667,1.4000000000000001,0.7333333333333333,15,65.66666666666667,6.266666666666667,5.733333333333333,16.4,12.2,4.2,4.4,5.666666666666667,11.8,10.533333333333333,1.5714285714285714,5.0,2.4,17.6,1.8571428571428572,0.4,630.0,562.5333333333333,22.2,4.666666666666667,14.066666666666666,7.333333333333333,15.6,7.733333333333333,49.6,30.266666666666666,12.333333333333334,6.266666666666667,3.933333333333333,8.4,61.13333333333333,45.93333333333333,2.533333333333333,2.255333333333333,1.0066666666666666,1.6666666666666667,1.1333333333333333,0.5333333333333334,0.5,15,43.8,1.6,4.4,8.6,4.6,4.0,2.6,2.6,12.0,16.6,1.8,6.8,2.8,15.4,1.7,0.4,374.0,300.0,20.4,2.6,12.6,13.8,16.8,10.2,50.6,37.0,8.0,8.2,0.4,8.2,46.0,42.8,2.4,0.9120000000000001,1.566,1922.0,1506.0,416.0,516.0,0.9512158141101019,1954.0847945805588,1541.2679250837386,8.66661156841903,8.079879175238288,0.5867323931807427,1.0726164810705154,1,0,20,2.0,1.0,2026-03-30,Germany,Ghana,home,1922.0,1506.0,True,0.002379896792940131,0.006712276990671892,1506.0
1.2666666666666666,2.066666666666667,-0.8000000000000003,0.3333333333333333,15,49.72727272727273,5.636363636363637,5.7272727272727275,14.272727272727273,9.181818181818182,5.090909090909091,2.909090909090909,5.454545454545454,10.8,10.818181818181818,1.4545454545454546,7.636363636363637,3.4545454545454546,19.818181818181817,1.5,0.6363636363636364,341.6363636363636,275.45454545454544,22.545454545454547,2.909090909090909,16.818181818181817,8.363636363636363,22.818181818181817,9.545454545454545,50.63636363636363,35.81818181818182,12.818181818181818,8.545454545454545,2.090909090909091,10.272727272727273,53.09090909090909,45.36363636363637,2.4,0.5333333333333333,2.56,1.8666666666666667,1.8,0.06666666666666665,0.5,15,51.666666666666664,5.833333333333333,5.333333333333333,12.8,7.6,5.2,2.2,4.5,13.166666666666666,15.0,1.0,8.0,1.4,18.4,1.8461538461538463,0.0,381.0,310.4,20.2,3.2,20.6,8.4,20.6,8.8,54.2,41.6,14.4,7.2,2.4,12.6,49.0,49.4,3.2,1.82,1.9649999999999999,1392.0,1401.0,-9.0,-9.0,0.48705085510713625,1399.157108311056,1430.4383989273083,7.064645144791936,6.745387121320009,0.3192580234719271,1.047329829664313,0,1,30,4.0,5.0,2026-03-30,Trinidad and Tobago,Gabon,neutral,1392.0,1401.0,True,0.23721853546059263,0.2724336230439699,1392.0
1.8,1.2,0.6000000000000001,0.6,15,55.75,2.75,4.0,9.5,6.75,2.75,2.75,6.0,14.666666666666666,14.5,3.0,4.75,3.5,22.0,1.6,0.0,419.5,352.75,23.75,5.0,15.0,6.5,13.5,9.5,47.75,36.25,9.0,8.25,2.0,9.5,55.5,49.25,2.5,0.9600000000000001,1.25,1.0666666666666667,1.5333333333333334,-0.4666666666666668,0.36666666666666664,15,49.0,3.933333333333333,3.2,9.8,6.933333333333334,2.8666666666666667,2.6666666666666665,3.8666666666666667,11.923076923076923,9.8,1.4615384615384615,8.066666666666666,3.1333333333333333,17.0,1.3333333333333333,0.3333333333333333,472.0,403.0,20.866666666666667,2.6666666666666665,14.2,7.8,24.6,7.466666666666667,46.333333333333336,28.933333333333334,10.6,5.4,2.1333333333333333,8.4,49.06666666666667,41.53333333333333,1.6428571428571428,1.4313333333333333,1.3539999999999999,1549.0,1542.0,7.0,7.0,0.5100724469274385,1530.2703808531446,1541.5460816505315,7.180555940703641,7.4154741681092355,-0.23491822740559432,0.9683205386358331,0,1,30,5.0,3.0,2026-03-30,Cabo Verde,Finland,neutral,1549.0,1542.0,True,0.24002900725966758,0.3073320923065307,1542.0
1.1333333333333333,1.2666666666666666,-0.1333333333333333,0.43333333333333335,15,50.4,2.8333333333333335,5.166666666666667,11.8,6.6,5.2,3.2,5.333333333333333,14.5,12.166666666666666,1.8,6.6,2.4,23.4,2.0,0.2,363.2,302.6,23.8,4.4,13.4,6.4,13.6,8.0,45.2,30.0,10.8,5.4,0.8,6.6,45.8,44.2,2.6,1.3866666666666667,0.84,1.4,2.2,-0.8000000000000003,0.36666666666666664,15,38.5,2.4166666666666665,2.4166666666666665,7.083333333333333,3.5,3.5833333333333335,2.25,2.1666666666666665,14.333333333333334,9.0,1.3,8.75,5.333333333333333,15.333333333333334,2.727272727272727,0.5,342.0,269.4166666666667,23.416666666666668,1.75,14.5,9.083333333333334,31.333333333333332,5.333333333333333,46.333333333333336,28.416666666666668,12.25,5.833333333333333,0.8333333333333334,8.75,42.833333333333336,42.25,1.3636363636363635,0.7725000000000001,2.4391666666666665,1317.0,1358.0,-41.0,-41.0,0.44126863067523897,1353.5368609869943,1386.818018801386,6.613524702853653,6.395326393069351,0.21819830978430144,1.0341184009030038,0,1,30,2.0,0.0,2026-03-30,Rwanda,Estonia,neutral,1317.0,1358.0,True,0.3121807430675226,0.25440606745517486,1317.0
1.8666666666666667,0.8,1.0666666666666667,0.7666666666666667,15,43.8,4.777777777777778,5.333333333333333,12.142857142857142,8.142857142857142,4.0,2.5555555555555554,4.181818181818182,12.0,8.909090909090908,2.2,7.444444444444445,3.0,19.77777777777778,1.5,0.2222222222222222,426.42857142857144,350.2857142857143,25.714285714285715,4.285714285714286,11.285714285714286,9.142857142857142,20.0,7.714285714285714,47.42857142857143,25.857142857142858,13.857142857142858,6.285714285714286,3.0,8.142857142857142,61.0,47.857142857142854,2.142857142857143,1.6866666666666665,0.9666666666666667,1.2,1.8666666666666667,-0.6666666666666667,0.3333333333333333,15,39.42857142857143,3.857142857142857,3.2142857142857144,9.714285714285714,5.357142857142857,4.357142857142857,2.642857142857143,3.0714285714285716,13.416666666666666,12.857142857142858,2.2142857142857144,7.214285714285714,3.7142857142857144,16.571428571428573,2.2857142857142856,0.21428571428571427,325.07142857142856,255.78571428571428,23.142857142857142,2.7857142857142856,15.214285714285714,9.642857142857142,21.071428571428573,8.357142857142858,49.142857142857146,32.42857142857143,13.357142857142858,5.428571428571429,1.4285714285714286,9.571428571428571,48.285714285714285,40.857142857142854,1.3571428571428572,1.1800000000000002,1.815,1732.0,1722.0,10.0,10.0,0.5143871841659987,1722.2803235134406,1722.0423559587596,7.708505880955237,7.6182050422592695,0.09030083869596783,1.011853295913546,0,1,30,5.0,4.0,2026-03-30,Uzbekistan,Venezuela,neutral,1732.0,1722.0,True,0.23581980690222765,0.25834961579808824,1722.0
1.4,1.6,-0.20000000000000018,0.4666666666666667,15,45.166666666666664,3.75,4.0,11.083333333333334,7.0,4.083333333333333,3.3333333333333335,4.583333333333333,13.0,9.333333333333334,1.9090909090909092,7.916666666666667,2.75,20.5,2.4,0.3333333333333333,338.1666666666667,267.5833333333333,20.833333333333332,3.5833333333333335,16.666666666666668,8.416666666666666,22.0,8.833333333333334,46.916666666666664,31.333333333333332,10.75,5.583333333333333,1.9090909090909092,10.833333333333334,44.666666666666664,41.916666666666664,1.8333333333333333,,,1.2666666666666666,2.466666666666667,-1.2000000000000002,0.3,15,39.38461538461539,2.076923076923077,2.230769230769231,5.6923076923076925,3.4615384615384617,2.230769230769231,1.3846153846153846,2.230769230769231,12.0,11.461538461538462,2.2,8.692307692307692,3.1538461538461537,16.923076923076923,2.5,0.3076923076923077,362.3076923076923,284.0769230769231,22.307692307692307,1.8461538461538463,15.846153846153847,9.461538461538462,28.692307692307693,7.461538461538462,49.23076923076923,32.46153846153846,12.153846153846153,6.076923076923077,0.7692307692307693,8.846153846153847,39.53846153846154,42.92307692307692,1.5,0.5446153846153846,1.8623076923076927,1345.0,1461.0,-116.0,-116.0,0.33900090875364175,1347.0330824170464,1475.3725920805234,7.402347372848368,7.239924813262151,0.16242255958621676,1.0224342881694972,0,1,30,0.0,1.0,2026-03-30,Indonesia,Bulgaria,neutral,1345.0,1461.0,True,0.11492161613579494,0.22341461549023608,1345.0
0.6,1.2,-0.6,0.3333333333333333,15,43.2,2.933333333333333,3.6666666666666665,8.733333333333333,5.066666666666666,3.6666666666666665,2.1333333333333333,3.066666666666667,12.333333333333334,12.4,1.5,7.333333333333333,3.2,18.533333333333335,2.0714285714285716,0.13333333333333333,365.53333333333336,287.2,22.466666666666665,2.933333333333333,18.0,10.0,20.466666666666665,7.733333333333333,49.266666666666666,34.06666666666667,11.333333333333334,4.866666666666666,1.0,12.333333333333334,49.4,46.06666666666667,1.2142857142857142,0.6825000000000001,1.6875,1.6666666666666667,1.2,0.4666666666666668,0.7,15,54.30769230769231,4.384615384615385,7.461538461538462,14.538461538461538,8.846153846153847,5.6923076923076925,2.6923076923076925,6.538461538461538,12.0,13.307692307692308,1.8333333333333333,7.3076923076923075,2.4615384615384617,21.384615384615383,1.75,0.5384615384615384,413.61538461538464,339.61538461538464,25.692307692307693,4.769230769230769,15.23076923076923,7.538461538461538,20.846153846153847,7.230769230769231,53.92307692307692,34.61538461538461,17.76923076923077,7.3076923076923075,2.3076923076923075,9.076923076923077,64.6923076923077,45.07692307692308,2.0,0.768,1.7399999999999998,1699.0,1567.0,132.0,232.0,0.7917488375081845,1716.8003966942815,1565.1410310126455,7.153204869564643,7.055187138555754,0.09801773100888944,1.0138930022810075,1,0,20,2.0,2.0,2026-03-31,Peru,Honduras,home,1699.0,1567.0,True,0.08511738418737703,0.029580039902846477,1567.0
1.8666666666666667,1.2666666666666666,0.6000000000000001,0.5666666666666667,15,53.23076923076923,5.615384615384615,5.153846153846154,13.846153846153847,8.307692307692308,5.538461538461538,3.076923076923077,5.0,14.0,13.384615384615385,2.0,6.538461538461538,3.230769230769231,19.23076923076923,1.9166666666666667,0.38461538461538464,389.84615384615387,321.0769230769231,22.46153846153846,3.769230769230769,15.846153846153847,8.923076923076923,19.615384615384617,8.23076923076923,51.15384615384615,34.84615384615385,10.538461538461538,6.0,2.3076923076923075,10.538461538461538,54.76923076923077,46.76923076923077,3.3076923076923075,1.78,1.242,1.6666666666666667,2.1333333333333333,-0.46666666666666656,0.3333333333333333,15,49.666666666666664,3.933333333333333,3.2666666666666666,9.0,5.533333333333333,3.466666666666667,1.8,3.3333333333333335,11.666666666666666,11.266666666666667,1.0,7.533333333333333,4.0,14.933333333333334,2.066666666666667,0.13333333333333333,444.6,363.4,23.933333333333334,3.466666666666667,14.0,8.466666666666667,28.6,5.666666666666667,50.333333333333336,30.133333333333333,14.933333333333334,5.666666666666667,1.9333333333333333,8.533333333333333,48.93333333333333,45.0,1.8,1.0979999999999999,1.9673333333333332,1530.0,1573.0,-43.0,57.0,0.581301478368915,1511.5285827648333,1594.6681693085488,7.646374314765657,7.230959555748569,0.4154147590170876,1.0574494651524964,1,0,20,1.0,1.0,2026-03-31,Haiti,Iceland,home,1530.0,1573.0,True,0.006609930384971152,0.002226923084782101,1530.0
1.5333333333333334,1.1333333333333333,0.40000000000000013,0.6,15,60.93333333333333,4.4,5.266666666666667,12.142857142857142,6.928571428571429,5.214285714285714,2.5,4.933333333333334,11.214285714285714,16.066666666666666,2.3846153846153846,7.785714285714286,1.5,20.928571428571427,2.4,0.21428571428571427,474.07142857142856,404.07142857142856,25.428571428571427,3.2142857142857144,14.071428571428571,6.214285714285714,18.428571428571427,6.357142857142857,51.42857142857143,32.642857142857146,9.928571428571429,5.0,2.642857142857143,8.785714285714286,61.714285714285715,40.642857142857146,2.7142857142857144,1.18,0.265,1.8,1.0666666666666667,0.7333333333333334,0.6333333333333333,15,57.42857142857143,5.071428571428571,4.928571428571429,13.285714285714286,9.142857142857142,4.142857142857143,3.2857142857142856,5.357142857142857,13.461538461538462,11.857142857142858,1.7692307692307692,7.214285714285714,2.142857142857143,18.428571428571427,1.3571428571428572,0.42857142857142855,469.64285714285717,397.5,27.928571428571427,4.142857142857143,13.5,7.071428571428571,19.571428571428573,9.642857142857142,49.142857142857146,31.714285714285715,13.5,7.071428571428571,2.642857142857143,8.857142857142858,61.0,42.92857142857143,2.357142857142857,1.2550000000000001,1.3150000000000002,1531.0,1730.0,-199.0,-99.0,0.3612622508882752,1578.6201594830202,1695.5842060367324,7.468790262099611,7.348246433851234,0.12054382824837706,1.0164044346271603,1,0,20,1.0,2.0,2026-03-31,South Africa,Panama,home,1531.0,1730.0,True,0.13051041391686308,0.2067452198046325,1531.0
0.9333333333333333,1.4,-0.46666666666666656,0.4666666666666667,15,39.6,1.6,3.8,7.2,4.2,3.0,1.8,5.6,11.4,14.2,2.25,10.2,3.6,22.2,2.5,0.2,283.2,208.8,27.6,3.4,14.6,11.2,20.8,7.4,50.0,32.2,11.8,4.8,0.25,8.0,55.6,42.0,1.8,,,1.0,1.3333333333333333,-0.33333333333333326,0.4,15,48.166666666666664,5.0,8.5,16.833333333333332,11.0,5.833333333333333,3.3333333333333335,4.833333333333333,12.166666666666666,15.166666666666666,2.6666666666666665,8.166666666666666,3.3333333333333335,20.5,1.5833333333333333,0.3333333333333333,312.6666666666667,235.5,25.0,5.333333333333333,14.833333333333334,10.166666666666666,12.0,9.0,54.0,36.5,13.666666666666666,6.833333333333333,1.8333333333333333,9.5,57.833333333333336,37.5,2.8333333333333335,1.6350000000000005,1.5866666666666667,1405.0,1346.0,59.0,159.0,0.7140789025853503,1438.101698408371,1407.5898535676922,6.795254182580883,7.338217366601095,-0.5429631840202118,0.9260088442608098,1,0,20,0.0,1.0,2026-03-31,Niger,Togo,home,1405.0,1346.0,True,0.5099086791174983,0.30881383717165534,1346.0
3.3333333333333335,0.5333333333333333,2.8000000000000003,0.8333333333333334,15,60.8,7.066666666666666,7.0,18.2,13.066666666666666,5.133333333333334,4.133333333333334,5.333333333333333,12.333333333333334,9.4,2.2666666666666666,4.666666666666667,1.8666666666666667,18.733333333333334,1.5,0.6,541.5333333333333,464.1333333333333,31.666666666666668,4.2,14.333333333333334,9.266666666666667,11.866666666666667,6.866666666666666,50.6,28.666666666666668,11.266666666666667,5.333333333333333,3.6,10.6,68.8,49.266666666666666,2.7857142857142856,1.969,0.5660000000000001,1.2,0.6666666666666666,0.5333333333333333,0.5333333333333333,15,44.4,2.2,4.4,9.8,5.2,4.6,3.2,3.4,13.0,18.0,1.6,7.0,3.2,20.2,1.9090909090909092,0.0,377.4,296.0,19.2,2.0,20.2,13.4,27.4,5.8,57.0,46.2,15.8,9.0,1.8,13.6,51.8,49.2,2.4,,,1922.0,1589.0,333.0,433.0,0.9236177787081539,1795.092942113376,1634.0981177828073,8.023252459633712,7.386409778881913,0.6368426807517986,1.0862181627903398,1,0,20,0.0,0.0,2026-03-31,Russia,Mali,home,1922.0,1589.0,True,0.17945202243763042,0.1318755181664332,1589.0
0.4666666666666667,1.1333333333333333,-0.6666666666666666,0.3,15,42.0,2.6666666666666665,5.0,,,,,3.0,12.333333333333334,12.0,0.6666666666666666,,,,1.3636363636363635,,,,,,,,,,,,,,,,,,,,,0.5333333333333333,2.0,-1.4666666666666668,0.16666666666666666,15,33.0,0.0,2.0,5.0,0.0,5.0,3.0,5.5,10.0,11.5,2.0,10.0,3.0,8.0,1.7272727272727273,0.0,235.0,183.0,22.0,1.0,16.0,7.0,28.0,1.0,60.0,41.0,7.0,14.0,0.0,8.0,29.0,36.0,2.0,,,1084.0,968.0,116.0,216.0,0.7761545753418307,1048.7314284142972,927.3156256196029,,,,,1,0,50,2.0,4.0,2026-03-31,Mauritius,Somalia,home,1084.0,968.0,True,0.6024159248240576,0.4908255578258155,968.0
2.933333333333333,1.2,1.7333333333333332,0.7,15,61.86666666666667,5.866666666666666,5.666666666666667,15.466666666666667,10.933333333333334,4.533333333333333,3.933333333333333,5.466666666666667,10.333333333333334,11.733333333333333,1.7857142857142858,4.6,2.2666666666666666,15.6,1.0714285714285714,0.8,598.5333333333333,537.4,19.133333333333333,5.933333333333334,10.733333333333333,6.333333333333333,15.466666666666667,8.933333333333334,53.0,31.333333333333332,12.266666666666667,8.866666666666667,3.6,6.2,69.86666666666666,43.333333333333336,3.466666666666667,2.1613333333333333,0.9946666666666668,0.8666666666666667,0.26666666666666666,0.6000000000000001,0.6666666666666666,15,55.0,4.2,3.466666666666667,10.8,5.666666666666667,5.133333333333334,3.1333333333333333,3.8,12.333333333333334,10.933333333333334,1.5714285714285714,6.933333333333334,2.933333333333333,16.333333333333332,1.7142857142857142,0.2,462.4,394.93333333333334,22.266666666666666,2.3333333333333335,15.0,7.866666666666666,19.0,8.8,48.2,32.53333333333333,11.133333333333333,7.066666666666666,1.9230769230769231,8.466666666666667,54.733333333333334,44.733333333333334,2.6666666666666665,1.038,1.092,1965.0,1929.0,36.0,136.0,0.6863002576833125,1959.1227459164274,1934.4813828250471,8.453318340047037,8.406028944963616,0.047289395083421226,1.0056256521828604,1,0,20,1.0,1.0,2026-03-31,Netherlands,Ecuador,home,1965.0,1929.0,True,0.034707786012868634,0.029883885712114287,1929.0
0.8,1.8,-1.0,0.3,15,38.833333333333336,3.0,5.0,11.333333333333334,5.166666666666667,6.166666666666667,3.3333333333333335,2.1666666666666665,10.833333333333334,13.5,3.1666666666666665,8.166666666666666,3.5,17.333333333333332,1.7272727272727273,0.0,283.6666666666667,214.66666666666666,23.666666666666668,2.3333333333333335,14.0,9.5,17.166666666666668,10.166666666666666,47.5,32.0,11.166666666666666,5.666666666666667,0.5,8.666666666666666,48.666666666666664,45.5,2.5,0.8539999999999999,2.0100000000000002,1.0,1.0666666666666667,-0.06666666666666665,0.4666666666666667,15,45.6,2.0,2.2,5.2,3.2,2.0,1.0,2.4,13.8,16.6,1.0,11.6,4.0,21.2,3.0,0.0,326.4,246.6,20.4,2.4,16.8,8.2,32.6,7.8,50.8,38.6,13.4,5.6,1.2,9.4,46.0,43.0,1.6,0.516,1.314,1292.0,1424.0,-132.0,-32.0,0.4540780772195163,1320.2220195462808,1417.7328379136688,,,,,1,0,20,2.0,2.0,2026-03-31,Liberia,Libya,home,1292.0,1424.0,True,0.002108822991856706,0.00037117649435616036,1292.0
1.5333333333333334,1.1333333333333333,0.40000000000000013,0.6,15,49.2,4.2,4.333333333333333,11.0,8.066666666666666,2.933333333333333,2.466666666666667,4.4,11.2,13.0,1.4666666666666666,7.933333333333334,2.8,16.066666666666666,1.5333333333333334,0.4,471.6,400.2,24.2,5.533333333333333,11.733333333333333,7.066666666666666,24.8,8.733333333333333,51.733333333333334,31.533333333333335,15.466666666666667,7.666666666666667,2.3333333333333335,7.8,50.53333333333333,46.0,2.1538461538461537,1.3293333333333335,1.4006666666666665,2.2,0.8,1.4000000000000001,0.7333333333333333,15,57.857142857142854,4.142857142857143,6.285714285714286,15.142857142857142,10.428571428571429,4.714285714285714,4.714285714285714,6.285714285714286,16.571428571428573,13.285714285714286,2.0,6.428571428571429,1.4285714285714286,17.0,1.5454545454545454,0.42857142857142855,483.57142857142856,429.57142857142856,19.0,6.0,14.285714285714286,8.571428571428571,16.0,6.857142857142857,50.857142857142854,37.857142857142854,12.285714285714286,11.285714285714286,3.8333333333333335,9.571428571428571,47.142857142857146,46.0,2.857142857142857,2.38,1.16,1780.0,1663.0,117.0,217.0,0.777153105314726,1798.4100837634744,1695.9738213083217,8.061320508159804,8.248463717551031,-0.18714320939122686,0.9773117497027932,1,0,20,0.0,1.0,2026-03-31,Scotland,Côte d'Ivoire,home,1780.0,1663.0,True,0.6039669491003217,0.46097019977394416,1663.0
2.7333333333333334,0.8,1.9333333333333333,0.8333333333333334,15,62.857142857142854,7.071428571428571,5.0,14.928571428571429,10.5,4.428571428571429,2.857142857142857,5.5,15.090909090909092,12.785714285714286,2.0,5.071428571428571,1.5,16.571428571428573,1.7857142857142858,0.35714285714285715,520.7142857142857,456.07142857142856,28.285714285714285,4.0,13.071428571428571,8.071428571428571,17.571428571428573,7.642857142857143,53.214285714285715,33.42857142857143,13.857142857142858,8.285714285714286,3.6153846153846154,8.142857142857142,63.07142857142857,47.5,3.2857142857142856,1.65,0.75,1.8666666666666667,1.4,0.4666666666666668,0.5333333333333333,15,41.0,3.6666666666666665,6.333333333333333,13.6,9.0,4.6,3.0,4.333333333333333,13.5,12.666666666666666,1.8,5.166666666666667,3.6,19.833333333333332,1.8333333333333333,0.3333333333333333,397.6,318.8,20.2,5.0,18.4,5.0,21.0,9.4,49.2,36.6,8.2,5.8,2.0,10.8,52.6,49.4,2.75,1.8183333333333334,0.765,1878.0,1424.0,454.0,554.0,0.9604212774283489,1814.4782485957692,1442.2265659874636,8.260643706735026,7.674677467873199,0.5859662388618272,1.0763506012226218,1,0,20,3.0,1.0,2026-03-31,Senegal,Gambia,home,1878.0,1424.0,True,0.0015664752804037218,0.00613214706321614,1424.0
2.1333333333333333,0.4666666666666667,1.6666666666666665,0.9,15,55.142857142857146,5.571428571428571,5.571428571428571,14.142857142857142,9.642857142857142,4.5,3.0,5.428571428571429,13.615384615384615,14.928571428571429,2.3076923076923075,6.5,1.1428571428571428,21.214285714285715,1.2857142857142858,0.21428571428571427,474.7857142857143,403.42857142857144,26.928571428571427,6.071428571428571,17.071428571428573,8.214285714285714,23.714285714285715,11.0,51.92857142857143,38.0,17.214285714285715,6.714285714285714,3.230769230769231,11.071428571428571,59.357142857142854,45.57142857142857,3.9285714285714284,2.3049999999999997,0.31999999999999995,1.2,0.9333333333333333,0.2666666666666666,0.6333333333333333,15,37.07142857142857,3.7142857142857144,3.4285714285714284,10.285714285714286,6.0,4.285714285714286,3.142857142857143,4.214285714285714,12.818181818181818,11.285714285714286,1.6153846153846154,7.071428571428571,2.5384615384615383,18.857142857142858,2.0,0.2857142857142857,295.7142857142857,220.5,20.714285714285715,3.7142857142857144,19.571428571428573,9.857142857142858,23.857142857142858,7.714285714285714,51.57142857142857,35.357142857142854,15.642857142857142,5.071428571428571,2.0,12.428571428571429,42.214285714285715,41.5,2.3846153846153846,1.2533333333333332,1.68,1810.0,1844.0,-34.0,66.0,0.5938553852361779,1925.0494996985951,1854.7991665523368,8.326130956710795,7.985763179990992,0.3403677767198028,1.042621821990993,1,0,20,2.0,1.0,2026-03-31,Morocco,Paraguay,home,1810.0,1844.0,True,0.1649534481016535,0.21997793581791522,1810.0
1.5333333333333334,1.7333333333333334,-0.19999999999999996,0.5666666666666667,15,48.5,4.571428571428571,4.5,11.142857142857142,6.714285714285714,4.428571428571429,2.0714285714285716,4.428571428571429,11.5,9.571428571428571,2.0,9.0,2.642857142857143,18.071428571428573,2.3076923076923075,0.2857142857142857,427.35714285714283,350.35714285714283,22.785714285714285,3.2142857142857144,19.142857142857142,8.071428571428571,21.571428571428573,6.285714285714286,50.42857142857143,32.857142857142854,11.5,4.857142857142857,2.3846153846153846,11.428571428571429,54.5,43.57142857142857,1.6428571428571428,1.3421428571428569,1.4857142857142855,1.0,0.8666666666666667,0.1333333333333333,0.5666666666666667,15,49.84615384615385,2.8461538461538463,4.076923076923077,9.307692307692308,5.153846153846154,4.153846153846154,2.3846153846153846,3.3076923076923075,9.615384615384615,14.615384615384615,0.6666666666666666,7.923076923076923,2.6923076923076925,17.692307692307693,1.4615384615384615,0.15384615384615385,486.3076923076923,420.46153846153845,27.0,2.076923076923077,12.615384615384615,7.230769230769231,21.0,8.615384615384615,49.30769230769231,33.61538461538461,10.384615384615385,7.3076923076923075,1.3846153846153846,7.538461538461538,52.23076923076923,40.07692307692308,2.076923076923077,0.7892307692307692,1.1530769230769233,1760.0,1653.0,107.0,207.0,0.7670249181450214,1745.695003114696,1664.7782009675661,8.050379756261458,7.697011268699447,0.3533684875620109,1.0459098311313397,1,0,20,1.0,0.0,2026-03-31,Ukraine,Albania,home,1760.0,1653.0,True,0.054277388765333986,0.06974353548280061,1653.0
2.066666666666667,1.0666666666666667,1.0000000000000002,0.7333333333333333,15,54.57142857142857,5.571428571428571,5.785714285714286,15.428571428571429,10.357142857142858,5.0,4.071428571428571,6.714285714285714,15.071428571428571,9.571428571428571,2.4166666666666665,5.214285714285714,2.2857142857142856,20.5,1.5714285714285714,0.5,448.5,363.64285714285717,27.214285714285715,8.071428571428571,15.428571428571429,8.857142857142858,22.285714285714285,6.571428571428571,50.07142857142857,29.642857142857142,20.857142857142858,5.285714285714286,3.0714285714285716,8.642857142857142,63.0,52.357142857142854,2.142857142857143,1.795,0.9521428571428573,2.2,1.2,1.0000000000000002,0.6,15,57.8,6.266666666666667,5.133333333333334,16.866666666666667,10.333333333333334,6.533333333333333,5.466666666666667,7.866666666666666,10.266666666666667,12.666666666666666,1.2,7.266666666666667,2.066666666666667,17.6,1.5333333333333334,0.4666666666666667,552.7333333333333,481.1333333333333,22.866666666666667,5.6,16.533333333333335,7.933333333333334,20.0,8.6,52.53333333333333,35.53333333333333,13.133333333333333,6.866666666666666,2.7333333333333334,10.533333333333333,61.8,49.6,2.6,2.0246666666666666,1.366,1844.0,1873.0,-29.0,71.0,0.6007782458900109,1760.8511518199675,1880.4847251367826,8.008706603445308,8.418798290590354,-0.4100916871450462,0.9512885719564746,1,0,40,5.0,3.0,2026-03-31,Czechia,Denmark,home,1844.0,1873.0,True,0.15937800895465656,0.27786842754069574,1844.0
1.1333333333333333,1.5333333333333334,-0.40000000000000013,0.4666666666666667,15,50.285714285714285,4.428571428571429,4.214285714285714,12.214285714285714,8.285714285714286,3.9285714285714284,3.5714285714285716,4.857142857142857,11.384615384615385,14.928571428571429,1.5833333333333333,7.857142857142857,3.642857142857143,18.357142857142858,1.6153846153846154,0.6428571428571429,458.2142857142857,381.42857142857144,22.0,3.5714285714285716,14.5,9.642857142857142,24.0,5.928571428571429,52.0,35.5,9.571428571428571,6.785714285714286,2.4285714285714284,8.357142857142858,50.142857142857146,46.714285714285715,2.857142857142857,1.5378571428571426,1.6942857142857142,2.2,1.2,1.0000000000000002,0.6333333333333333,15,55.4,5.333333333333333,5.2,13.933333333333334,9.133333333333333,4.8,3.4,5.066666666666666,12.846153846153847,13.4,1.4,6.933333333333334,2.4,23.666666666666668,1.6,0.3333333333333333,473.4,392.8,25.066666666666666,3.7333333333333334,14.533333333333333,7.266666666666667,18.866666666666667,8.733333333333333,49.666666666666664,36.2,10.866666666666667,8.8,3.2857142857142856,7.733333333333333,52.0,46.13333333333333,2.8666666666666667,1.879333333333333,0.9646666666666668,1663.0,1637.0,26.0,126.0,0.6737761878883222,1682.9584351979468,1657.8928737266056,7.9965116721541785,7.853698211776174,0.14281346037800446,1.018184230731436,1,0,20,2.0,0.0,2026-03-31,Slovakia,Romania,home,1663.0,1637.0,True,0.10642197558867528,0.18887881460785627,1637.0
1.9333333333333333,1.6666666666666667,0.2666666666666666,0.5666666666666667,15,45.38461538461539,4.0,5.3076923076923075,12.692307692307692,8.692307692307692,4.0,3.3846153846153846,3.5384615384615383,16.0,13.384615384615385,1.6153846153846154,9.0,2.230769230769231,19.615384615384617,2.769230769230769,0.38461538461538464,380.2307692307692,296.38461538461536,23.46153846153846,4.384615384615385,13.76923076923077,7.3076923076923075,28.307692307692307,8.0,50.69230769230769,33.84615384615385,17.0,7.923076923076923,2.3846153846153846,7.538461538461538,56.07692307692308,44.92307692307692,2.769230769230769,1.6023076923076924,1.7615384615384615,2.3333333333333335,1.5333333333333334,0.8,0.6666666666666666,15,57.666666666666664,6.2,6.2,17.4,12.0,5.4,5.0,6.2,11.357142857142858,12.666666666666666,1.3333333333333333,6.133333333333334,2.2,17.6,1.6428571428571428,0.4666666666666667,527.8666666666667,461.73333333333335,26.333333333333332,7.466666666666667,12.533333333333333,6.0,16.6,6.2,50.666666666666664,29.533333333333335,10.666666666666666,4.733333333333333,3.2666666666666666,7.733333333333333,56.13333333333333,40.46666666666667,2.8666666666666667,2.037333333333333,1.0559999999999998,1584.0,1866.0,-282.0,-182.0,0.25967158048516964,1627.8965652198508,1889.3781133598045,7.88081358656639,8.665580991017952,-0.7847674044515625,0.9094385702164702,1,0,40,5.0,2.0,2026-03-31,Bosnia & Herzegovina,Italy,home,1584.0,1866.0,True,0.5480861687413265,0.4842196317301199,1584.0
0.5333333333333333,1.4666666666666666,-0.9333333333333332,0.3,15,44.0,2.230769230769231,3.6153846153846154,8.076923076923077,5.384615384615385,2.6923076923076925,2.230769230769231,3.076923076923077,11.461538461538462,10.384615384615385,1.7692307692307692,9.615384615384615,3.3333333333333335,18.923076923076923,2.076923076923077,0.07692307692307693,396.15384615384613,323.53846153846155,22.153846153846153,3.3846153846153846,15.923076923076923,7.3076923076923075,28.153846153846153,5.153846153846154,51.0,29.615384615384617,13.23076923076923,4.384615384615385,1.6666666666666667,9.0,42.92307692307692,42.53846153846154,1.4615384615384615,1.0092307692307694,1.6884615384615378,0.4,2.2666666666666666,-1.8666666666666667,0.16666666666666666,15,33.666666666666664,1.0833333333333333,2.4166666666666665,4.25,2.0833333333333335,2.1666666666666665,0.75,2.1666666666666665,10.416666666666666,13.0,1.9166666666666667,10.5,3.9166666666666665,18.583333333333332,2.3636363636363638,0.3333333333333333,247.83333333333334,167.08333333333334,20.833333333333332,1.1666666666666667,13.0,8.083333333333334,36.5,7.25,46.833333333333336,31.166666666666668,13.25,6.166666666666667,0.5833333333333334,7.5,44.166666666666664,43.0,2.5833333333333335,0.435,2.7583333333333333,1297.0,1006.0,291.0,391.0,0.9047175302821824,1307.7170897592418,972.2898665763917,6.755112266395071,6.042181594515767,0.7129306718793043,1.1179922616901157,1,0,30,1.0,0.0,2026-03-31,Latvia,Gibraltar,home,1297.0,1006.0,True,0.009078749035526832,0.022553525647027717,1006.0
1.2666666666666666,1.6666666666666667,-0.40000000000000013,0.4666666666666667,15,42.8,4.666666666666667,5.733333333333333,13.533333333333333,9.133333333333333,4.4,3.1333333333333333,4.8,12.642857142857142,12.2,1.5333333333333334,7.0,3.1333333333333333,16.8,1.8666666666666667,0.3333333333333333,371.93333333333334,299.46666666666664,20.533333333333335,6.0,16.066666666666666,9.8,28.4,5.6,50.53333333333333,32.2,15.933333333333334,5.0,2.533333333333333,10.8,45.2,43.4,1.7333333333333334,1.5413333333333332,1.7593333333333334,1.8,1.2666666666666666,0.5333333333333334,0.5666666666666667,15,52.857142857142854,5.642857142857143,6.571428571428571,16.642857142857142,11.0,5.642857142857143,4.428571428571429,5.071428571428571,12.357142857142858,12.071428571428571,1.6923076923076923,5.642857142857143,2.7142857142857144,15.0,1.9230769230769231,0.35714285714285715,508.2142857142857,437.64285714285717,24.928571428571427,4.214285714285714,15.0,8.571428571428571,15.5,5.714285714285714,49.57142857142857,32.857142857142854,10.714285714285714,6.5,2.4285714285714284,9.285714285714286,52.642857142857146,48.857142857142854,1.6153846153846154,1.912857142857143,1.229285714285714,1705.0,1750.0,-45.0,55.0,0.5784967523447427,1733.2446386621364,1752.4688934254223,8.252513221560024,8.136879039875517,0.11563418168450745,1.0142111221167025,1,0,20,0.0,0.0,2026-03-31,Hungary,Greece,home,1705.0,1750.0,True,0.006161740128671874,0.00037993216310098626,1705.0
1.4666666666666666,1.6,-0.13333333333333353,0.5666666666666667,15,43.06666666666667,3.933333333333333,4.533333333333333,10.8,7.866666666666666,2.933333333333333,2.3333333333333335,4.0,11.428571428571429,11.4,2.1666666666666665,8.8,3.4,19.933333333333334,2.7142857142857144,0.4666666666666667,380.8,301.3333333333333,21.533333333333335,6.0,13.933333333333334,6.4,23.333333333333332,8.066666666666666,51.2,30.533333333333335,20.133333333333333,5.866666666666666,2.2,8.666666666666666,53.0,42.333333333333336,1.8666666666666667,1.3213333333333332,1.608666666666667,1.4,1.0666666666666667,0.33333333333333326,0.6333333333333333,15,46.714285714285715,3.9285714285714284,3.2857142857142856,10.428571428571429,5.928571428571429,4.5,3.2142857142857144,3.857142857142857,10.538461538461538,12.5,2.3846153846153846,8.571428571428571,2.7857142857142856,18.571428571428573,2.2857142857142856,0.14285714285714285,381.7857142857143,306.07142857142856,25.071428571428573,2.7857142857142856,15.214285714285714,7.428571428571429,26.5,8.428571428571429,49.07142857142857,33.42857142857143,10.5,7.142857142857143,2.0714285714285716,10.285714285714286,51.785714285714285,44.92857142857143,1.7857142857142858,1.1307692307692307,1.4869230769230768,1696.0,1518.0,178.0,278.0,0.8320598405303332,1684.6947679368132,1600.0593863497468,8.09315892757719,7.414471949629303,0.6786869779478861,1.0915354434622708,1,0,20,0.0,0.0,2026-03-31,Ireland,North Macedonia,home,1696.0,1518.0,True,0.11026373769303033,0.09427446791262659,1518.0
2.2666666666666666,1.0,1.2666666666666666,0.8666666666666667,15,44.53846153846154,4.769230769230769,4.384615384615385,11.692307692307692,7.461538461538462,4.230769230769231,2.5384615384615383,3.4615384615384617,11.76923076923077,12.0,1.5,7.846153846153846,3.0,17.46153846153846,2.076923076923077,0.15384615384615385,398.9230769230769,320.2307692307692,27.923076923076923,3.3846153846153846,13.076923076923077,8.76923076923077,24.846153846153847,5.769230769230769,50.23076923076923,33.0,12.384615384615385,8.23076923076923,1.6923076923076923,8.153846153846153,52.23076923076923,51.38461538461539,1.5833333333333333,1.2353846153846153,0.8646153846153847,2.1333333333333333,1.3333333333333333,0.8,0.7333333333333333,15,56.666666666666664,5.133333333333334,5.933333333333334,15.866666666666667,8.666666666666666,7.2,4.8,6.266666666666667,10.266666666666667,12.0,2.0,6.266666666666667,2.7333333333333334,18.533333333333335,2.357142857142857,0.4666666666666667,496.93333333333334,422.1333333333333,22.533333333333335,3.6666666666666665,15.666666666666666,8.133333333333333,17.933333333333334,8.4,54.333333333333336,36.666666666666664,12.8,9.533333333333333,2.3333333333333335,10.4,58.0,45.13333333333333,2.6923076923076925,1.6546666666666667,1.1586666666666665,1738.0,1885.0,-147.0,-47.0,0.4327711556570478,1733.9469210620946,1890.371034884832,7.850247898240141,8.502017214827147,-0.6517693165870053,0.9233394499072116,1,0,40,0.0,1.0,2026-03-31,Kosovo,Türkiye,home,1738.0,1885.0,True,0.18729087316873672,0.13575466011057266,1738.0
0.5333333333333333,1.4,-0.8666666666666666,0.26666666666666666,15,48.42857142857143,2.9285714285714284,3.5714285714285716,9.285714285714286,4.928571428571429,4.357142857142857,2.7857142857142856,3.5714285714285716,14.23076923076923,12.142857142857142,1.4166666666666667,7.214285714285714,2.7857142857142856,19.928571428571427,3.142857142857143,0.2857142857142857,407.2857142857143,330.0,24.642857142857142,2.357142857142857,13.285714285714286,9.928571428571429,24.428571428571427,8.214285714285714,47.42857142857143,31.571428571428573,12.214285714285714,7.0,1.5,7.357142857142857,48.42857142857143,46.214285714285715,1.7857142857142858,0.8771428571428572,1.4007142857142856,0.8,1.7333333333333334,-0.9333333333333333,0.43333333333333335,15,47.083333333333336,3.0,3.6666666666666665,9.25,4.916666666666667,4.333333333333333,2.5833333333333335,2.5833333333333335,12.75,14.583333333333334,1.2727272727272727,7.833333333333333,3.3333333333333335,21.75,2.6363636363636362,0.08333333333333333,392.25,310.75,24.75,2.6666666666666665,17.25,7.083333333333333,22.166666666666668,6.416666666666667,50.25,37.583333333333336,14.083333333333334,7.083333333333333,1.6666666666666667,11.083333333333334,46.583333333333336,45.25,1.4166666666666667,0.8741666666666666,1.9125000000000003,1424.0,1249.0,175.0,275.0,0.8296328234313434,1430.5103156666407,1261.281494842002,7.465457210575713,6.90156729002845,0.563889920547263,1.0817046182193986,1,0,30,3.0,0.0,2026-03-31,Luxembourg,Malta,home,1424.0,1249.0,True,0.029024974851975825,0.05302097484826302,1249.0
1.1333333333333333,1.6666666666666667,-0.5333333333333334,0.43333333333333335,15,46.833333333333336,4.333333333333333,6.25,13.416666666666666,8.333333333333334,5.083333333333333,2.8333333333333335,4.916666666666667,13.0,13.333333333333334,2.0833333333333335,9.583333333333334,3.9166666666666665,18.166666666666668,3.0,0.4166666666666667,343.75,266.5833333333333,27.916666666666668,5.666666666666667,14.083333333333334,7.0,27.0,5.416666666666667,50.833333333333336,31.666666666666668,15.166666666666666,5.833333333333333,1.75,8.0,48.916666666666664,45.833333333333336,2.5833333333333335,1.350833333333333,1.776666666666667,0.6666666666666666,1.2,-0.5333333333333333,0.4666666666666667,15,43.23076923076923,2.769230769230769,3.1538461538461537,9.076923076923077,5.6923076923076925,3.3846153846153846,3.1538461538461537,2.769230769230769,12.538461538461538,10.076923076923077,1.2307692307692308,8.076923076923077,3.5384615384615383,20.76923076923077,1.8461538461538463,0.15384615384615385,414.0769230769231,333.53846153846155,28.923076923076923,2.8461538461538463,14.846153846153847,10.0,22.307692307692307,6.769230769230769,48.61538461538461,29.46153846153846,14.692307692307692,5.076923076923077,1.1538461538461537,8.23076923076923,42.15384615384615,45.61538461538461,1.0769230769230769,0.9176923076923077,1.6100000000000005,1445.0,1688.0,-243.0,-143.0,0.30509028727049736,1455.6436514943748,1679.7640405681698,7.598571663482141,7.740283719681879,-0.14171205619973826,0.9816916199286863,1,0,20,2.0,3.0,2026-03-31,Montenegro,Slovenia,home,1445.0,1688.0,True,0.0930800833867946,0.1417145045933185,1445.0
2.066666666666667,1.5333333333333334,0.5333333333333334,0.5666666666666667,15,62.2,5.8,3.7333333333333334,13.133333333333333,9.333333333333334,3.8,3.6,5.8,10.333333333333334,11.866666666666667,0.8461538461538461,7.466666666666667,1.5333333333333334,18.866666666666667,1.8666666666666667,0.4,545.4,476.8666666666667,20.6,6.066666666666666,12.6,6.533333333333333,21.933333333333334,6.133333333333334,52.2,31.866666666666667,12.6,7.8,2.8666666666666667,7.666666666666667,64.4,41.93333333333333,2.6666666666666665,1.9586666666666666,1.4426666666666668,1.3333333333333333,1.2,0.1333333333333333,0.5,15,39.13333333333333,3.2666666666666666,4.4,9.8,6.266666666666667,3.533333333333333,2.1333333333333333,4.4,13.266666666666667,14.533333333333333,1.2,7.266666666666667,1.8666666666666667,20.066666666666666,1.9333333333333333,0.3333333333333333,316.46666666666664,238.13333333333333,21.066666666666666,3.0,17.133333333333333,9.0,24.866666666666667,6.933333333333334,52.266666666666666,37.86666666666667,14.866666666666667,6.866666666666666,2.066666666666667,10.6,46.733333333333334,43.733333333333334,2.933333333333333,0.9679999999999999,1.1806666666666668,1703.0,1596.0,107.0,207.0,0.7670249181450214,1673.662155261966,1611.4628635214349,8.033403648795499,7.774334450709304,0.2590691980861948,1.0333236497257405,1,0,20,1.0,1.0,2026-03-31,Wales,Northern Ireland,home,1703.0,1596.0,True,0.07130230691035537,0.056836340168288944,1596.0
3.533333333333333,0.9333333333333333,2.5999999999999996,0.8333333333333334,15,55.93333333333333,6.8,5.933333333333334,17.866666666666667,13.133333333333333,4.733333333333333,5.133333333333334,5.066666666666666,8.928571428571429,11.066666666666666,1.1666666666666667,4.866666666666666,2.2,15.4,1.1428571428571428,0.6666666666666666,528.1333333333333,466.26666666666665,21.533333333333335,5.4,12.6,6.4,14.333333333333334,8.0,53.6,33.86666666666667,13.466666666666667,10.4,4.266666666666667,7.933333333333334,58.2,45.6,2.4285714285714284,2.611333333333333,0.8613333333333333,2.2666666666666666,1.2,1.0666666666666667,0.6333333333333333,15,58.666666666666664,5.0,3.2,11.533333333333333,7.8,3.7333333333333334,3.3333333333333335,5.066666666666666,11.0,11.466666666666667,1.4666666666666666,6.266666666666667,2.066666666666667,19.4,1.4285714285714286,0.4,553.6,485.4,26.733333333333334,3.6666666666666665,14.533333333333333,7.6,16.066666666666666,8.6,49.6,33.333333333333336,9.066666666666666,7.066666666666666,2.8,8.733333333333333,53.86666666666667,45.93333333333333,2.0,1.7953333333333334,1.2126666666666666,1916.0,1885.0,31.0,131.0,0.6800706757372215,1923.399462576914,1883.9315975329891,8.54161668151239,8.200303180243285,0.34131350126910576,1.041622058815023,1,0,20,0.0,0.0,2026-03-31,Norway,Switzerland,home,1916.0,1885.0,True,0.03242544826045956,0.013983158581766748,1885.0
2.066666666666667,1.4,0.666666666666667,0.5666666666666667,15,56.666666666666664,5.533333333333333,5.0,14.0,10.2,3.8,3.466666666666667,6.466666666666667,14.6,12.066666666666666,1.9333333333333333,6.333333333333333,2.933333333333333,20.466666666666665,2.0,0.4666666666666667,514.8666666666667,433.1333333333333,20.133333333333333,4.133333333333334,12.666666666666666,8.133333333333333,18.266666666666666,9.333333333333334,47.2,32.13333333333333,10.133333333333333,7.733333333333333,2.6,8.466666666666667,63.6,52.333333333333336,2.2666666666666666,1.9266666666666665,1.406,1.6666666666666667,1.4,0.26666666666666683,0.6333333333333333,15,47.07142857142857,5.642857142857143,5.785714285714286,16.285714285714285,9.071428571428571,7.214285714285714,4.857142857142857,5.785714285714286,12.153846153846153,12.714285714285714,1.5833333333333333,6.928571428571429,2.7857142857142856,16.785714285714285,1.7692307692307692,0.0,418.35714285714283,350.2857142857143,22.642857142857142,3.9285714285714284,17.285714285714285,8.642857142857142,23.071428571428573,6.142857142857143,52.57142857142857,36.357142857142854,13.0,7.142857142857143,2.3076923076923075,10.714285714285714,49.42857142857143,45.142857142857146,1.8571428571428572,1.457857142857143,1.3571428571428572,1702.0,1746.0,-44.0,56.0,0.5798997603578815,1712.111403984388,1761.1220792396168,8.293340450438434,8.119255889277937,0.17408456116049642,1.0214409501972204,1,0,40,3.0,2.0,2026-03-31,Sweden,Poland,home,1702.0,1746.0,True,0.1764842113473654,0.2574520846057549,1702.0
1.0,1.7333333333333334,-0.7333333333333334,0.3,15,52.166666666666664,2.8333333333333335,5.333333333333333,10.5,5.666666666666667,4.833333333333333,2.3333333333333335,2.1666666666666665,14.0,16.0,2.6666666666666665,9.0,2.5,20.0,1.5833333333333333,0.16666666666666666,498.6666666666667,413.3333333333333,22.0,2.1666666666666665,19.5,8.166666666666666,14.166666666666666,10.833333333333334,48.333333333333336,43.666666666666664,6.333333333333333,8.5,1.8333333333333333,12.666666666666666,53.166666666666664,50.833333333333336,1.8333333333333333,0.9499999999999998,1.4216666666666666,0.4,2.466666666666667,-2.066666666666667,0.13333333333333333,15,32.333333333333336,1.5,2.3333333333333335,4.75,3.6666666666666665,2.3333333333333335,2.0,2.0,12.5,17.333333333333332,1.0,9.666666666666666,2.0,18.666666666666668,1.3846153846153846,0.0,225.33333333333334,162.0,16.666666666666668,1.6666666666666667,18.333333333333332,7.0,20.0,8.666666666666666,50.666666666666664,40.0,6.666666666666667,4.666666666666667,0.6666666666666666,11.0,35.0,36.333333333333336,1.0,,,1280.0,1040.0,240.0,340.0,0.8762293189310646,1254.6897956143305,988.017879588657,,,,,1,0,50,1.0,0.0,2026-03-31,Ethiopia,São Tomé and Príncipe,home,1280.0,1040.0,True,0.015319181492268125,0.05195592159453052,1040.0
0.5333333333333333,3.3333333333333335,-2.8000000000000003,0.1,15,34.81818181818182,1.8181818181818181,3.1818181818181817,6.636363636363637,4.2727272727272725,2.3636363636363638,1.6363636363636365,2.727272727272727,15.181818181818182,14.0,0.7272727272727273,10.181818181818182,4.363636363636363,18.727272727272727,3.090909090909091,0.18181818181818182,274.27272727272725,199.1818181818182,18.09090909090909,2.090909090909091,17.272727272727273,8.181818181818182,29.181818181818183,9.272727272727273,47.18181818181818,36.54545454545455,9.545454545454545,6.0,1.4545454545454546,11.272727272727273,34.0,46.0,1.4545454545454546,0.7881818181818182,3.2763636363636364,0.3333333333333333,1.6666666666666667,-1.3333333333333335,0.16666666666666666,15,29.5,1.0,2.8333333333333335,4.75,2.5833333333333335,2.1666666666666665,0.9166666666666666,1.4166666666666667,16.7,10.25,0.9166666666666666,11.083333333333334,3.9,16.666666666666668,2.6363636363636362,0.25,253.58333333333334,169.5,20.0,1.0833333333333333,14.333333333333334,9.916666666666666,31.166666666666668,7.0,42.75,28.166666666666668,13.666666666666666,4.666666666666667,0.4,8.75,41.833333333333336,41.666666666666664,1.0909090909090908,0.28750000000000003,1.4925,832.0,1081.0,-249.0,-149.0,0.29781739790947936,781.2775126909125,1080.3788664670192,5.869231719730976,6.042575512440191,-0.17334379270921474,0.9713129290064573,1,0,20,0.0,0.0,2026-03-31,San Marino,Andorra,home,832.0,1081.0,True,0.0408778045880938,0.006298889159712924,832.0
0.6666666666666666,2.066666666666667,-1.4000000000000004,0.26666666666666666,15,40.166666666666664,3.1666666666666665,5.5,7.5,2.75,4.75,1.0,3.5,12.166666666666666,8.333333333333334,1.8333333333333333,13.25,3.5,17.25,1.2,0.0,308.25,232.75,18.5,1.75,18.5,10.75,23.0,6.5,41.5,28.0,7.0,3.0,0.5,12.25,44.25,48.5,1.0,0.5175000000000001,2.25,0.6666666666666666,1.5,-0.8333333333333334,0.25,6,,,,,,,,,,,,,,,,,,,,,,,,,,,,,,,,,,,,1286.0,1175.0,111.0,211.0,0.7711142606875975,1144.4980349203452,1130.3187897609641,,,,,1,0,50,1.0,2.0,2026-03-31,Eswatini,Eritrea,home,1286.0,1175.0,True,0.59461720303578,0.4346720550720439,1175.0
2.6666666666666665,0.5333333333333333,2.1333333333333333,0.9666666666666667,15,56.5,6.75,7.666666666666667,18.25,12.416666666666666,5.833333333333333,3.4166666666666665,7.333333333333333,9.416666666666666,8.083333333333334,2.3333333333333335,5.833333333333333,1.9166666666666667,22.25,1.3333333333333333,0.75,475.0833333333333,392.8333333333333,27.333333333333332,8.5,10.083333333333334,10.0,15.083333333333334,7.416666666666667,50.166666666666664,33.833333333333336,20.333333333333332,10.666666666666666,3.4285714285714284,9.375,56.75,47.25,2.5,2.6325,0.205,1.4666666666666666,1.2,0.2666666666666666,0.6333333333333333,15,64.375,6.625,8.75,19.0,11.375,7.625,3.5,7.0,10.75,8.0,1.375,5.25,1.0,22.875,1.375,0.375,506.75,431.25,23.25,8.125,9.875,10.5,7.875,7.375,49.125,40.875,15.125,15.0,2.25,13.0,68.25,45.0,2.5,2.795,0.08249999999999999,1331.0,1313.0,18.0,118.0,0.6635740980412955,1392.9574968137433,1232.1131710674892,6.5837653682849995,6.567026366159061,0.016739002125938818,1.0025489469955835,1,0,50,3.0,1.0,2026-03-31,Vietnam,Malaysia,home,1331.0,1313.0,True,0.11318238750872783,0.23056270627890138,1313.0
3.533333333333333,1.6666666666666667,1.8666666666666665,0.8666666666666667,15,63.53333333333333,8.333333333333334,6.933333333333334,20.266666666666666,15.0,5.266666666666667,5.0,5.866666666666666,11.8,9.666666666666666,2.0,4.2,2.2,15.666666666666666,1.6666666666666667,0.6,672.7333333333333,610.0666666666667,23.466666666666665,4.0,14.0,7.333333333333333,14.133333333333333,7.333333333333333,50.0,30.666666666666668,7.933333333333334,7.2,5.266666666666667,8.333333333333334,66.8,46.8,2.5,3.049333333333334,0.8986666666666667,1.4,1.2,0.19999999999999996,0.6,15,53.416666666666664,4.916666666666667,4.5,11.833333333333334,7.0,4.833333333333333,2.4166666666666665,3.9166666666666665,12.090909090909092,13.916666666666666,2.4545454545454546,7.0,3.0,21.416666666666668,1.9166666666666667,0.25,467.9166666666667,390.6666666666667,25.083333333333332,4.25,19.833333333333332,9.0,28.5,8.416666666666666,53.416666666666664,42.333333333333336,13.583333333333334,9.25,3.0,11.333333333333334,60.416666666666664,51.083333333333336,2.3333333333333335,0.885,1.06,2174.0,1680.0,494.0,594.0,0.9683034863911132,2166.2862033730767,1663.1037972727206,8.749890841271421,7.940217555599735,0.8096732856716864,1.1019711714448774,1,0,20,0.0,0.0,2026-03-31,Spain,Egypt,home,2174.0,1680.0,True,0.21930815536607154,0.19688081047062952,1680.0
1.6666666666666667,0.9333333333333333,0.7333333333333334,0.6333333333333333,15,47.666666666666664,3.0,4.444444444444445,10.222222222222221,5.555555555555555,4.666666666666667,2.7777777777777777,4.0,7.333333333333333,8.88888888888889,1.5555555555555556,10.666666666666666,3.7777777777777777,17.555555555555557,0.7777777777777778,0.1111111111111111,394.22222222222223,324.3333333333333,21.444444444444443,3.3333333333333335,11.666666666666666,9.11111111111111,23.666666666666668,9.222222222222221,49.111111111111114,39.55555555555556,16.0,9.444444444444445,0.75,10.6,31.8,39.2,2.2,2.8225,0.25,0.4666666666666667,1.3333333333333333,-0.8666666666666666,0.23333333333333334,15,43.625,3.3333333333333335,2.6666666666666665,7.333333333333333,3.6666666666666665,3.6666666666666665,1.3333333333333333,3.25,9.75,7.625,1.625,8.166666666666666,2.0,17.166666666666668,2.625,0.0,313.3333333333333,250.5,15.333333333333334,3.5,7.333333333333333,11.166666666666666,18.166666666666668,8.833333333333334,38.5,36.0,10.833333333333334,9.0,0.0,10.5,36.5,49.0,1.0,0.646,1.188,1486.0,1015.0,471.0,571.0,0.963978055919827,1445.310117064537,969.8720460560379,6.263399331334003,5.4031205211758175,0.8602788101581851,1.1592188822711977,1,0,50,5.0,1.0,2026-03-31,Syria,Afghanistan,home,1486.0,1015.0,True,0.0012975804553151111,0.0038593538561196438,1015.0
1.4,1.4,0.0,0.5,15,54.76923076923077,3.8461538461538463,4.230769230769231,10.454545454545455,6.454545454545454,4.0,2.5454545454545454,3.923076923076923,10.909090909090908,7.333333333333333,1.6666666666666667,9.0,2.5454545454545454,21.09090909090909,2.230769230769231,0.09090909090909091,405.0,333.0,23.636363636363637,4.545454545454546,9.545454545454545,6.909090909090909,21.545454545454547,6.7272727272727275,44.45454545454545,27.454545454545453,16.90909090909091,5.636363636363637,2.0,9.142857142857142,57.42857142857143,39.285714285714285,2.142857142857143,1.7085714285714286,1.1385714285714286,0.8666666666666667,1.4,-0.5333333333333332,0.4,15,47.42857142857143,2.7142857142857144,4.428571428571429,8.166666666666666,4.333333333333333,3.8333333333333335,2.5,3.7142857142857144,10.571428571428571,2.4285714285714284,1.5714285714285714,10.5,2.1666666666666665,22.0,1.7142857142857142,0.16666666666666666,315.1666666666667,242.83333333333334,16.333333333333332,3.3333333333333335,4.833333333333333,11.0,19.0,4.666666666666667,35.833333333333336,28.166666666666668,11.0,9.333333333333334,0.0,8.0,15.0,36.0,0.0,1.0216666666666667,1.3,1131.0,938.0,193.0,293.0,0.8437822479242926,1153.9000183590344,938.2230685030676,6.335257256434532,6.8299466959416355,-0.49468943950710376,0.9275705270436373,1,0,50,1.0,0.0,2026-03-31,Singapore,Bangladesh,home,1131.0,938.0,True,0.024403986063587194,0.1081332060517341,938.0
0.5333333333333333,2.6,-2.066666666666667,0.23333333333333334,15,43.125,1.5,4.375,8.285714285714286,2.6,5.4,2.0,2.375,7.0,5.625,1.125,14.571428571428571,4.285714285714286,26.285714285714285,0.625,0.2,324.6,242.2,20.4,2.6,2.6,17.8,14.0,4.8,33.0,30.4,10.8,11.4,,,,,,0.5016666666666666,2.171666666666667,0.6666666666666666,2.8666666666666667,-2.2,0.36666666666666664,15,33.5,1.0,1.8333333333333333,3.1666666666666665,1.0,1.2,0.16666666666666666,1.75,8.333333333333334,4.5,1.5,14.166666666666666,6.0,16.5,1.875,0.0,267.4,203.2,17.4,1.0,6.8,13.8,24.2,6.4,29.2,23.4,11.8,4.8,0.0,4.0,12.0,27.0,0.0,0.1,3.4074999999999998,615.0,655.0,-40.0,60.0,0.5854986786718095,637.1988696845008,655.48753015925,5.725911632295048,5.636487896353366,0.08942373594168274,1.0158651517728863,1,0,50,2.0,1.0,2026-03-31,Bhutan,Brunei Darussalam,home,615.0,655.0,True,0.17181134538281584,0.2047491797610299,615.0
1.2,0.6666666666666666,0.5333333333333333,0.6,15,46.166666666666664,2.6666666666666665,5.0,11.0,7.333333333333333,3.6666666666666665,3.3333333333333335,5.166666666666667,16.6,14.666666666666666,0.4,8.0,1.8333333333333333,18.833333333333332,1.9230769230769231,0.8333333333333334,329.0,255.83333333333334,20.0,4.166666666666667,16.666666666666668,7.666666666666667,23.166666666666668,8.5,45.833333333333336,34.0,13.333333333333334,3.0,2.0,10.333333333333334,47.166666666666664,38.666666666666664,2.6666666666666665,0.11,1.31,0.8,1.8,-1.0,0.36666666666666664,15,36.285714285714285,2.0,3.357142857142857,8.357142857142858,5.0,3.357142857142857,3.0,3.5714285714285716,11.76923076923077,7.357142857142857,2.142857142857143,10.0,2.642857142857143,19.071428571428573,2.0714285714285716,0.0,301.7857142857143,227.85714285714286,23.785714285714285,3.142857142857143,14.071428571428571,10.785714285714286,25.785714285714285,7.428571428571429,46.714285714285715,31.785714285714285,16.285714285714285,6.714285714285714,1.0,10.636363636363637,50.54545454545455,41.09090909090909,1.4,0.7774999999999999,1.0375,1601.0,1436.0,165.0,165.0,0.7210782431975601,1609.5268710146902,1428.222945932895,7.565670760378518,6.824776462475546,0.7408942979029725,1.108559496706831,0,1,30,2.0,0.0,2026-03-31,Cameroon,China,neutral,1601.0,1436.0,True,0.07779734641775944,0.06695451570669031,1436.0
1.0666666666666667,2.8666666666666667,-1.8,0.13333333333333333,15,39.714285714285715,1.2857142857142858,2.7142857142857144,6.0,2.8333333333333335,2.8333333333333335,2.0,2.4285714285714284,8.571428571428571,5.0,1.1428571428571428,11.142857142857142,4.428571428571429,19.428571428571427,1.1428571428571428,0.16666666666666666,317.0,248.16666666666666,18.333333333333332,2.8333333333333335,6.0,17.166666666666668,17.333333333333332,8.166666666666666,36.666666666666664,36.833333333333336,9.666666666666666,10.833333333333334,1.0,8.0,47.0,55.0,1.0,0.466,1.6199999999999999,1.0666666666666667,1.4,-0.33333333333333326,0.5,15,50.5,4.0,3.0,10.0,6.428571428571429,3.5714285714285716,2.142857142857143,4.0,11.5,3.375,1.75,8.75,3.142857142857143,20.875,1.3333333333333333,0.42857142857142855,371.2857142857143,310.0,23.142857142857142,4.142857142857143,3.4285714285714284,11.857142857142858,14.285714285714286,6.285714285714286,37.142857142857146,40.42857142857143,15.142857142857142,13.0,,,,,,1.5533333333333335,1.081111111111111,866.0,782.0,84.0,184.0,0.7425355589430698,838.1396657976927,812.377837697878,6.193402903062418,5.463892988985907,0.7295099140765107,1.133514678187705,1,0,50,1.0,3.0,2026-03-31,Chinese Taipei,Sri Lanka,home,866.0,782.0,True,0.551359056294897,0.5441310959634612,782.0
1.2666666666666666,1.3333333333333333,-0.06666666666666665,0.43333333333333335,15,44.0,2.6,5.2,11.8,6.6,5.2,4.0,4.125,12.25,5.5,1.75,9.4,2.0,23.6,1.5,0.0,340.8,266.6,23.6,3.6,5.8,16.2,15.0,6.0,41.2,37.2,18.2,12.2,3.0,9.0,63.0,50.0,5.0,1.3439999999999999,1.214,1.8,1.2666666666666666,0.5333333333333334,0.5333333333333333,15,44.3,3.5,5.2,8.625,5.125,3.5,2.0,5.4,8.9,6.0,1.8,9.75,2.5,22.125,1.2,0.375,276.375,214.625,22.875,4.25,2.0,16.625,19.625,5.5,39.25,39.25,19.25,13.375,,,,,,1.236,1.2550000000000001,1123.0,1135.0,-12.0,88.0,0.6240017586176672,1133.5294003722718,1106.3784937386192,6.389166084364533,6.38363586836188,0.005530216002652466,1.0008663113179843,1,0,50,2.0,1.0,2026-03-31,India,Hong Kong,home,1123.0,1135.0,True,0.14137467752260705,0.3033201165325858,1123.0
2.2,1.5333333333333334,0.6666666666666667,0.6,15,57.9,6.125,5.25,14.625,8.875,5.625,3.25,4.7272727272727275,11.272727272727273,11.545454545454545,1.4545454545454546,6.625,1.625,22.75,1.3,0.0,474.75,391.125,26.625,4.875,13.25,9.375,19.25,4.0,54.125,28.0,17.875,5.0,2.625,8.5,56.25,45.875,1.375,0.61,0.78,2.933333333333333,1.3333333333333333,1.5999999999999999,0.6666666666666666,15,49.333333333333336,6.75,5.583333333333333,16.583333333333332,9.333333333333334,7.25,4.25,6.25,12.333333333333334,13.5,2.1666666666666665,8.083333333333334,2.3333333333333335,24.166666666666668,2.076923076923077,0.4166666666666667,352.75,286.75,23.0,4.166666666666667,15.833333333333334,8.25,19.333333333333332,7.583333333333333,50.416666666666664,35.916666666666664,15.25,7.25,3.0,10.0,58.333333333333336,40.0,3.5833333333333335,2.0460000000000003,1.8960000000000001,1739.0,1634.0,105.0,205.0,0.7649612635526892,1759.2534842246073,1602.2787329941473,7.142702245737616,7.042063349432156,0.10063889630546008,1.0142911091979279,1,0,20,5.0,0.0,2026-03-31,Iran,Costa Rica,home,1739.0,1634.0,True,0.055243207630748414,0.1040628988908831,1634.0
2.6,0.4666666666666667,2.1333333333333333,0.8333333333333334,15,69.13333333333334,6.466666666666667,5.333333333333333,16.466666666666665,11.2,5.2,4.666666666666667,7.266666666666667,9.266666666666667,11.066666666666666,1.5384615384615385,3.4,1.4666666666666666,15.266666666666667,1.5384615384615385,0.4666666666666667,667.8666666666667,612.9333333333333,19.133333333333333,5.2,12.666666666666666,6.666666666666667,10.333333333333334,6.266666666666667,53.86666666666667,32.53333333333333,10.066666666666666,9.266666666666667,3.533333333333333,7.866666666666666,79.26666666666667,41.333333333333336,3.142857142857143,2.203333333333333,0.6473333333333332,2.066666666666667,0.6,1.4666666666666668,0.7666666666666667,15,57.0,5.2,5.0,13.133333333333333,9.4,3.7333333333333334,2.933333333333333,6.0,13.666666666666666,7.8,1.4666666666666666,5.0,1.9333333333333333,18.133333333333333,1.2727272727272727,0.4,524.7333333333333,454.26666666666665,21.866666666666667,5.6,12.0,9.466666666666667,16.0,6.133333333333334,49.46666666666667,31.6,19.266666666666666,9.0,2.909090909090909,10.166666666666666,67.16666666666667,48.0,1.4545454545454546,1.5611111111111111,1.1788888888888889,2036.0,1888.0,148.0,248.0,0.8065275228171078,2068.9412415460306,1876.0248215218023,8.79386020134267,8.212786677276501,0.5810735240661682,1.0707522972286505,1,0,20,0.0,1.0,2026-03-31,England,Japan,home,2036.0,1888.0,True,0.6504866450615003,0.5552325012221688,1888.0
1.6,1.0666666666666667,0.5333333333333334,0.5666666666666667,15,34.72727272727273,4.545454545454546,4.545454545454546,11.6,6.7,4.9,2.6363636363636362,3.6363636363636362,12.9,9.363636363636363,1.4,8.090909090909092,2.6,22.0,1.2727272727272727,0.09090909090909091,319.3,249.2,20.1,3.6,18.6,10.6,32.1,11.2,47.4,34.0,13.0,6.9,2.5,12.1,50.8,50.2,2.2222222222222223,1.225,1.185,2.6,1.4,1.2000000000000002,0.7666666666666667,15,56.75,5.25,4.375,11.875,8.125,3.75,2.375,3.75,19.375,14.0,1.8571428571428572,7.125,1.125,17.5,2.0,0.25,466.0,404.125,28.625,5.625,14.5,8.125,21.75,9.125,48.75,35.5,11.125,8.125,3.5,9.25,60.0,49.625,2.375,,,1687.0,1755.0,-68.0,32.0,0.5459219227804837,1683.474361204236,1758.6816900505141,7.028774526500088,8.043146059532383,-1.0143715330322944,0.8738837358510846,1,0,20,2.0,2.0,2026-03-31,Jordan,Nigeria,home,1687.0,1755.0,True,0.002108822991856706,0.005694942382270289,1687.0
0.6,1.8666666666666667,-1.2666666666666666,0.26666666666666666,15,38.333333333333336,0.6666666666666666,2.1666666666666665,3.0,1.25,1.75,1.25,1.6666666666666667,12.8,2.8,1.4,14.75,6.25,14.75,1.8333333333333333,0.0,245.75,176.5,18.0,1.0,5.75,19.75,22.0,4.75,29.5,28.0,13.75,6.5,,,,,,0.19666666666666668,1.8583333333333334,1.0,2.466666666666667,-1.4666666666666668,0.2,15,30.4,2.5,2.75,7.0,3.3333333333333335,3.7777777777777777,1.5454545454545454,2.4545454545454546,11.272727272727273,8.272727272727273,1.5454545454545454,12.818181818181818,4.818181818181818,18.09090909090909,1.6666666666666667,0.0,219.33333333333334,141.88888888888889,18.666666666666668,1.7777777777777777,10.333333333333334,16.88888888888889,23.77777777777778,8.777777777777779,37.44444444444444,29.88888888888889,11.88888888888889,5.666666666666667,1.4,10.0,45.6,49.8,1.6,0.28600000000000003,2.878,919.0,708.0,211.0,311.0,0.8569591392644484,865.7669216429787,695.647907388576,5.974050902792877,5.755112266395071,0.21893863639780609,1.0380424614262036,1,0,50,0.0,1.0,2026-03-31,Nepal,Laos,home,919.0,708.0,True,0.7343789663688643,0.450492856884562,708.0
0.9333333333333333,1.2,-0.2666666666666666,0.4,15,48.0,1.75,4.25,7.5,4.0,3.5,1.5,3.3333333333333335,13.0,13.666666666666666,2.0,11.333333333333334,2.3333333333333335,17.333333333333332,2.0,0.0,377.3333333333333,311.0,22.0,1.0,12.666666666666666,6.666666666666667,20.333333333333332,10.0,45.0,30.666666666666668,9.333333333333334,4.666666666666667,1.3333333333333333,8.333333333333334,47.0,40.333333333333336,3.3333333333333335,,,1.9333333333333333,1.5333333333333334,0.3999999999999999,0.6333333333333333,15,48.77777777777778,3.888888888888889,4.444444444444445,11.857142857142858,5.0,6.857142857142857,3.5714285714285716,3.5555555555555554,12.666666666666666,20.555555555555557,1.3333333333333333,10.285714285714286,4.0,24.857142857142858,2.5384615384615383,0.0,381.0,286.7142857142857,20.285714285714285,3.5714285714285716,15.428571428571429,9.142857142857142,27.857142857142858,11.428571428571429,46.42857142857143,36.857142857142854,16.857142857142858,7.285714285714286,1.4285714285714286,11.857142857142858,54.857142857142854,53.0,2.142857142857143,,,1390.0,1382.0,8.0,108.0,0.6506046279338725,1400.5520892701343,1452.0173504899208,,,,,1,0,20,1.0,1.0,2026-03-31,Equatorial Guinea,Madagascar,home,1390.0,1382.0,True,0.022681753955100175,0.0009505992699577746,1382.0
0.7333333333333333,1.8666666666666667,-1.1333333333333333,0.2,15,43.77777777777778,1.375,3.625,7.714285714285714,2.3333333333333335,4.666666666666667,1.8571428571428572,2.8,9.11111111111111,3.7777777777777777,0.8888888888888888,12.625,5.857142857142857,18.25,0.9,0.3333333333333333,337.5,266.1666666666667,22.166666666666668,1.3333333333333333,4.166666666666667,13.666666666666666,17.833333333333332,6.833333333333333,29.5,35.666666666666664,5.666666666666667,11.166666666666666,,,,,,0.6699999999999999,2.7037500000000003,0.7333333333333333,2.7333333333333334,-2.0,0.23333333333333334,15,44.1,2.6363636363636362,3.4545454545454546,8.454545454545455,4.6,3.1,2.272727272727273,2.75,7.454545454545454,4.7272727272727275,1.1818181818181819,11.181818181818182,3.727272727272727,21.90909090909091,1.4166666666666667,0.2,385.6,309.0,17.4,1.2,11.6,14.1,19.7,8.0,37.0,33.5,5.6,8.8,0.25,15.5,29.5,43.75,0.75,0.8616666666666668,1.5916666666666668,841.0,680.0,161.0,261.0,0.8179376310581157,838.6773579734149,645.62549204795,5.6020599913279625,5.686636269262293,-0.08457627793433087,0.9851271869819621,1,0,50,2.0,1.0,2026-03-31,Maldives,East Timor,home,841.0,680.0,True,0.033146706184730805,0.09127169195807537,680.0
2.066666666666667,1.3333333333333333,0.7333333333333336,0.6666666666666666,15,53.75,5.666666666666667,5.666666666666667,15.6,8.6,7.0,3.0,3.875,11.714285714285714,4.0,1.5714285714285714,5.0,2.0,21.6,2.0,0.4,511.2,440.4,25.6,7.6,4.6,12.2,14.0,5.6,41.4,40.4,14.2,18.0,,,,,,1.718333333333333,0.7433333333333333,2.0,1.4666666666666666,0.5333333333333334,0.6,15,54.8,5.2,5.5,13.8,9.3,4.5,2.8,5.8,10.4,10.4,2.2,7.1,2.4,18.4,2.2,0.4,446.3,372.1,21.4,3.9,10.2,8.0,14.7,6.7,50.0,42.3,11.9,13.6,2.0,11.666666666666666,57.166666666666664,52.5,2.0,2.1375,0.5,1297.0,1155.0,142.0,242.0,0.8010809398289457,1345.0892122578857,1155.666336837494,6.728759475167874,6.599337132992489,0.12942234217538484,1.019611415444796,1,0,50,1.0,1.0,2026-03-31,Tajikistan,Philippines,home,1297.0,1155.0,True,0.0906497323282812,0.042624484857325215,1155.0
1.0,1.2,-0.19999999999999996,0.5333333333333333,15,45.46666666666667,3.6,5.2,11.666666666666666,7.8,3.8666666666666667,2.8666666666666667,5.0,11.642857142857142,11.133333333333333,1.2307692307692308,6.933333333333334,3.7333333333333334,16.533333333333335,1.9230769230769231,0.26666666666666666,403.6,339.93333333333334,26.933333333333334,5.133333333333334,14.333333333333334,6.533333333333333,23.2,8.2,50.93333333333333,31.333333333333332,13.733333333333333,6.533333333333333,2.0,8.733333333333333,49.4,43.13333333333333,1.5333333333333334,1.3046666666666664,1.628,1.0,1.2666666666666666,-0.2666666666666666,0.5,15,58.92857142857143,3.4285714285714284,4.928571428571429,10.642857142857142,6.0,4.642857142857143,2.2857142857142856,4.071428571428571,10.23076923076923,13.714285714285714,1.4285714285714286,5.428571428571429,2.0,24.142857142857142,1.8571428571428572,0.5714285714285714,481.57142857142856,398.35714285714283,30.714285714285715,2.642857142857143,20.714285714285715,8.571428571428571,21.285714285714285,9.785714285714286,52.92857142857143,40.285714285714285,14.5,6.357142857142857,2.5714285714285716,14.071428571428571,66.92857142857143,49.714285714285715,2.9285714285714284,0.7833333333333333,1.0516666666666665,1813.0,1571.0,242.0,342.0,0.8774725143294195,1771.993542399397,1578.8934120359322,8.165837624690129,7.036628895362161,1.129208729327968,1.1604758110907667,1,0,20,2.0,1.0,2026-03-31,Serbia,Saudi Arabia,home,1813.0,1571.0,True,0.015012984744754303,0.02713824895224577,1571.0
2.6666666666666665,0.6666666666666666,2.0,0.7666666666666667,15,64.8,6.666666666666667,6.333333333333333,16.266666666666666,11.4,4.866666666666666,3.2666666666666666,4.666666666666667,12.285714285714286,10.266666666666667,2.066666666666667,5.2,1.2,21.0,1.5,0.6666666666666666,552.4666666666667,472.8666666666667,23.933333333333334,5.666666666666667,17.933333333333334,6.266666666666667,17.066666666666666,8.133333333333333,49.93333333333333,35.2,13.8,7.2,4.142857142857143,10.666666666666666,69.46666666666667,53.06666666666667,2.3333333333333335,2.4186666666666667,0.7493333333333333,1.5333333333333334,1.0,0.5333333333333334,0.6666666666666666,15,60.53333333333333,4.133333333333334,4.466666666666667,11.666666666666666,7.866666666666666,3.8,3.0,6.333333333333333,10.583333333333334,8.6,1.8571428571428572,4.4,1.8,18.066666666666666,1.1428571428571428,0.6666666666666666,563.8666666666667,493.26666666666665,29.8,4.666666666666667,12.333333333333334,9.4,12.8,5.4,48.266666666666666,28.8,12.466666666666667,6.066666666666666,2.090909090909091,10.0,66.58333333333333,40.916666666666664,2.0,1.3155555555555556,1.2044444444444444,1821.0,1758.0,63.0,163.0,0.718756829898782,1838.6605578134809,1784.6606326197834,8.151676230847048,7.952356477323791,0.19931975352325715,1.0250642377629346,1,0,20,1.0,0.0,2026-03-31,Austria,South Korea,home,1821.0,1758.0,True,0.07909772072858265,0.12542232853939242,1758.0
2.2666666666666666,1.1333333333333333,1.1333333333333333,0.6666666666666666,15,58.23076923076923,5.076923076923077,6.461538461538462,14.0,9.76923076923077,4.230769230769231,2.3076923076923075,5.076923076923077,11.416666666666666,5.384615384615385,2.6923076923076925,7.461538461538462,2.230769230769231,21.384615384615383,1.6923076923076923,0.46153846153846156,499.6923076923077,428.0,29.692307692307693,5.769230769230769,10.384615384615385,8.153846153846153,14.384615384615385,8.615384615384615,45.23076923076923,31.307692307692307,16.53846153846154,9.0,2.2857142857142856,9.875,62.875,51.625,1.25,1.56125,0.8500000000000001,1.1333333333333333,1.7333333333333334,-0.6000000000000001,0.36666666666666664,15,43.714285714285715,5.333333333333333,5.333333333333333,13.6,7.4,6.2,1.8333333333333333,4.285714285714286,11.142857142857142,4.142857142857143,0.8571428571428571,7.0,1.8,24.166666666666668,1.8571428571428572,0.3333333333333333,406.8,335.2,30.2,3.8,3.6,16.6,12.4,3.6,38.6,38.0,18.4,14.0,,,,,,1.29,0.9119999999999999,1368.0,1217.0,151.0,251.0,0.809207997485838,1375.558833340126,1182.2807156410506,6.724275869600789,6.166430113843282,0.5578457557575067,1.0904649441343988,1,0,50,2.0,1.0,2026-03-31,Thailand,Turkmenistan,home,1368.0,1217.0,True,0.03640158822336398,0.052360178860767236,1217.0
2.6,0.9333333333333333,1.6666666666666667,0.8,15,57.07692307692308,4.214285714285714,4.214285714285714,11.0,8.571428571428571,2.4285714285714284,2.5714285714285716,5.461538461538462,17.333333333333332,13.0,2.6923076923076925,6.384615384615385,1.7692307692307692,16.076923076923077,1.8461538461538463,0.21428571428571427,501.46153846153845,434.61538461538464,25.76923076923077,3.4615384615384617,14.692307692307692,9.23076923076923,20.23076923076923,7.6923076923076925,48.61538461538461,34.53846153846154,13.0,7.538461538461538,3.25,8.846153846153847,54.15384615384615,50.0,3.4615384615384617,1.5,1.33,0.9333333333333333,0.9333333333333333,0.0,0.5333333333333333,15,53.4,2.8,4.066666666666666,9.733333333333333,5.8,3.933333333333333,2.8666666666666667,4.5,10.846153846153847,11.933333333333334,1.1818181818181819,7.6,2.933333333333333,16.8,2.0,0.2,441.73333333333335,371.8666666666667,26.666666666666668,3.6,16.933333333333334,8.0,20.2,7.866666666666666,49.46666666666667,35.0,11.066666666666666,6.466666666666667,0.8571428571428571,11.666666666666666,50.86666666666667,47.86666666666667,1.8,0.884,1.0319999999999998,1739.0,1896.0,-157.0,-57.0,0.41869852163108506,1726.1370633057832,1936.8613022303257,8.154758619154176,8.400365273349939,-0.24560665419576289,0.9707623839912121,1,0,20,0.0,0.0,2026-03-31,Algeria,Uruguay,home,1739.0,1896.0,True,0.0066099303849711435,0.0048121569518402955,1739.0
1.0,0.9333333333333333,0.06666666666666665,0.5,15,54.0,2.2,4.8,8.6,4.6,4.0,1.6,5.0,11.25,13.5,1.0,9.25,2.5,25.5,1.3,0.4,425.0,332.75,26.5,4.0,15.75,11.25,23.5,11.0,51.75,33.25,18.5,4.5,0.5,10.0,68.75,45.25,1.5,,,0.8,1.3333333333333333,-0.5333333333333332,0.43333333333333335,15,43.375,2.125,4.625,8.0,4.625,3.375,1.25,3.25,15.375,14.75,1.4285714285714286,6.5,2.125,19.5,3.076923076923077,0.125,379.0,300.5,26.0,2.875,15.125,9.125,21.875,8.0,48.75,33.75,16.0,5.25,1.5,10.375,51.5,49.75,2.125,0.5266666666666667,0.7066666666666667,1481.0,1417.0,64.0,164.0,0.7199190059471519,1481.3533756808815,1410.5017031973641,7.718875204140633,7.011020355516257,0.7078548486243763,1.100963171226202,1,0,20,0.0,1.0,2026-03-31,Guinea,Benin,home,1481.0,1417.0,True,0.5182833751239353,0.5180023853558247,1417.0
0.8,0.6666666666666666,0.13333333333333341,0.4666666666666667,15,44.5,1.5,4.166666666666667,8.333333333333334,3.6666666666666665,4.666666666666667,2.3333333333333335,3.6666666666666665,17.0,11.5,0.8333333333333334,15.0,4.333333333333333,16.333333333333332,2.0,0.6666666666666666,318.3333333333333,238.0,25.0,2.0,23.0,11.666666666666666,20.333333333333332,7.0,45.666666666666664,34.666666666666664,10.0,2.6666666666666665,2.0,13.666666666666666,53.0,52.666666666666664,1.3333333333333333,0.5133333333333333,1.0566666666666666,0.8,1.8666666666666667,-1.0666666666666667,0.23333333333333334,15,39.125,2.125,3.375,7.333333333333333,3.8333333333333335,3.5,1.3333333333333333,2.875,12.25,14.375,2.125,12.5,5.333333333333333,15.0,2.0,0.5,331.0,257.1666666666667,27.0,3.8333333333333335,15.166666666666666,6.166666666666667,25.833333333333332,8.5,50.166666666666664,32.166666666666664,13.5,3.3333333333333335,0.5,9.166666666666666,44.333333333333336,40.5,3.1666666666666665,0.8300000000000001,1.935,1252.0,1256.0,-4.0,96.0,0.6347433350523167,1322.0198514620638,1286.9032308698725,5.588831725594207,4.973127853599698,0.6157038719945085,1.1238061618602553,1,0,20,0.0,1.0,2026-03-31,Malawi,Botswana,home,1252.0,1256.0,True,0.4028991013933376,0.32035650505206215,1252.0
2.0,1.0,1.0,0.6333333333333333,15,50.25,4.125,6.125,13.875,8.125,5.75,3.625,4.875,16.5,15.0,1.7142857142857142,7.875,2.25,21.875,1.8333333333333333,0.375,369.375,288.875,27.75,3.875,14.625,7.875,14.25,6.125,51.75,36.375,21.25,7.875,2.75,9.125,64.125,46.5,2.25,,,0.6,1.7333333333333334,-1.1333333333333333,0.16666666666666666,15,52.714285714285715,3.142857142857143,5.714285714285714,12.0,6.4,5.6,3.0,3.0,13.714285714285714,12.142857142857142,0.8571428571428571,7.2,3.2,20.666666666666668,1.4166666666666667,0.0,382.0,312.2,27.6,6.4,16.4,7.6,14.8,11.4,50.0,37.6,10.8,8.0,2.0,11.2,61.6,46.2,2.2,1.2879999999999998,1.212,1538.0,1240.0,298.0,398.0,0.908134935731807,1520.9964794076027,1250.923129007891,7.967524576101294,6.9374175814771375,1.0301069946241563,1.1484856551484715,1,0,20,1.0,1.0,2026-03-31,Burkina Faso,Guinea-Bissau,home,1538.0,1240.0,True,0.16657412576480626,0.12694821641973356,1240.0
0.7333333333333333,1.1333333333333333,-0.4,0.26666666666666666,15,45.4,2.4,4.4,9.5,3.75,5.75,2.75,4.2,12.0,13.8,1.2,7.75,3.25,14.0,1.6363636363636365,0.25,334.5,262.0,16.5,1.5,14.75,7.25,22.75,8.25,46.25,35.25,12.5,5.0,0.6666666666666666,10.5,41.0,48.25,2.75,0.59,1.7574999999999998,0.7333333333333333,2.3333333333333335,-1.6,0.13333333333333333,15,32.0,0.0,3.0,4.0,1.0,3.0,1.0,3.0,7.0,12.0,0.0,4.0,7.0,14.0,2.0,0.0,291.0,246.0,37.0,1.0,16.0,11.0,21.0,13.0,40.0,32.0,4.0,5.0,0.0,10.0,32.0,33.0,0.0,0.2,4.22,1274.0,1085.0,189.0,289.0,0.840723042661615,1298.0808282890503,1075.9301526719387,,,,,1,0,50,4.0,0.0,2026-03-31,Burundi,Chad,home,1274.0,1085.0,True,0.02536914913897371,0.07672705926208662,1085.0
0.9333333333333333,1.7333333333333334,-0.8,0.3333333333333333,15,42.416666666666664,3.0833333333333335,4.833333333333333,11.666666666666666,6.166666666666667,5.5,3.75,4.333333333333333,12.909090909090908,8.583333333333334,1.4444444444444444,7.5,4.583333333333333,18.416666666666668,2.25,0.5833333333333334,364.9166666666667,296.25,31.166666666666668,2.9166666666666665,17.75,9.833333333333334,26.333333333333332,10.25,46.0,33.916666666666664,10.666666666666666,7.833333333333333,1.0833333333333333,10.666666666666666,45.583333333333336,49.083333333333336,0.9166666666666666,1.0050000000000001,1.8758333333333335,1.6,1.8,-0.19999999999999996,0.4,15,42.285714285714285,1.8571428571428572,3.7142857142857144,7.5,3.3333333333333335,4.166666666666667,1.8333333333333333,3.2857142857142856,14.142857142857142,14.714285714285714,2.4285714285714284,10.166666666666666,2.6,18.166666666666668,1.9090909090909092,0.0,389.0,314.6666666666667,24.833333333333332,1.1666666666666667,13.5,11.333333333333334,29.5,8.0,46.166666666666664,32.666666666666664,11.333333333333334,6.333333333333333,1.1666666666666667,8.666666666666666,49.833333333333336,49.833333333333336,1.1666666666666667,,,1421.0,1371.0,50.0,50.0,0.5714631174083814,1450.403008856271,1397.6256532386196,6.986995539724382,6.441223674242613,0.5457718654817691,1.0847310841982123,0,1,30,1.0,0.0,2026-03-31,Kazakhstan,Comoros,neutral,1421.0,1371.0,True,0.1836438597413427,0.1832872538816237,1371.0
1.8666666666666667,0.8666666666666667,1.0,0.7666666666666667,15,41.25,3.625,6.375,12.625,7.625,5.0,2.625,4.125,17.0,12.75,2.0,9.625,2.75,18.125,1.3333333333333333,0.0,332.125,262.625,25.875,4.25,15.25,8.125,24.25,7.375,48.625,31.25,13.875,5.0,2.4285714285714284,9.125,58.625,44.625,2.5,,,2.0,1.1333333333333333,0.8666666666666667,0.6666666666666666,15,54.0,5.090909090909091,6.363636363636363,15.090909090909092,9.636363636363637,5.454545454545454,3.6363636363636362,4.818181818181818,11.9,10.545454545454545,1.5555555555555556,5.545454545454546,2.4545454545454546,23.0,1.9,0.8181818181818182,393.72727272727275,324.6363636363636,23.545454545454547,5.090909090909091,17.09090909090909,6.363636363636363,18.636363636363637,8.181818181818182,53.54545454545455,35.63636363636363,14.0,8.636363636363637,3.090909090909091,10.272727272727273,58.63636363636363,45.54545454545455,2.7,1.2,1.135,1640.0,1550.0,90.0,190.0,0.7490830628775357,1681.1329006236335,1539.9791462300655,7.989316304989951,7.45117215751254,0.5381441474774116,1.0722227504748814,1,0,40,1.0,0.0,2026-03-31,DR Congo,Jamaica,home,1640.0,1550.0,True,0.06295930933491871,0.06236462797074942,1550.0
0.2,2.6666666666666665,-2.4666666666666663,0.16666666666666666,15,34.44444444444444,1.4,2.7,5.4,3.0,2.625,1.4444444444444444,2.9,11.1,5.4,1.7,12.0,2.9,20.8,1.8181818181818181,0.0,230.75,166.0,17.625,2.375,7.375,14.75,19.875,7.875,34.625,32.0,13.875,9.125,0.5,8.0,34.0,53.0,1.0,0.6516666666666667,2.4,1.1333333333333333,2.2666666666666666,-1.1333333333333333,0.4,15,46.77777777777778,3.7777777777777777,5.111111111111111,11.777777777777779,6.0,5.777777777777778,3.0,2.111111111111111,12.777777777777779,6.111111111111111,1.875,12.222222222222221,3.888888888888889,22.22222222222222,1.7777777777777777,0.2222222222222222,332.6666666666667,257.6666666666667,24.666666666666668,3.3333333333333335,10.777777777777779,10.0,16.22222222222222,8.555555555555555,40.888888888888886,32.0,11.555555555555555,7.111111111111111,1.8,12.2,54.8,49.2,1.4,1.185,1.2675,830.0,1228.0,-398.0,-298.0,0.15246127600415,786.5851416548763,968.7436901838729,5.54282542695918,6.254064452914338,-0.711239025955158,0.8862757121692715,1,0,50,1.0,2.0,2026-03-31,Pakistan,Myanmar,home,830.0,1228.0,True,0.0232444406808136,0.021036696461386197,830.0
1.1333333333333333,0.6666666666666666,0.4666666666666667,0.6666666666666666,15,57.53333333333333,4.266666666666667,4.466666666666667,11.933333333333334,6.733333333333333,5.2,3.2666666666666666,4.571428571428571,13.25,13.133333333333333,1.5714285714285714,6.2,1.8666666666666667,19.8,2.1333333333333333,0.2,493.1333333333333,424.53333333333336,23.533333333333335,4.4,17.866666666666667,7.933333333333334,16.866666666666667,8.6,52.666666666666664,35.333333333333336,11.466666666666667,4.8,2.642857142857143,11.733333333333333,49.0,39.53333333333333,2.3333333333333335,1.2073333333333334,0.7520000000000001,2.7333333333333334,1.2,1.5333333333333334,0.6,15,62.8,6.8,6.266666666666667,18.733333333333334,12.6,6.133333333333334,5.666666666666667,9.066666666666666,10.0,10.2,1.5714285714285714,4.666666666666667,2.0,19.0,1.4666666666666666,0.4,549.4,483.0,26.133333333333333,5.866666666666666,12.933333333333334,5.466666666666667,15.533333333333333,9.066666666666666,52.666666666666664,33.06666666666667,10.866666666666667,10.266666666666667,3.2666666666666666,7.733333333333333,65.93333333333334,45.53333333333333,3.6666666666666665,2.4133333333333336,0.9566666666666668,1858.0,1866.0,-8.0,92.0,0.6293885472175023,1822.0839368983295,1882.275232048786,7.8819549713396,8.318272080211626,-0.4363171088720259,0.9475471462504836,1,0,20,1.0,1.0,2026-04-01,Mexico,Belgium,home,1858.0,1866.0,True,0.016741396151055812,0.015193668346237714,1858.0
2.066666666666667,0.6,1.4666666666666668,0.7333333333333333,15,64.6,5.0,4.6,12.2,7.733333333333333,4.466666666666667,2.6,4.266666666666667,11.307692307692308,13.066666666666666,2.230769230769231,4.533333333333333,2.0714285714285716,14.666666666666666,1.4285714285714286,0.26666666666666666,625.2,562.0666666666667,25.333333333333332,2.6,15.4,8.933333333333334,12.333333333333334,7.2,52.666666666666664,33.93333333333333,7.733333333333333,6.266666666666667,3.0,10.066666666666666,62.06666666666667,44.13333333333333,2.6666666666666665,2.0475,0.7325,0.6666666666666666,1.8,-1.1333333333333333,0.16666666666666666,15,47.90909090909091,2.1818181818181817,3.6363636363636362,7.888888888888889,4.444444444444445,3.4444444444444446,1.6666666666666667,3.727272727272727,15.2,13.636363636363637,2.2,11.555555555555555,3.75,17.77777777777778,2.1538461538461537,0.1111111111111111,368.0,299.0,23.77777777777778,3.111111111111111,11.555555555555555,8.444444444444445,22.88888888888889,8.88888888888889,46.666666666666664,31.11111111111111,10.666666666666666,7.222222222222222,1.1111111111111112,7.333333333333333,51.44444444444444,44.888888888888886,2.0,0.24,0.96,2113.0,1370.0,743.0,843.0,0.9922531970921242,2174.0478086780413,1409.8700813112105,8.586024382386976,6.809761665107125,1.7762627172798506,1.2608406585477625,1,0,20,5.0,0.0,2026-04-01,Argentina,Zambia,home,2113.0,1370.0,True,6.001295529347251e-05,0.002461470910811353,1370.0
2.1333333333333333,1.7333333333333334,0.3999999999999999,0.6333333333333333,15,57.333333333333336,5.266666666666667,4.066666666666666,12.6,8.933333333333334,3.6666666666666665,3.2666666666666666,4.933333333333334,9.538461538461538,10.333333333333334,1.8571428571428572,5.4,2.8666666666666667,16.933333333333334,1.6666666666666667,0.5333333333333333,523.9333333333333,455.46666666666664,22.333333333333332,3.466666666666667,14.866666666666667,7.4,18.933333333333334,8.933333333333334,49.86666666666667,31.0,11.666666666666666,6.266666666666667,3.0,9.466666666666667,55.266666666666666,42.4,1.8,1.8153333333333335,1.238,2.8666666666666667,1.2666666666666666,1.6,0.7333333333333333,15,63.266666666666666,6.2,7.533333333333333,18.2,12.266666666666667,5.933333333333334,4.466666666666667,6.066666666666666,11.076923076923077,10.266666666666667,2.533333333333333,4.933333333333334,2.8666666666666667,17.133333333333333,1.9333333333333333,0.8,629.1333333333333,569.0,22.666666666666668,5.866666666666666,13.666666666666666,6.466666666666667,15.866666666666667,5.666666666666667,51.333333333333336,31.133333333333333,11.0,7.8,3.8666666666666667,8.266666666666667,63.666666666666664,44.93333333333333,2.7333333333333334,2.534666666666667,1.2366666666666666,1721.0,1984.0,-263.0,-163.0,0.2812431701012181,1756.8166434834502,2025.7962307270498,8.323664535608101,8.597804842404292,-0.27414030679619117,0.9681150814863657,1,0,20,0.0,2.0,2026-04-01,USA,Portugal,home,1721.0,1984.0,True,0.07909772072858269,0.09784510200914981,1721.0
1.0666666666666667,1.0666666666666667,0.0,0.5666666666666667,15,47.92307692307692,3.230769230769231,3.6923076923076925,10.0,5.923076923076923,4.076923076923077,3.076923076923077,5.0,9.846153846153847,11.384615384615385,1.4166666666666667,7.769230769230769,2.230769230769231,22.23076923076923,1.6153846153846154,0.07692307692307693,354.46153846153845,275.9230769230769,25.923076923076923,4.230769230769231,14.307692307692308,7.384615384615385,23.53846153846154,7.846153846153846,48.53846153846154,33.84615384615385,17.307692307692307,7.0,1.5,11.333333333333334,56.583333333333336,43.416666666666664,1.75,0.73,1.41,0.7333333333333333,1.4,-0.6666666666666666,0.4,15,49.75,4.333333333333333,5.166666666666667,14.75,5.833333333333333,8.916666666666666,5.25,4.75,12.625,12.666666666666666,1.4545454545454546,5.916666666666667,2.8333333333333335,19.583333333333332,1.3636363636363635,0.3333333333333333,363.3333333333333,305.3333333333333,20.083333333333332,3.25,14.416666666666666,7.333333333333333,18.25,9.916666666666666,49.083333333333336,35.166666666666664,7.666666666666667,8.5,1.0833333333333333,9.666666666666666,40.416666666666664,42.833333333333336,2.1666666666666665,0.7466666666666666,1.67,1607.0,1645.0,-38.0,62.0,0.5882899718631628,1599.923895961481,1677.1962563787117,6.935003151453655,7.105680462945809,-0.17067731149215426,0.9759801594819539,1,0,40,2.0,1.0,2026-04-01,Iraq,Bolivia,home,1607.0,1645.0,True,0.1695051472684353,0.28332862047484353,1607.0
2.2666666666666666,1.2666666666666666,1.0,0.6666666666666666,15,47.266666666666666,4.2,4.2,10.933333333333334,7.133333333333334,3.8,2.533333333333333,5.266666666666667,14.363636363636363,16.0,2.066666666666667,4.666666666666667,1.7333333333333334,20.466666666666665,2.357142857142857,0.26666666666666666,345.4,274.3333333333333,18.0,3.4,20.4,8.933333333333334,16.2,8.933333333333334,53.0,41.4,10.466666666666667,5.6,2.857142857142857,13.2,56.0,43.53333333333333,4.0,1.589230769230769,1.0215384615384615,2.066666666666667,1.3333333333333333,0.7333333333333336,0.6,15,56.083333333333336,4.5,5.25,12.416666666666666,8.25,4.166666666666667,2.6666666666666665,5.923076923076923,16.555555555555557,12.76923076923077,2.3846153846153846,6.583333333333333,1.9166666666666667,20.5,1.5384615384615385,0.16666666666666666,447.8333333333333,377.5,25.5,6.25,13.833333333333334,6.833333333333333,18.5,8.666666666666666,46.833333333333336,33.5,13.166666666666666,7.75,2.4166666666666665,8.583333333333334,55.583333333333336,46.416666666666664,3.0,0.58,2.69,1784.0,1636.0,148.0,248.0,0.8065275228171078,1771.8274877904355,1610.8147788520448,7.919731658311161,7.462996612028056,0.4567350462831046,1.0611999535879446,1,0,20,0.0,0.0,2026-04-01,Canada,Tunisia,home,1784.0,1636.0,True,0.09395912224439255,0.07058310355819053,1636.0
2.6666666666666665,1.2,1.4666666666666666,0.7666666666666667,15,58.13333333333333,6.733333333333333,6.2,17.666666666666668,12.666666666666666,4.933333333333334,4.733333333333333,6.6,10.866666666666667,10.333333333333334,2.066666666666667,6.866666666666666,2.6666666666666665,16.933333333333334,1.7142857142857142,0.6666666666666666,521.1333333333333,455.2,27.8,5.133333333333334,14.933333333333334,8.466666666666667,20.333333333333332,8.8,51.666666666666664,33.13333333333333,13.866666666666667,8.6,4.0,9.4,56.2,47.86666666666667,2.0714285714285716,2.1293333333333333,1.033333333333333,1.7333333333333334,1.0,0.7333333333333334,0.6,15,60.0,4.466666666666667,4.866666666666666,13.6,8.466666666666667,5.133333333333334,4.266666666666667,5.066666666666666,12.25,14.0,1.3076923076923077,5.133333333333334,2.066666666666667,17.066666666666666,2.0714285714285716,0.4666666666666667,509.6,449.06666666666666,20.733333333333334,3.2666666666666666,16.133333333333333,6.066666666666666,14.6,6.333333333333333,53.06666666666667,37.733333333333334,10.0,8.066666666666666,2.4285714285714284,9.866666666666667,53.46666666666667,42.666666666666664,3.2,1.816,0.916,1930.0,1984.0,-54.0,46.0,0.5658152030692333,1969.540244927387,1953.2896627099988,8.255031158517374,8.629715332647132,-0.37468417412975796,0.9565820934194332,1,0,20,1.0,3.0,2026-04-01,Croatia,Brazil,home,1930.0,1984.0,True,0.3201468440242777,0.17977326916848566,1930.0
